cliente_id,ciudad,departamento,fecha_registro,canal_adquisicion
1,Bogotá,Cundinamarca,2024-02-02,redes_sociales
2,Medellín,Antioquia,2024-04-22,publicidad_pago
3,Bogotá,Cundinamarca,2023-03-20,publicidad_pago
4,Bogotá,Cundinamarca,2023-05-15,redes_sociales
5,Barranquilla,Atlántico,2023-01-21,redes_sociales
6,MEDELLÍN,Antioquia,2023-09-25,redes_sociales
7,CÚCUTA,Norte de Santander,2023-09-28,redes_sociales
8,Medellín,Antioquia,2023-01-17,redes_sociales
9,Bucaramanga,Santander,2023-12-28,publicidad_pago
10,Cali,Valle del Cauca,2023-01-05,redes_sociales
11,Barranquilla,Atlántico,2024-03-09,redes_sociales
12,Barranquilla,Atlántico,2024-01-21,redes_sociales
13,Cali,Valle del Cauca,2024-03-21,referido
14,Neiva,Huila,2023-03-06,orgánico
15,Medellín,Antioquia,2024-04-21,orgánico
16,Bogotá,Cundinamarca,2023-10-27,orgánico
17,Cartagena,Bolívar,2024-04-17,publicidad_pago
18,Pereira,Risaralda,2024-01-16,redes_sociales
19,Bogotá,Cundinamarca,2023-12-26,redes_sociales
20,Medellín,Antioquia,2023-01-18,orgánico
21, Manizales ,Caldas,2024-01-14,publicidad_pago
22,Bucaramanga,Santander,2023-09-03,redes_sociales
23,Santa Marta,Magdalena,2024-04-09,redes_sociales
24,Cali,Valle del Cauca,2024-01-10,orgánico
25,Barranquilla,Atlántico,2023-02-10,orgánico
26,Medellín,Antioquia,2024-05-01,orgánico
27,Cúcuta,Norte de Santander,2023-02-04,redes_sociales
28,Medellín,Antioquia,2023-06-13,redes_sociales
29,Bucaramanga,Santander,2023-04-29,orgánico
30,Medellín,Antioquia,2024-06-16,orgánico
31,Cali,Valle del Cauca,2023-03-25,orgánico
32,CARTAGENA,Bolívar,2024-04-06,redes_sociales
33,Cali,Valle del Cauca,2023-05-02,orgánico
34,MANIZALES,Caldas,2023-12-22,orgánico
35,Medellín,Antioquia,2023-02-19,orgánico
36,Barranquilla,Atlántico,2023-08-03,publicidad_pago
37,Medellín,Antioquia,2023-12-07,referido
38,Medellín,Antioquia,2024-01-24,redes_sociales
39,Medellín,Antioquia,2024-04-22,orgánico
40,Bogotá,Cundinamarca,2024-03-22,referido
41,Bogotá,Cundinamarca,2023-10-11,referido
42,Cartagena,Bolívar,2023-06-15,redes_sociales
43,Barranquilla,Atlántico,2023-05-23,orgánico
44,Cartagena,Bolívar,2024-06-27,publicidad_pago
45,BOGOTÁ,Cundinamarca,2023-11-29,referido
46,Medellín,Antioquia,2024-05-12,publicidad_pago
47,Bogotá,Cundinamarca,2023-08-26,redes_sociales
48,Bucaramanga,Santander,2023-09-23,redes_sociales
49,Pereira,Risaralda,2024-03-27,referido
50,Bogotá,Cundinamarca,2024-01-31,orgánico
51,CARTAGENA,Bolívar,2023-04-20,orgánico
52,Bogotá,Cundinamarca,2023-10-14,publicidad_pago
53,Bogotá,Cundinamarca,2023-04-27,orgánico
54,Bogotá,Cundinamarca,2024-02-21,redes_sociales
55,Medellín,Antioquia,2023-01-17,orgánico
56,Cartagena,Bolívar,2024-03-28,orgánico
57,Manizales,Caldas,2024-05-23,orgánico
58,Bogotá,Cundinamarca,2023-01-13,redes_sociales
59,Cali,Valle del Cauca,2023-12-11,redes_sociales
60,Cartagena,Bolívar,2023-02-13,redes_sociales
61,Neiva,Huila,2023-07-17,orgánico
62,Barranquilla,Atlántico,2023-07-04,referido
63,Bogotá,Cundinamarca,2023-10-12,redes_sociales
64,Barranquilla,Atlántico,2024-05-16,referido
65,Medellín,Antioquia,2023-09-10,redes_sociales
66,Neiva,Huila,2023-08-06,orgánico
67,Medellín,Antioquia,2023-02-20,publicidad_pago
68,Cartagena,Bolívar,2024-04-30,publicidad_pago
69,BOGOTÁ,Cundinamarca,2023-06-22,orgánico
70,Medellín,Antioquia,2023-09-10,redes_sociales
71,Pereira,Risaralda,2023-02-20,publicidad_pago
72,Barranquilla,Atlántico,2023-06-08,orgánico
73,Medellín,Antioquia,2023-10-30,redes_sociales
74,Cúcuta,Norte de Santander,2024-05-07,orgánico
75,Pereira,Risaralda,2023-06-29,orgánico
76,Medellín,Antioquia,2023-11-03,publicidad_pago
77,Cali,Valle del Cauca,2024-04-23,redes_sociales
78,Cali,Valle del Cauca,2023-07-17,publicidad_pago
79,Barranquilla,Atlántico,2023-06-11,publicidad_pago
80,Medellín,Antioquia,2023-01-25,referido
81,Bogotá,Cundinamarca,2024-05-11,redes_sociales
82,Manizales,Caldas,2023-03-02,redes_sociales
83,Cúcuta,Norte de Santander,2023-04-28,orgánico
84,Pereira,Risaralda,2023-03-18,redes_sociales
85,Neiva,Huila,2024-01-23,redes_sociales
86,Bucaramanga,Santander,2023-07-19,publicidad_pago
87,BUCARAMANGA,Santander,2024-01-21,redes_sociales
88,,Santander,2023-11-29,orgánico
89,Cali,Valle del Cauca,2023-01-09,publicidad_pago
90,Medellín,Antioquia,2023-06-18,publicidad_pago
91,Bogotá,Cundinamarca,2023-01-03,redes_sociales
92,Barranquilla,Atlántico,2023-02-05,publicidad_pago
93,Medellín,Antioquia,2023-09-16,redes_sociales
94,Bogotá,Cundinamarca,2023-05-25,publicidad_pago
95,Barranquilla,Atlántico,2023-02-18,redes_sociales
96,Medellín,Antioquia,2023-08-12,redes_sociales
97,Bogotá,Cundinamarca,2023-09-05,orgánico
98,Ibagué,Tolima,2024-06-26,orgánico
99,Pereira,Risaralda,2023-12-28,publicidad_pago
100,Bogotá,Cundinamarca,2023-08-03,redes_sociales
101,Bogotá,Cundinamarca,2023-09-16,orgánico
102,Medellín,Antioquia,2023-02-18,orgánico
103, Ibagué ,Tolima,2023-07-31,redes_sociales
104,Pereira,Risaralda,2023-11-14,publicidad_pago
105,Bogotá,Cundinamarca,2023-01-12,redes_sociales
106,Bucaramanga,Santander,2024-05-18,publicidad_pago
107,Bogotá,Cundinamarca,2023-10-09,publicidad_pago
108,Medellín,Antioquia,2024-03-06,orgánico
109,Santa Marta,Magdalena,2023-05-31,publicidad_pago
110,Bogotá,Cundinamarca,2024-04-02,orgánico
111,Bogotá,Cundinamarca,2023-07-20,redes_sociales
112,Medellín,Antioquia,2024-05-22,orgánico
113,Barranquilla,Atlántico,2023-10-13,orgánico
114,Cúcuta,Norte de Santander,2023-12-15,orgánico
115,Santa Marta,Magdalena,2023-04-22,orgánico
116,Bogotá,Cundinamarca,2024-06-28,publicidad_pago
117,Bogotá,Cundinamarca,2023-04-16,redes_sociales
118,Ibagué,Tolima,2023-01-19,referido
119,Bogotá,Cundinamarca,2023-08-29,redes_sociales
120,Manizales,Caldas,2024-04-01,redes_sociales
121,CARTAGENA,Bolívar,2024-05-18,orgánico
122,Bogotá,Cundinamarca,2024-04-13,redes_sociales
123, Pereira ,Risaralda,2023-10-30,redes_sociales
124,Bogotá,Cundinamarca,2024-05-16,referido
125,Medellín,Antioquia,2023-09-27,referido
126,Cali,Valle del Cauca,2023-09-19,orgánico
127,Cali,Valle del Cauca,2023-04-09,redes_sociales
128,Cartagena,Bolívar,2024-03-06,redes_sociales
129,Barranquilla,Atlántico,2023-06-22,redes_sociales
130,Santa Marta,Magdalena,2023-04-17,orgánico
131,Santa Marta,Magdalena,2023-07-22,publicidad_pago
132,Cali,Valle del Cauca,2023-11-26,publicidad_pago
133,Bogotá,Cundinamarca,2023-05-28,orgánico
134,Bucaramanga,Santander,2023-07-16,redes_sociales
135,Neiva,Huila,2023-06-30,orgánico
136,Medellín,Antioquia,2023-11-23,referido
137,Cali,Valle del Cauca,2024-01-26,orgánico
138,Medellín,Antioquia,2024-01-05,orgánico
139,Bogotá,Cundinamarca,2023-03-19,orgánico
140,Cartagena,Bolívar,2023-07-09,publicidad_pago
141,Medellín,Antioquia,2023-12-21,publicidad_pago
142,Ibagué,Tolima,2023-04-29,orgánico
143,Pereira,Risaralda,2023-02-08,orgánico
144,Ibagué,Tolima,2023-06-25,publicidad_pago
145,Medellín,Antioquia,2024-01-07,redes_sociales
146,Medellín,Antioquia,2023-12-30,orgánico
147,Bucaramanga,Santander,2023-03-12,referido
148,IBAGUÉ,Tolima,2024-01-06,orgánico
149,Cali,Valle del Cauca,2023-04-17,redes_sociales
150,Manizales,Caldas,2024-02-10,orgánico
151,Bogotá,Cundinamarca,2023-11-06,publicidad_pago
152,Pereira,Risaralda,2023-03-11,publicidad_pago
153,Bogotá,Cundinamarca,2023-07-11,redes_sociales
154,Bogotá,Cundinamarca,2024-03-23,publicidad_pago
155,Cali,Valle del Cauca,2023-08-25,referido
156,Bogotá,Cundinamarca,2024-01-12,publicidad_pago
157,BOGOTÁ,Cundinamarca,2024-02-14,redes_sociales
158,Bogotá,Cundinamarca,2023-01-17,redes_sociales
159,Medellín,Antioquia,2024-05-24,publicidad_pago
160,Bucaramanga,Santander,2023-07-03,orgánico
161,Bogotá,Cundinamarca,2024-03-09,orgánico
162,Barranquilla,Atlántico,2023-09-13,orgánico
163,Ibagué,Tolima,2023-11-12,publicidad_pago
164,Bogotá,Cundinamarca,2023-07-17,orgánico
165,Bogotá,Cundinamarca,2024-04-11,orgánico
166,Pereira,Risaralda,2023-03-06,redes_sociales
167,Ibagué,Tolima,2024-05-05,orgánico
168,Cali,Valle del Cauca,2023-04-24,orgánico
169,Ibagué,Tolima,2024-04-28,redes_sociales
170,Bogotá,Cundinamarca,2023-01-14,orgánico
171,Medellín,Antioquia,2023-01-08,referido
172, Bucaramanga ,Santander,2023-02-20,orgánico
173,Bogotá,Cundinamarca,2023-10-27,publicidad_pago
174,Bucaramanga,Santander,2023-05-26,redes_sociales
175,Cali,Valle del Cauca,2023-11-24,orgánico
176,Bucaramanga,Santander,2024-03-24,orgánico
177,Cali,Valle del Cauca,2023-01-15,redes_sociales
178,Medellín,Antioquia,2023-10-16,redes_sociales
179,Bogotá,Cundinamarca,2024-02-09,orgánico
180,Bogotá,Cundinamarca,2023-08-21,referido
181,Bucaramanga,Santander,2024-05-21,redes_sociales
182,Bogotá,Cundinamarca,2023-12-29,referido
183,Bogotá,Cundinamarca,2023-01-19,orgánico
184,Bogotá,Cundinamarca,2023-10-24,orgánico
185,BOGOTÁ,Cundinamarca,2023-07-30,redes_sociales
186,Ibagué,Tolima,2023-03-13,orgánico
187,Medellín,Antioquia,2024-06-03,orgánico
188,Santa Marta,Magdalena,2023-05-02,orgánico
189,BOGOTÁ,Cundinamarca,2023-02-15,orgánico
190,Barranquilla,Atlántico,2023-05-02,publicidad_pago
191,Medellín,Antioquia,2024-03-26,orgánico
192,Medellín,Antioquia,2023-11-25,referido
193,Pereira,Risaralda,2024-03-24,orgánico
194,Neiva,Huila,2023-09-10,redes_sociales
195,Pereira,Risaralda,2023-03-05,redes_sociales
196,Bogotá,Cundinamarca,2023-08-01,redes_sociales
197,BOGOTÁ,Cundinamarca,2023-04-20,publicidad_pago
198,Barranquilla,Atlántico,2023-11-01,publicidad_pago
199, Medellín ,Antioquia,2023-05-28,orgánico
200,Bucaramanga,Santander,2024-06-14,redes_sociales
201,Cali,Valle del Cauca,2023-07-26,publicidad_pago
202,Cali,Valle del Cauca,2023-06-21,orgánico
203,Ibagué,Tolima,2024-06-22,redes_sociales
204,Cartagena,Bolívar,2023-10-12,orgánico
205,Bogotá,Cundinamarca,2023-04-04,redes_sociales
206,Bogotá,Cundinamarca,2023-09-20,redes_sociales
207,Barranquilla,Atlántico,2023-05-20,redes_sociales
208,Cali,Valle del Cauca,2024-01-28,publicidad_pago
209,Bogotá,Cundinamarca,2023-11-10,redes_sociales
210,Medellín,Antioquia,2024-02-04,referido
211,Bucaramanga,Santander,2024-05-29,publicidad_pago
212,Ibagué,Tolima,2024-02-03,redes_sociales
213,Cali,Valle del Cauca,2023-07-06,redes_sociales
214,Medellín,Antioquia,2023-04-21,redes_sociales
215,Bogotá,Cundinamarca,2023-10-17,publicidad_pago
216,Cali,Valle del Cauca,2023-09-03,orgánico
217,Medellín,Antioquia,2023-06-21,referido
218,Cali,Valle del Cauca,2024-03-19,redes_sociales
219, Cartagena ,Bolívar,2024-05-12,redes_sociales
220,Bogotá,Cundinamarca,2023-07-28,redes_sociales
221,Bogotá,Cundinamarca,2024-01-08,redes_sociales
222,BOGOTÁ,Cundinamarca,2024-06-22,publicidad_pago
223,Manizales,Caldas,2023-01-07,publicidad_pago
224,Barranquilla,Atlántico,2023-07-19,orgánico
225,Bogotá,Cundinamarca,2024-02-08,redes_sociales
226,Manizales,Caldas,2023-09-30,redes_sociales
227,Cali,Valle del Cauca,2024-03-09,redes_sociales
228,,Valle del Cauca,2023-09-17,redes_sociales
229,Cúcuta,Norte de Santander,2023-02-05,orgánico
230,BOGOTÁ,Cundinamarca,2023-08-26,publicidad_pago
231,Bogotá,Cundinamarca,2023-08-10,redes_sociales
232,Barranquilla,Atlántico,2024-04-07,redes_sociales
233,Bogotá,Cundinamarca,2023-03-22,publicidad_pago
234,Cartagena,Bolívar,2023-03-26,publicidad_pago
235,Bogotá,Cundinamarca,2023-03-19,publicidad_pago
236,Bogotá,Cundinamarca,2023-11-07,orgánico
237,Bogotá,Cundinamarca,2024-06-28,orgánico
238,Medellín,Antioquia,2023-12-05,publicidad_pago
239,Bogotá,Cundinamarca,2024-03-22,orgánico
240,Bogotá,Cundinamarca,2024-04-10,orgánico
241,Pereira,Risaralda,2023-11-25,orgánico
242,Medellín,Antioquia,2023-11-30,orgánico
243,Medellín,Antioquia,2023-05-13,referido
244,Bogotá,Cundinamarca,2024-06-09,orgánico
245,Medellín,Antioquia,2024-03-06,orgánico
246,Bogotá,Cundinamarca,2024-04-22,referido
247,Barranquilla,Atlántico,2024-06-22,referido
248,Bogotá,Cundinamarca,2023-07-10,orgánico
249,Manizales,Caldas,2023-03-20,publicidad_pago
250,Cúcuta,Norte de Santander,2024-04-15,orgánico
251,Bogotá,Cundinamarca,2023-09-16,publicidad_pago
252,Bogotá,Cundinamarca,2024-06-08,orgánico
253,Bogotá,Cundinamarca,2024-01-15,redes_sociales
254,Barranquilla,Atlántico,2023-05-21,orgánico
255,Bogotá,Cundinamarca,2023-07-14,publicidad_pago
256,Pereira,Risaralda,2023-11-30,orgánico
257, Bucaramanga ,Santander,2023-08-04,redes_sociales
258,Ibagué,Tolima,2023-06-04,publicidad_pago
259,Cali,Valle del Cauca,2023-04-25,orgánico
260,Santa Marta,Magdalena,2023-12-22,publicidad_pago
261,Bogotá,Cundinamarca,2023-01-20,redes_sociales
262,Medellín,Antioquia,2023-02-21,orgánico
263,Medellín,Antioquia,2023-01-24,orgánico
264,Cúcuta,Norte de Santander,2024-02-06,orgánico
265,Cali,Valle del Cauca,2023-01-17,orgánico
266,Ibagué,Tolima,2023-08-18,redes_sociales
267,Bogotá,Cundinamarca,2023-03-08,redes_sociales
268,Neiva,Huila,2023-11-18,redes_sociales
269,Cali,Valle del Cauca,2023-01-19,redes_sociales
270,Cali,Valle del Cauca,2023-01-15,publicidad_pago
271,Neiva,Huila,2023-08-13,orgánico
272,Medellín,Antioquia,2024-01-16,redes_sociales
273,Medellín,Antioquia,2023-03-01,publicidad_pago
274,Barranquilla,Atlántico,2023-09-29,orgánico
275,Bogotá,Cundinamarca,2024-03-19,redes_sociales
276,Medellín,Antioquia,2023-12-09,referido
277,Bogotá,Cundinamarca,2024-02-15,redes_sociales
278,Bogotá,Cundinamarca,2023-06-22,referido
279,Pereira,Risaralda,2024-05-30,orgánico
280,Barranquilla,Atlántico,2023-03-21,redes_sociales
281,Medellín,Antioquia,2023-11-28,orgánico
282,Medellín,Antioquia,2023-08-27,orgánico
283,,Antioquia,2023-01-18,referido
284,Barranquilla,Atlántico,2024-05-31,orgánico
285,Cúcuta,Norte de Santander,2024-01-20,referido
286,Cúcuta,Norte de Santander,2023-05-05,publicidad_pago
287,Medellín,Antioquia,2023-01-29,referido
288,Medellín,Antioquia,2024-01-05,referido
289,Medellín,Antioquia,2023-10-26,redes_sociales
290,Cali,Valle del Cauca,2023-01-28,referido
291,Cali,Valle del Cauca,2024-06-23,publicidad_pago
292,Barranquilla,Atlántico,2024-01-28,redes_sociales
293,Cali,Valle del Cauca,2023-09-11,publicidad_pago
294,Medellín,Antioquia,2023-05-11,orgánico
295,Medellín,Antioquia,2023-05-29,orgánico
296,Medellín,Antioquia,2023-09-04,orgánico
297,Bogotá,Cundinamarca,2023-02-01,redes_sociales
298,Bogotá,Cundinamarca,2023-07-21,orgánico
299,Bucaramanga,Santander,2023-04-29,redes_sociales
300,Medellín,Antioquia,2023-03-03,publicidad_pago
301,,Cundinamarca,2023-03-10,publicidad_pago
302,Cali,Valle del Cauca,2023-07-09,publicidad_pago
303,Bucaramanga,Santander,2023-07-29,referido
304,Bogotá,Cundinamarca,2023-07-11,publicidad_pago
305,Ibagué,Tolima,2024-01-13,redes_sociales
306,Cúcuta,Norte de Santander,2023-10-13,orgánico
307,Barranquilla,Atlántico,2023-04-16,referido
308,Cartagena,Bolívar,2024-06-15,orgánico
309,Bogotá,Cundinamarca,2024-02-04,orgánico
310,Cúcuta,Norte de Santander,2023-09-15,orgánico
311,Medellín,Antioquia,2023-01-27,redes_sociales
312,Cúcuta,Norte de Santander,2024-05-15,publicidad_pago
313,Cali,Valle del Cauca,2024-02-12,orgánico
314,Bogotá,Cundinamarca,2023-09-10,publicidad_pago
315,BOGOTÁ,Cundinamarca,2023-03-30,orgánico
316,Cartagena,Bolívar,2023-02-28,orgánico
317,Cali,Valle del Cauca,2023-06-08,orgánico
318,Bogotá,Cundinamarca,2023-05-06,orgánico
319,Bucaramanga,Santander,2023-04-25,publicidad_pago
320,Pereira,Risaralda,2023-08-11,orgánico
321,Cali,Valle del Cauca,2023-01-26,orgánico
322,,Valle del Cauca,2023-06-27,orgánico
323,,Cundinamarca,2024-04-21,publicidad_pago
324,Ibagué,Tolima,2024-04-18,referido
325,Medellín,Antioquia,2023-01-05,publicidad_pago
326,Pereira,Risaralda,2024-01-07,redes_sociales
327, Medellín ,Antioquia,2024-06-26,referido
328,Cali,Valle del Cauca,2023-11-13,orgánico
329,Bogotá,Cundinamarca,2023-08-02,orgánico
330,Bogotá,Cundinamarca,2023-09-26,redes_sociales
331,Bucaramanga,Santander,2023-04-27,orgánico
332,Cali,Valle del Cauca,2023-08-06,redes_sociales
333,Cali,Valle del Cauca,2024-05-27,redes_sociales
334,Neiva,Huila,2023-12-01,orgánico
335,Neiva,Huila,2023-08-24,redes_sociales
336,Pereira,Risaralda,2023-03-10,redes_sociales
337,Bogotá,Cundinamarca,2024-05-10,orgánico
338,Barranquilla,Atlántico,2023-03-30,publicidad_pago
339,Pereira,Risaralda,2024-01-30,publicidad_pago
340,MEDELLÍN,Antioquia,2023-06-15,orgánico
341,Bogotá,Cundinamarca,2023-06-02,orgánico
342,Ibagué,Tolima,2023-04-04,orgánico
343,Cali,Valle del Cauca,2023-07-25,orgánico
344,Cali,Valle del Cauca,2024-01-06,orgánico
345,Santa Marta,Magdalena,2023-08-16,orgánico
346,Barranquilla,Atlántico,2023-01-14,publicidad_pago
347,Medellín,Antioquia,2023-05-25,publicidad_pago
348,MEDELLÍN,Antioquia,2023-03-29,publicidad_pago
349,Medellín,Antioquia,2023-08-08,redes_sociales
350,Bogotá,Cundinamarca,2024-05-08,publicidad_pago
351,Ibagué,Tolima,2024-06-10,publicidad_pago
352,Pereira,Risaralda,2024-06-29,publicidad_pago
353,Medellín,Antioquia,2023-03-03,publicidad_pago
354,Medellín,Antioquia,2023-09-24,publicidad_pago
355,Pereira,Risaralda,2023-01-25,publicidad_pago
356,Bogotá,Cundinamarca,2023-09-28,redes_sociales
357, Cali ,Valle del Cauca,2023-11-12,orgánico
358,Cali,Valle del Cauca,2024-02-28,orgánico
359,Cartagena,Bolívar,2023-07-04,redes_sociales
360,BOGOTÁ,Cundinamarca,2023-01-20,orgánico
361,Cartagena,Bolívar,2023-09-06,orgánico
362,Medellín,Antioquia,2023-08-22,orgánico
363,Barranquilla,Atlántico,2023-12-08,orgánico
364,Bogotá,Cundinamarca,2023-02-24,referido
365,Cali,Valle del Cauca,2023-12-02,redes_sociales
366,Cali,Valle del Cauca,2023-08-08,orgánico
367,Bogotá,Cundinamarca,2024-02-09,redes_sociales
368,Bogotá,Cundinamarca,2024-06-22,orgánico
369,Bogotá,Cundinamarca,2023-05-05,publicidad_pago
370,Medellín,Antioquia,2024-02-17,redes_sociales
371,,Cundinamarca,2023-03-11,orgánico
372,Cúcuta,Norte de Santander,2024-06-22,redes_sociales
373,Medellín,Antioquia,2023-09-21,orgánico
374,Ibagué,Tolima,2024-02-13,publicidad_pago
375,Neiva,Huila,2024-03-01,referido
376,Bogotá,Cundinamarca,2023-11-29,referido
377,Barranquilla,Atlántico,2023-07-30,orgánico
378,Pereira,Risaralda,2024-02-17,publicidad_pago
379,Barranquilla,Atlántico,2023-09-18,publicidad_pago
380,Medellín,Antioquia,2023-12-27,publicidad_pago
381,Medellín,Antioquia,2023-12-02,orgánico
382,Bogotá,Cundinamarca,2023-09-11,redes_sociales
383,Cali,Valle del Cauca,2023-03-06,orgánico
384,Santa Marta,Magdalena,2023-06-10,orgánico
385,Neiva,Huila,2024-05-27,publicidad_pago
386,Bogotá,Cundinamarca,2023-10-12,redes_sociales
387,Cartagena,Bolívar,2023-12-14,orgánico
388,Medellín,Antioquia,2023-05-22,publicidad_pago
389,Manizales,Caldas,2024-01-22,redes_sociales
390,Bogotá,Cundinamarca,2023-09-24,referido
391,Cúcuta,Norte de Santander,2023-04-30,publicidad_pago
392,Pereira,Risaralda,2023-03-21,publicidad_pago
393,Bogotá,Cundinamarca,2023-08-05,publicidad_pago
394,Bogotá,Cundinamarca,2023-11-06,orgánico
395,Pereira,Risaralda,2023-06-03,orgánico
396,Bogotá,Cundinamarca,2023-05-15,referido
397,Cali,Valle del Cauca,2023-05-28,orgánico
398,Manizales,Caldas,2023-06-10,redes_sociales
399,Cali,Valle del Cauca,2024-02-09,redes_sociales
400,Medellín,Antioquia,2023-09-30,orgánico
401,Medellín,Antioquia,2023-09-14,orgánico
402,Bogotá,Cundinamarca,2023-03-30,redes_sociales
403,Neiva,Huila,2023-10-25,redes_sociales
404,Medellín,Antioquia,2024-06-10,publicidad_pago
405,Bogotá,Cundinamarca,2024-02-12,orgánico
406,Medellín,Antioquia,2023-09-02,redes_sociales
407,Neiva,Huila,2023-06-17,orgánico
408,Bogotá,Cundinamarca,2023-07-12,redes_sociales
409,Pereira,Risaralda,2023-01-15,orgánico
410,Cartagena,Bolívar,2023-01-16,orgánico
411,Pereira,Risaralda,2024-02-29,publicidad_pago
412,Neiva,Huila,2024-04-06,orgánico
413,Pereira,Risaralda,2024-06-13,publicidad_pago
414,Cúcuta,Norte de Santander,2023-12-09,orgánico
415,Bogotá,Cundinamarca,2024-05-23,orgánico
416,Ibagué,Tolima,2023-08-16,orgánico
417,CALI,Valle del Cauca,2023-05-19,publicidad_pago
418,Cali,Valle del Cauca,2023-05-15,redes_sociales
419,Manizales,Caldas,2023-05-10,orgánico
420,Neiva,Huila,2024-02-12,redes_sociales
421,Cartagena,Bolívar,2023-01-06,redes_sociales
422,Cali,Valle del Cauca,2024-06-01,publicidad_pago
423,Medellín,Antioquia,2024-02-28,referido
424,Medellín,Antioquia,2023-07-28,redes_sociales
425,Medellín,Antioquia,2024-01-19,redes_sociales
426,Medellín,Antioquia,2023-03-15,orgánico
427,,Cundinamarca,2023-08-24,referido
428,Bogotá,Cundinamarca,2023-03-01,redes_sociales
429,Bucaramanga,Santander,2023-03-03,orgánico
430, Medellín ,Antioquia,2023-01-04,referido
431,Cúcuta,Norte de Santander,2024-03-11,referido
432,Barranquilla,Atlántico,2024-02-11,redes_sociales
433, Bogotá ,Cundinamarca,2024-05-03,orgánico
434,Bogotá,Cundinamarca,2024-06-20,publicidad_pago
435,Bogotá,Cundinamarca,2024-06-11,publicidad_pago
436,Neiva,Huila,2024-06-27,redes_sociales
437,Bogotá,Cundinamarca,2023-01-09,orgánico
438,Cali,Valle del Cauca,2024-03-04,orgánico
439,Cúcuta,Norte de Santander,2024-01-31,orgánico
440,Neiva,Huila,2023-03-30,orgánico
441,Bogotá,Cundinamarca,2023-03-16,publicidad_pago
442,Bogotá,Cundinamarca,2024-06-18,orgánico
443,Bogotá,Cundinamarca,2024-04-27,redes_sociales
444,Bogotá,Cundinamarca,2023-06-29,publicidad_pago
445,Bogotá,Cundinamarca,2023-02-10,redes_sociales
446,Cali,Valle del Cauca,2023-07-02,orgánico
447,Manizales,Caldas,2023-01-03,referido
448,Cali,Valle del Cauca,2024-01-11,orgánico
449,Barranquilla,Atlántico,2023-07-27,publicidad_pago
450,Bogotá,Cundinamarca,2023-01-27,orgánico
451,Ibagué,Tolima,2024-06-19,redes_sociales
452,Barranquilla,Atlántico,2024-03-27,redes_sociales
453, Pereira ,Risaralda,2024-05-09,redes_sociales
454,Cúcuta,Norte de Santander,2024-06-29,redes_sociales
455,Medellín,Antioquia,2023-01-08,orgánico
456,Bogotá,Cundinamarca,2024-02-28,redes_sociales
457,Bogotá,Cundinamarca,2024-03-06,orgánico
458,Medellín,Antioquia,2024-03-03,publicidad_pago
459,Cúcuta,Norte de Santander,2023-05-25,redes_sociales
460,Medellín,Antioquia,2023-08-02,redes_sociales
461,Bucaramanga,Santander,2024-05-23,orgánico
462,Cali,Valle del Cauca,2023-02-06,redes_sociales
463,,Cundinamarca,2023-12-17,redes_sociales
464,Medellín,Antioquia,2024-03-09,orgánico
465,Barranquilla,Atlántico,2024-03-12,publicidad_pago
466,Cartagena,Bolívar,2023-11-23,orgánico
467,Medellín,Antioquia,2024-02-24,orgánico
468,Bogotá,Cundinamarca,2024-05-12,publicidad_pago
469,Bucaramanga,Santander,2024-02-23,orgánico
470,Bogotá,Cundinamarca,2023-03-05,orgánico
471,Cúcuta,Norte de Santander,2023-05-14,publicidad_pago
472,Bogotá,Cundinamarca,2023-06-16,publicidad_pago
473,Bogotá,Cundinamarca,2023-07-07,orgánico
474,Cali,Valle del Cauca,2023-07-17,orgánico
475,Cali,Valle del Cauca,2023-05-01,redes_sociales
476,Cali,Valle del Cauca,2024-01-09,redes_sociales
477,Medellín,Antioquia,2023-03-02,redes_sociales
478,Santa Marta,Magdalena,2024-03-06,redes_sociales
479,,Valle del Cauca,2023-12-27,publicidad_pago
480,Cali,Valle del Cauca,2024-06-09,referido
481,Medellín,Antioquia,2023-01-04,orgánico
482,Bogotá,Cundinamarca,2023-06-11,orgánico
483,Barranquilla,Atlántico,2024-05-06,orgánico
484,Bogotá,Cundinamarca,2023-09-28,orgánico
485,Barranquilla,Atlántico,2023-11-03,redes_sociales
486,Bogotá,Cundinamarca,2023-01-16,publicidad_pago
487,Santa Marta,Magdalena,2024-02-21,orgánico
488,Cali,Valle del Cauca,2023-05-19,orgánico
489,Manizales,Caldas,2024-06-10,redes_sociales
490,Cali,Valle del Cauca,2023-07-24,referido
491,Bogotá,Cundinamarca,2023-04-14,orgánico
492,Ibagué,Tolima,2023-11-21,publicidad_pago
493,Barranquilla,Atlántico,2023-09-19,publicidad_pago
494,Ibagué,Tolima,2023-09-15,redes_sociales
495,Medellín,Antioquia,2024-06-03,redes_sociales
496,Barranquilla,Atlántico,2023-07-19,redes_sociales
497,Pereira,Risaralda,2023-08-06,orgánico
498,Barranquilla,Atlántico,2023-12-08,redes_sociales
499,Medellín,Antioquia,2023-04-04,orgánico
500,Cartagena,Bolívar,2024-03-29,publicidad_pago
501,Cartagena,Bolívar,2023-05-06,publicidad_pago
502,Neiva,Huila,2023-05-13,orgánico
503,Medellín,Antioquia,2023-01-06,redes_sociales
504,Medellín,Antioquia,2023-07-07,orgánico
505,Ibagué,Tolima,2023-11-15,orgánico
506,Cali,Valle del Cauca,2024-01-21,publicidad_pago
507,BUCARAMANGA,Santander,2024-05-06,orgánico
508,Medellín,Antioquia,2024-03-01,publicidad_pago
509,Bogotá,Cundinamarca,2023-06-25,orgánico
510,Bucaramanga,Santander,2024-03-27,publicidad_pago
511,Bogotá,Cundinamarca,2023-04-17,redes_sociales
512,Bogotá,Cundinamarca,2023-04-25,redes_sociales
513,Barranquilla,Atlántico,2023-07-15,publicidad_pago
514,Bucaramanga,Santander,2023-10-22,redes_sociales
515,Manizales,Caldas,2023-04-22,orgánico
516,Bogotá,Cundinamarca,2024-05-07,publicidad_pago
517, Bogotá ,Cundinamarca,2023-05-28,orgánico
518,Neiva,Huila,2023-08-03,orgánico
519,BOGOTÁ,Cundinamarca,2023-11-27,redes_sociales
520,Bogotá,Cundinamarca,2023-08-24,redes_sociales
521,Medellín,Antioquia,2023-08-09,redes_sociales
522,Cali,Valle del Cauca,2024-06-22,publicidad_pago
523,Manizales,Caldas,2023-08-27,redes_sociales
524,Bucaramanga,Santander,2023-03-03,orgánico
525,Cartagena,Bolívar,2024-02-04,orgánico
526,Bogotá,Cundinamarca,2024-01-21,orgánico
527,Medellín,Antioquia,2023-04-30,publicidad_pago
528,Cali,Valle del Cauca,2024-04-10,orgánico
529,Bogotá,Cundinamarca,2023-08-03,redes_sociales
530,BOGOTÁ,Cundinamarca,2023-03-24,redes_sociales
531,Medellín,Antioquia,2023-04-05,publicidad_pago
532,Bogotá,Cundinamarca,2024-01-26,orgánico
533,Cali,Valle del Cauca,2023-04-29,orgánico
534,Cartagena,Bolívar,2023-09-14,referido
535,Bogotá,Cundinamarca,2024-02-06,redes_sociales
536,Cali,Valle del Cauca,2024-04-11,redes_sociales
537,Ibagué,Tolima,2023-09-25,publicidad_pago
538,Bucaramanga,Santander,2024-05-11,referido
539,Ibagué,Tolima,2023-06-15,orgánico
540,Medellín,Antioquia,2024-04-22,referido
541,Ibagué,Tolima,2023-05-17,orgánico
542,Bogotá,Cundinamarca,2023-02-05,referido
543,Medellín,Antioquia,2024-02-01,orgánico
544,Bogotá,Cundinamarca,2024-02-18,orgánico
545,Cali,Valle del Cauca,2024-05-21,orgánico
546,Medellín,Antioquia,2024-05-19,publicidad_pago
547,Bogotá,Cundinamarca,2023-02-25,referido
548,,Santander,2023-12-06,orgánico
549,Medellín,Antioquia,2024-01-21,orgánico
550,Bogotá,Cundinamarca,2023-11-25,orgánico
551,Bogotá,Cundinamarca,2023-01-11,orgánico
552,Medellín,Antioquia,2023-01-25,publicidad_pago
553,Medellín,Antioquia,2024-01-02,orgánico
554,Medellín,Antioquia,2024-04-13,referido
555,Bogotá,Cundinamarca,2023-04-09,referido
556,Bucaramanga,Santander,2023-01-26,orgánico
557,Cúcuta,Norte de Santander,2023-08-09,redes_sociales
558,Cali,Valle del Cauca,2023-06-21,referido
559,Barranquilla,Atlántico,2024-06-21,publicidad_pago
560,Pereira,Risaralda,2024-05-21,publicidad_pago
561,Santa Marta,Magdalena,2023-11-02,orgánico
562,Barranquilla,Atlántico,2024-06-03,orgánico
563,Manizales,Caldas,2023-05-06,publicidad_pago
564,Manizales,Caldas,2024-06-26,redes_sociales
565,Ibagué,Tolima,2023-09-02,publicidad_pago
566,Cali,Valle del Cauca,2023-09-18,publicidad_pago
567,Bogotá,Cundinamarca,2023-01-28,redes_sociales
568,Bogotá,Cundinamarca,2023-04-08,orgánico
569,Cali,Valle del Cauca,2023-04-17,redes_sociales
570,Cali,Valle del Cauca,2023-09-24,publicidad_pago
571,Medellín,Antioquia,2023-04-14,orgánico
572,Cali,Valle del Cauca,2023-02-25,orgánico
573,Cali,Valle del Cauca,2023-11-27,referido
574,Pereira,Risaralda,2024-04-22,publicidad_pago
575,Bogotá,Cundinamarca,2023-02-08,redes_sociales
576,Bogotá,Cundinamarca,2023-11-03,publicidad_pago
577,Ibagué,Tolima,2024-06-09,redes_sociales
578,Pereira,Risaralda,2023-08-10,referido
579,Santa Marta,Magdalena,2023-04-11,publicidad_pago
580,Pereira,Risaralda,2023-02-13,orgánico
581,Manizales,Caldas,2024-05-27,redes_sociales
582,Medellín,Antioquia,2023-08-10,orgánico
583,Medellín,Antioquia,2023-02-27,publicidad_pago
584,BOGOTÁ,Cundinamarca,2024-04-18,redes_sociales
585,Barranquilla,Atlántico,2024-03-14,redes_sociales
586,Cúcuta,Norte de Santander,2024-01-20,referido
587,,Antioquia,2023-02-16,redes_sociales
588,Cali,Valle del Cauca,2023-02-15,publicidad_pago
589,Medellín,Antioquia,2023-04-30,publicidad_pago
590,Bogotá,Cundinamarca,2023-03-29,redes_sociales
591,Bogotá,Cundinamarca,2023-10-18,orgánico
592,Bogotá,Cundinamarca,2023-08-03,publicidad_pago
593,Cúcuta,Norte de Santander,2024-02-23,redes_sociales
594,Medellín,Antioquia,2023-02-25,orgánico
595,Pereira,Risaralda,2024-02-03,publicidad_pago
596,Cartagena,Bolívar,2024-05-25,redes_sociales
597,Bogotá,Cundinamarca,2023-03-13,orgánico
598,Bogotá,Cundinamarca,2023-12-23,publicidad_pago
599,Ibagué,Tolima,2023-10-06,orgánico
600,Bogotá,Cundinamarca,2023-02-21,redes_sociales
601,Manizales,Caldas,2023-06-10,redes_sociales
602,Bogotá,Cundinamarca,2024-03-07,orgánico
603,Cartagena,Bolívar,2024-04-20,redes_sociales
604,Ibagué,Tolima,2023-07-21,orgánico
605,Bogotá,Cundinamarca,2023-02-28,orgánico
606,Bogotá,Cundinamarca,2023-05-14,publicidad_pago
607,Neiva,Huila,2024-04-06,orgánico
608, Bogotá ,Cundinamarca,2023-11-08,referido
609,Medellín,Antioquia,2023-08-24,redes_sociales
610,Medellín,Antioquia,2023-01-08,orgánico
611,Bogotá,Cundinamarca,2024-03-04,referido
612,Bucaramanga,Santander,2023-09-12,redes_sociales
613,Bucaramanga,Santander,2023-10-26,redes_sociales
614,Medellín,Antioquia,2024-04-06,publicidad_pago
615,Pereira,Risaralda,2023-11-04,publicidad_pago
616,Bogotá,Cundinamarca,2024-05-22,orgánico
617, Bogotá ,Cundinamarca,2023-11-03,orgánico
618,Cali,Valle del Cauca,2023-07-07,referido
619,Santa Marta,Magdalena,2024-05-19,orgánico
620,Bogotá,Cundinamarca,2023-12-18,publicidad_pago
621,Bogotá,Cundinamarca,2024-02-20,redes_sociales
622,Cali,Valle del Cauca,2023-05-05,redes_sociales
623,Ibagué,Tolima,2024-01-03,publicidad_pago
624,Bogotá,Cundinamarca,2023-11-03,referido
625,Medellín,Antioquia,2023-02-27,orgánico
626,Bucaramanga,Santander,2023-05-19,redes_sociales
627,,Antioquia,2024-05-13,publicidad_pago
628,Bogotá,Cundinamarca,2023-11-09,orgánico
629,Bogotá,Cundinamarca,2024-02-28,publicidad_pago
630,Medellín,Antioquia,2023-04-04,redes_sociales
631,Cali,Valle del Cauca,2023-04-30,orgánico
632,Pereira,Risaralda,2024-05-29,publicidad_pago
633,Barranquilla,Atlántico,2023-08-18,referido
634,Cartagena,Bolívar,2024-04-30,orgánico
635,Santa Marta,Magdalena,2024-03-18,publicidad_pago
636,Medellín,Antioquia,2023-07-04,orgánico
637,Medellín,Antioquia,2024-06-03,orgánico
638,Cúcuta,Norte de Santander,2024-02-29,orgánico
639,Bogotá,Cundinamarca,2023-03-11,publicidad_pago
640,,Santander,2023-02-22,orgánico
641,Bucaramanga,Santander,2023-03-11,orgánico
642,Bogotá,Cundinamarca,2024-02-09,publicidad_pago
643,Cali,Valle del Cauca,2023-03-20,redes_sociales
644,Bogotá,Cundinamarca,2023-06-04,orgánico
645,Bogotá,Cundinamarca,2023-08-26,orgánico
646,Cali,Valle del Cauca,2023-03-16,publicidad_pago
647,MEDELLÍN,Antioquia,2023-06-30,redes_sociales
648,Ibagué,Tolima,2024-01-06,publicidad_pago
649,Manizales,Caldas,2024-06-15,orgánico
650,Ibagué,Tolima,2023-09-14,redes_sociales
651,Bogotá,Cundinamarca,2024-02-13,publicidad_pago
652,Bogotá,Cundinamarca,2023-10-17,orgánico
653,Bogotá,Cundinamarca,2023-09-13,orgánico
654,Bogotá,Cundinamarca,2023-10-12,redes_sociales
655,Cúcuta,Norte de Santander,2024-06-08,orgánico
656,Medellín,Antioquia,2023-02-02,orgánico
657,Bogotá,Cundinamarca,2023-10-08,referido
658,Pereira,Risaralda,2023-01-29,redes_sociales
659,Medellín,Antioquia,2024-04-23,redes_sociales
660,Bogotá,Cundinamarca,2023-11-25,orgánico
661,Bogotá,Cundinamarca,2023-01-26,redes_sociales
662,Barranquilla,Atlántico,2023-12-08,redes_sociales
663,Ibagué,Tolima,2023-08-27,referido
664, Bogotá ,Cundinamarca,2023-01-26,redes_sociales
665,Manizales,Caldas,2024-06-19,publicidad_pago
666,Pereira,Risaralda,2023-07-27,orgánico
667,Pereira,Risaralda,2023-01-14,redes_sociales
668,Bogotá,Cundinamarca,2023-12-02,referido
669,Bogotá,Cundinamarca,2023-07-25,redes_sociales
670,Pereira,Risaralda,2023-12-26,publicidad_pago
671,Medellín,Antioquia,2023-03-30,publicidad_pago
672,Barranquilla,Atlántico,2024-03-29,referido
673,Bucaramanga,Santander,2023-08-18,orgánico
674,Bogotá,Cundinamarca,2023-08-19,orgánico
675,Ibagué,Tolima,2024-03-15,redes_sociales
676,Cúcuta,Norte de Santander,2023-10-27,referido
677,Bucaramanga,Santander,2023-01-01,redes_sociales
678,Medellín,Antioquia,2023-11-13,orgánico
679,Pereira,Risaralda,2023-12-20,redes_sociales
680,Cali,Valle del Cauca,2023-06-20,orgánico
681,Bucaramanga,Santander,2023-04-09,orgánico
682,Ibagué,Tolima,2023-01-30,orgánico
683,Bucaramanga,Santander,2024-04-07,orgánico
684,Medellín,Antioquia,2023-01-03,publicidad_pago
685,Bogotá,Cundinamarca,2023-11-16,orgánico
686, Bogotá ,Cundinamarca,2024-04-02,orgánico
687,Cali,Valle del Cauca,2023-07-12,redes_sociales
688,Cali,Valle del Cauca,2023-04-20,orgánico
689,Barranquilla,Atlántico,2024-01-27,redes_sociales
690,Medellín,Antioquia,2023-12-11,orgánico
691,Ibagué,Tolima,2023-01-09,orgánico
692,Manizales,Caldas,2023-11-12,publicidad_pago
693,BOGOTÁ,Cundinamarca,2023-01-01,orgánico
694,Bucaramanga,Santander,2023-08-07,orgánico
695,Cartagena,Bolívar,2023-06-16,orgánico
696,Cali,Valle del Cauca,2024-03-31,orgánico
697,Bogotá,Cundinamarca,2024-06-18,orgánico
698,Ibagué,Tolima,2024-01-18,orgánico
699,Neiva,Huila,2024-02-06,orgánico
700,Bucaramanga,Santander,2023-01-13,orgánico
701,Manizales,Caldas,2023-02-05,publicidad_pago
702,Santa Marta,Magdalena,2024-02-29,orgánico
703,Medellín,Antioquia,2023-08-23,orgánico
704,Barranquilla,Atlántico,2023-10-05,redes_sociales
705,CALI,Valle del Cauca,2024-01-14,orgánico
706,Santa Marta,Magdalena,2023-07-09,publicidad_pago
707,Bogotá,Cundinamarca,2024-01-08,orgánico
708,Medellín,Antioquia,2024-02-02,redes_sociales
709,Pereira,Risaralda,2023-05-12,referido
710,Medellín,Antioquia,2024-01-11,orgánico
711,Ibagué,Tolima,2023-04-03,orgánico
712,Medellín,Antioquia,2023-06-19,redes_sociales
713,Neiva,Huila,2024-03-02,referido
714,Manizales,Caldas,2024-06-21,redes_sociales
715,Medellín,Antioquia,2023-02-05,redes_sociales
716,Bucaramanga,Santander,2023-12-21,orgánico
717,Medellín,Antioquia,2023-11-08,redes_sociales
718,Barranquilla,Atlántico,2023-11-28,orgánico
719,Barranquilla,Atlántico,2024-03-06,redes_sociales
720,IBAGUÉ,Tolima,2023-02-08,orgánico
721,Bogotá,Cundinamarca,2024-02-09,redes_sociales
722,Bogotá,Cundinamarca,2023-06-02,orgánico
723,Cartagena,Bolívar,2023-03-26,publicidad_pago
724,Cali,Valle del Cauca,2023-09-02,publicidad_pago
725,Cali,Valle del Cauca,2023-01-15,publicidad_pago
726, Bogotá ,Cundinamarca,2023-12-11,referido
727,Medellín,Antioquia,2023-11-06,redes_sociales
728,Pereira,Risaralda,2023-10-08,publicidad_pago
729,Bogotá,Cundinamarca,2023-01-17,orgánico
730,Medellín,Antioquia,2024-02-22,referido
731,Cúcuta,Norte de Santander,2023-01-20,redes_sociales
732,Bogotá,Cundinamarca,2023-05-24,redes_sociales
733,Bucaramanga,Santander,2023-08-05,redes_sociales
734,Bogotá,Cundinamarca,2024-01-20,publicidad_pago
735,Pereira,Risaralda,2023-08-12,publicidad_pago
736,Bucaramanga,Santander,2024-03-22,publicidad_pago
737,Manizales,Caldas,2024-05-26,redes_sociales
738,Bogotá,Cundinamarca,2024-02-23,redes_sociales
739,Cali,Valle del Cauca,2023-01-22,referido
740,Bucaramanga,Santander,2024-02-26,redes_sociales
741, Bogotá ,Cundinamarca,2023-04-23,redes_sociales
742,Bogotá,Cundinamarca,2024-05-01,redes_sociales
743,Bogotá,Cundinamarca,2024-06-19,redes_sociales
744,Neiva,Huila,2023-02-16,publicidad_pago
745,Cartagena,Bolívar,2023-02-23,redes_sociales
746,Barranquilla,Atlántico,2024-01-17,publicidad_pago
747,Bucaramanga,Santander,2023-03-20,publicidad_pago
748,Cali,Valle del Cauca,2024-06-13,redes_sociales
749,Cali,Valle del Cauca,2023-10-23,orgánico
750,Medellín,Antioquia,2023-11-10,redes_sociales
751,Barranquilla,Atlántico,2024-04-15,redes_sociales
752, Bogotá ,Cundinamarca,2023-04-29,redes_sociales
753,Manizales,Caldas,2023-11-01,publicidad_pago
754,Ibagué,Tolima,2024-06-30,orgánico
755,Medellín,Antioquia,2023-01-13,orgánico
756,Cali,Valle del Cauca,2023-04-06,publicidad_pago
757,Bogotá,Cundinamarca,2023-03-21,referido
758,Neiva,Huila,2023-07-03,redes_sociales
759,Manizales,Caldas,2023-03-13,orgánico
760,Cúcuta,Norte de Santander,2023-04-05,redes_sociales
761,Medellín,Antioquia,2024-04-11,redes_sociales
762,Bogotá,Cundinamarca,2023-09-12,redes_sociales
763,Bogotá,Cundinamarca,2023-07-15,orgánico
764,Bogotá,Cundinamarca,2023-08-18,orgánico
765,Bogotá,Cundinamarca,2024-06-14,publicidad_pago
766,Bogotá,Cundinamarca,2023-09-26,redes_sociales
767,Santa Marta,Magdalena,2023-09-14,publicidad_pago
768,Bogotá,Cundinamarca,2024-05-22,redes_sociales
769,Bogotá,Cundinamarca,2023-01-21,orgánico
770,Ibagué,Tolima,2023-09-19,redes_sociales
771,Barranquilla,Atlántico,2024-02-14,referido
772,Bucaramanga,Santander,2023-10-09,redes_sociales
773,Barranquilla,Atlántico,2024-04-19,redes_sociales
774,Manizales,Caldas,2024-04-30,redes_sociales
775,Barranquilla,Atlántico,2023-07-03,publicidad_pago
776,Cali,Valle del Cauca,2024-03-23,redes_sociales
777,Cartagena,Bolívar,2023-05-14,redes_sociales
778,Medellín,Antioquia,2023-05-12,publicidad_pago
779,Medellín,Antioquia,2024-06-18,orgánico
780,Cali,Valle del Cauca,2023-01-08,redes_sociales
781,Bogotá,Cundinamarca,2023-07-13,redes_sociales
782,Ibagué,Tolima,2023-12-11,referido
783,Bogotá,Cundinamarca,2023-08-15,publicidad_pago
784,Bogotá,Cundinamarca,2024-04-07,orgánico
785,Bogotá,Cundinamarca,2023-05-18,publicidad_pago
786,Pereira,Risaralda,2023-10-30,publicidad_pago
787,,Antioquia,2023-03-10,redes_sociales
788,Cartagena,Bolívar,2023-04-26,orgánico
789,Pereira,Risaralda,2023-04-05,orgánico
790,Bogotá,Cundinamarca,2024-02-10,redes_sociales
791,Bucaramanga,Santander,2023-04-21,redes_sociales
792,Medellín,Antioquia,2024-01-02,publicidad_pago
793,Bogotá,Cundinamarca,2023-07-09,orgánico
794,Cartagena,Bolívar,2023-11-06,redes_sociales
795,Manizales,Caldas,2024-04-23,orgánico
796,Medellín,Antioquia,2024-04-17,redes_sociales
797,Cali,Valle del Cauca,2023-01-07,orgánico
798,Medellín,Antioquia,2024-03-04,redes_sociales
799,Cali,Valle del Cauca,2024-06-06,orgánico
800,Barranquilla,Atlántico,2024-01-01,redes_sociales
801,Barranquilla,Atlántico,2023-04-13,orgánico
802,Barranquilla,Atlántico,2023-12-30,publicidad_pago
803,Bogotá,Cundinamarca,2023-12-14,orgánico
804,Cartagena,Bolívar,2023-12-29,redes_sociales
805,Cartagena,Bolívar,2023-08-23,redes_sociales
806,Cartagena,Bolívar,2023-10-15,orgánico
807,Bogotá,Cundinamarca,2023-12-23,orgánico
808,Medellín,Antioquia,2023-09-11,orgánico
809,Medellín,Antioquia,2024-02-28,redes_sociales
810,Bogotá,Cundinamarca,2024-01-24,referido
811,Bogotá,Cundinamarca,2023-06-15,orgánico
812,,Antioquia,2023-11-30,publicidad_pago
813,Bucaramanga,Santander,2024-02-18,publicidad_pago
814,Bogotá,Cundinamarca,2023-09-26,publicidad_pago
815,Ibagué,Tolima,2024-01-27,redes_sociales
816,Cali,Valle del Cauca,2023-03-11,referido
817,Bucaramanga,Santander,2023-07-31,redes_sociales
818,,Valle del Cauca,2024-01-19,publicidad_pago
819,Cali,Valle del Cauca,2024-05-04,orgánico
820,Barranquilla,Atlántico,2023-12-20,publicidad_pago
821,Cúcuta,Norte de Santander,2023-12-30,referido
822,Cali,Valle del Cauca,2023-07-07,referido
823,Cali,Valle del Cauca,2024-01-19,orgánico
824,Barranquilla,Atlántico,2023-07-14,publicidad_pago
825,Bucaramanga,Santander,2023-01-29,orgánico
826,Bogotá,Cundinamarca,2023-05-15,publicidad_pago
827,Cali,Valle del Cauca,2023-12-01,orgánico
828,Cali,Valle del Cauca,2024-06-10,publicidad_pago
829,Cúcuta,Norte de Santander,2023-09-29,redes_sociales
830,Cali,Valle del Cauca,2024-04-15,orgánico
831,Cali,Valle del Cauca,2024-03-01,orgánico
832,Neiva,Huila,2023-11-03,orgánico
833,Medellín,Antioquia,2024-03-15,redes_sociales
834,Bogotá,Cundinamarca,2023-08-08,publicidad_pago
835,Bogotá,Cundinamarca,2023-08-31,publicidad_pago
836,Bogotá,Cundinamarca,2024-02-08,publicidad_pago
837,Bogotá,Cundinamarca,2023-12-16,publicidad_pago
838,,Antioquia,2023-10-16,redes_sociales
839,Bucaramanga,Santander,2023-08-25,redes_sociales
840, Bucaramanga ,Santander,2024-06-17,redes_sociales
841,Bogotá,Cundinamarca,2023-02-05,orgánico
842,Cali,Valle del Cauca,2023-01-31,redes_sociales
843,Bogotá,Cundinamarca,2023-09-20,publicidad_pago
844,Cúcuta,Norte de Santander,2023-01-19,redes_sociales
845,Bogotá,Cundinamarca,2023-07-06,publicidad_pago
846,Barranquilla,Atlántico,2023-11-08,orgánico
847,Medellín,Antioquia,2023-08-10,publicidad_pago
848,,Atlántico,2023-04-22,orgánico
849,Medellín,Antioquia,2023-06-05,publicidad_pago
850,Bucaramanga,Santander,2023-11-27,orgánico
851,Bogotá,Cundinamarca,2024-06-04,redes_sociales
852,Manizales,Caldas,2024-03-03,redes_sociales
853,Cali,Valle del Cauca,2023-10-27,orgánico
854,Bucaramanga,Santander,2023-03-17,redes_sociales
855,Pereira,Risaralda,2023-05-13,orgánico
856,Santa Marta,Magdalena,2023-08-30,redes_sociales
857,Bogotá,Cundinamarca,2023-05-15,referido
858,Medellín,Antioquia,2024-01-12,orgánico
859,Bogotá,Cundinamarca,2023-07-20,redes_sociales
860,Bogotá,Cundinamarca,2024-04-01,publicidad_pago
861,Barranquilla,Atlántico,2023-05-28,redes_sociales
862,SANTA MARTA,Magdalena,2023-09-29,publicidad_pago
863,Santa Marta,Magdalena,2024-01-26,redes_sociales
864,CALI,Valle del Cauca,2023-04-23,redes_sociales
865,Barranquilla,Atlántico,2024-02-21,orgánico
866,Pereira,Risaralda,2023-11-17,orgánico
867,Cúcuta,Norte de Santander,2023-12-21,redes_sociales
868,BOGOTÁ,Cundinamarca,2023-09-06,publicidad_pago
869,,Valle del Cauca,2024-05-26,orgánico
870,Pereira,Risaralda,2024-02-27,referido
871,Medellín,Antioquia,2023-04-16,redes_sociales
872,Medellín,Antioquia,2023-10-31,redes_sociales
873,Santa Marta,Magdalena,2024-05-09,publicidad_pago
874,Santa Marta,Magdalena,2023-06-02,publicidad_pago
875,Manizales,Caldas,2023-10-21,redes_sociales
876,Ibagué,Tolima,2024-02-17,orgánico
877,Bogotá,Cundinamarca,2023-05-30,orgánico
878,Medellín,Antioquia,2023-10-11,orgánico
879,Cali,Valle del Cauca,2023-10-30,publicidad_pago
880,Cali,Valle del Cauca,2023-04-08,orgánico
881,Cali,Valle del Cauca,2023-04-08,publicidad_pago
882,Barranquilla,Atlántico,2023-11-05,orgánico
883,Medellín,Antioquia,2023-04-08,redes_sociales
884,Bucaramanga,Santander,2024-06-02,redes_sociales
885,,Antioquia,2023-10-14,redes_sociales
886,Medellín,Antioquia,2024-01-21,redes_sociales
887,Bogotá,Cundinamarca,2023-08-06,referido
888,Bogotá,Cundinamarca,2023-06-13,publicidad_pago
889,Pereira,Risaralda,2023-09-24,publicidad_pago
890,Medellín,Antioquia,2024-01-24,orgánico
891,Bogotá,Cundinamarca,2023-08-06,referido
892,Bucaramanga,Santander,2023-06-04,publicidad_pago
893,Cali,Valle del Cauca,2023-03-20,publicidad_pago
894,Bogotá,Cundinamarca,2023-10-24,redes_sociales
895,Medellín,Antioquia,2024-01-07,orgánico
896,Bogotá,Cundinamarca,2023-10-16,publicidad_pago
897,Barranquilla,Atlántico,2023-05-20,redes_sociales
898,,Cundinamarca,2023-05-16,orgánico
899,Bogotá,Cundinamarca,2023-07-26,redes_sociales
900,Bogotá,Cundinamarca,2023-07-10,redes_sociales
901,Barranquilla,Atlántico,2023-04-22,orgánico
902,Bogotá,Cundinamarca,2024-05-30,publicidad_pago
903,Pereira,Risaralda,2023-06-30,redes_sociales
904,Bogotá,Cundinamarca,2023-05-18,redes_sociales
905,Barranquilla,Atlántico,2023-11-28,orgánico
906,Medellín,Antioquia,2024-03-14,referido
907,Medellín,Antioquia,2023-09-12,redes_sociales
908,Bogotá,Cundinamarca,2024-01-01,redes_sociales
909,Ibagué,Tolima,2023-02-21,redes_sociales
910, Manizales ,Caldas,2023-10-19,redes_sociales
911,Bogotá,Cundinamarca,2023-02-06,publicidad_pago
912,BOGOTÁ,Cundinamarca,2023-03-17,orgánico
913,Manizales,Caldas,2023-11-20,publicidad_pago
914,,Valle del Cauca,2023-04-22,orgánico
915,Bogotá,Cundinamarca,2023-01-21,referido
916,Bogotá,Cundinamarca,2023-04-08,redes_sociales
917,Barranquilla,Atlántico,2024-02-27,orgánico
918,,Santander,2023-11-17,redes_sociales
919,Barranquilla,Atlántico,2023-07-28,orgánico
920,Neiva,Huila,2024-06-16,referido
921,Cali,Valle del Cauca,2023-07-31,publicidad_pago
922,Medellín,Antioquia,2024-04-24,redes_sociales
923,Cali,Valle del Cauca,2023-07-08,redes_sociales
924,Medellín,Antioquia,2023-01-14,referido
925,Bogotá,Cundinamarca,2023-03-02,publicidad_pago
926,Bogotá,Cundinamarca,2023-05-30,redes_sociales
927,Medellín,Antioquia,2023-04-13,redes_sociales
928,Cartagena,Bolívar,2023-03-28,orgánico
929,Bogotá,Cundinamarca,2023-07-29,publicidad_pago
930,Medellín,Antioquia,2024-06-17,redes_sociales
931,NAN,Atlántico,2023-04-20,publicidad_pago
932,Barranquilla,Atlántico,2023-05-09,redes_sociales
933,Bucaramanga,Santander,2024-06-28,redes_sociales
934,Ibagué,Tolima,2023-04-21,redes_sociales
935,Cartagena,Bolívar,2024-03-30,publicidad_pago
936,Bogotá,Cundinamarca,2023-12-06,redes_sociales
937,Cali,Valle del Cauca,2024-05-22,publicidad_pago
938,Barranquilla,Atlántico,2023-11-01,orgánico
939,Bogotá,Cundinamarca,2023-11-21,publicidad_pago
940,Bogotá,Cundinamarca,2023-05-04,publicidad_pago
941,Bogotá,Cundinamarca,2023-11-11,publicidad_pago
942,Medellín,Antioquia,2024-01-02,orgánico
943,Medellín,Antioquia,2024-06-23,publicidad_pago
944,Bogotá,Cundinamarca,2023-02-23,orgánico
945,Ibagué,Tolima,2023-03-27,orgánico
946,Cúcuta,Norte de Santander,2023-01-11,publicidad_pago
947,Bogotá,Cundinamarca,2024-03-08,publicidad_pago
948,Cúcuta,Norte de Santander,2023-02-15,orgánico
949, Bogotá ,Cundinamarca,2024-05-15,referido
950,Cúcuta,Norte de Santander,2023-07-19,redes_sociales
951,Neiva,Huila,2023-06-07,referido
952,Bogotá,Cundinamarca,2024-06-17,publicidad_pago
953,Bucaramanga,Santander,2024-01-30,referido
954,Neiva,Huila,2023-10-27,publicidad_pago
955,Manizales,Caldas,2024-05-01,referido
956,Neiva,Huila,2024-02-17,redes_sociales
957,Cali,Valle del Cauca,2023-12-15,orgánico
958,Bogotá,Cundinamarca,2023-06-25,redes_sociales
959,Pereira,Risaralda,2024-06-23,publicidad_pago
960,Barranquilla,Atlántico,2024-01-29,orgánico
961,Barranquilla,Atlántico,2024-06-01,referido
962,Medellín,Antioquia,2024-06-12,orgánico
963,Cali,Valle del Cauca,2023-10-28,publicidad_pago
964,Bogotá,Cundinamarca,2023-07-15,redes_sociales
965,Bucaramanga,Santander,2024-06-02,publicidad_pago
966,Bogotá,Cundinamarca,2024-06-30,referido
967,Bucaramanga,Santander,2023-03-08,redes_sociales
968,Pereira,Risaralda,2023-12-16,publicidad_pago
969,,Valle del Cauca,2023-11-26,orgánico
970,Cali,Valle del Cauca,2024-02-14,publicidad_pago
971,Medellín,Antioquia,2024-06-17,publicidad_pago
972,Neiva,Huila,2023-05-18,orgánico
973,Bucaramanga,Santander,2024-06-17,orgánico
974,Medellín,Antioquia,2023-12-18,redes_sociales
975,Bogotá,Cundinamarca,2023-02-15,orgánico
976,Bogotá,Cundinamarca,2023-10-07,publicidad_pago
977,Cali,Valle del Cauca,2023-03-15,orgánico
978,Cúcuta,Norte de Santander,2024-06-07,referido
979,Bucaramanga,Santander,2024-02-22,referido
980,Bogotá,Cundinamarca,2024-05-09,referido
981,,Risaralda,2023-11-26,redes_sociales
982,Medellín,Antioquia,2023-08-05,orgánico
983,Pereira,Risaralda,2023-08-23,publicidad_pago
984,Bogotá,Cundinamarca,2024-06-01,publicidad_pago
985,Barranquilla,Atlántico,2023-03-24,referido
986,Cúcuta,Norte de Santander,2024-04-28,redes_sociales
987,BOGOTÁ,Cundinamarca,2023-08-19,orgánico
988,Cartagena,Bolívar,2023-11-19,referido
989,Santa Marta,Magdalena,2023-12-31,publicidad_pago
990,Bogotá,Cundinamarca,2023-02-14,orgánico
991,Bogotá,Cundinamarca,2023-03-23,publicidad_pago
992,Cartagena,Bolívar,2023-03-29,orgánico
993,Medellín,Antioquia,2024-03-01,redes_sociales
994,Bogotá,Cundinamarca,2023-02-12,redes_sociales
995,,Valle del Cauca,2023-12-01,redes_sociales
996,Bucaramanga,Santander,2023-03-01,orgánico
997,Medellín,Antioquia,2024-02-24,orgánico
998,Medellín,Antioquia,2024-06-18,redes_sociales
999,Pereira,Risaralda,2023-08-15,orgánico
1000,Cali,Valle del Cauca,2023-04-27,redes_sociales
1001,Pereira,Risaralda,2023-09-01,redes_sociales
1002,Medellín,Antioquia,2024-01-13,publicidad_pago
1003,Neiva,Huila,2024-02-02,publicidad_pago
1004,Barranquilla,Atlántico,2023-12-15,orgánico
1005,Bogotá,Cundinamarca,2023-11-15,orgánico
1006,Manizales,Caldas,2023-12-12,publicidad_pago
1007,Cali,Valle del Cauca,2023-04-29,publicidad_pago
1008,Bogotá,Cundinamarca,2023-04-24,referido
1009,Bogotá,Cundinamarca,2024-05-24,referido
1010,Cartagena,Bolívar,2023-11-13,redes_sociales
1011,BOGOTÁ,Cundinamarca,2024-04-16,publicidad_pago
1012,Medellín,Antioquia,2023-12-09,redes_sociales
1013,Bogotá,Cundinamarca,2023-09-07,publicidad_pago
1014,Medellín,Antioquia,2023-11-09,referido
1015,Medellín,Antioquia,2024-01-14,publicidad_pago
1016,Cali,Valle del Cauca,2023-04-12,redes_sociales
1017,Bogotá,Cundinamarca,2023-09-10,redes_sociales
1018,Bogotá,Cundinamarca,2024-01-31,orgánico
1019,Barranquilla,Atlántico,2023-02-17,redes_sociales
1020,Medellín,Antioquia,2023-02-10,publicidad_pago
1021,Barranquilla,Atlántico,2023-03-29,publicidad_pago
1022, Bogotá ,Cundinamarca,2023-11-20,orgánico
1023,Bogotá,Cundinamarca,2023-05-11,publicidad_pago
1024,Bogotá,Cundinamarca,2023-08-27,redes_sociales
1025,Medellín,Antioquia,2023-03-15,redes_sociales
1026,Medellín,Antioquia,2023-05-17,redes_sociales
1027,Ibagué,Tolima,2023-01-10,redes_sociales
1028,Medellín,Antioquia,2024-03-17,publicidad_pago
1029,Cali,Valle del Cauca,2023-09-13,publicidad_pago
1030,Barranquilla,Atlántico,2023-04-07,publicidad_pago
1031,Bogotá,Cundinamarca,2023-10-15,redes_sociales
1032,Cali,Valle del Cauca,2024-05-25,publicidad_pago
1033,Medellín,Antioquia,2024-03-27,orgánico
1034,Medellín,Antioquia,2024-04-28,redes_sociales
1035,Bogotá,Cundinamarca,2023-08-11,redes_sociales
1036,Ibagué,Tolima,2023-07-17,publicidad_pago
1037,Cúcuta,Norte de Santander,2023-06-22,referido
1038,Bogotá,Cundinamarca,2023-06-16,orgánico
1039,Barranquilla,Atlántico,2024-05-18,publicidad_pago
1040,Bucaramanga,Santander,2023-03-17,orgánico
1041,Medellín,Antioquia,2024-04-10,redes_sociales
1042,Ibagué,Tolima,2024-05-16,publicidad_pago
1043,Barranquilla,Atlántico,2024-04-06,publicidad_pago
1044,Cúcuta,Norte de Santander,2023-12-10,publicidad_pago
1045,Santa Marta,Magdalena,2024-04-13,publicidad_pago
1046,Bogotá,Cundinamarca,2023-01-18,orgánico
1047,Medellín,Antioquia,2024-03-23,referido
1048,Cali,Valle del Cauca,2023-10-07,referido
1049,Bogotá,Cundinamarca,2024-06-08,redes_sociales
1050,Medellín,Antioquia,2023-02-16,orgánico
1051,Santa Marta,Magdalena,2024-05-23,orgánico
1052,Bogotá,Cundinamarca,2023-11-10,publicidad_pago
1053,Medellín,Antioquia,2023-02-26,referido
1054,Pereira,Risaralda,2023-10-06,publicidad_pago
1055,Medellín,Antioquia,2023-01-21,redes_sociales
1056, Cali ,Valle del Cauca,2023-02-15,orgánico
1057,Neiva,Huila,2023-10-18,redes_sociales
1058,Cali,Valle del Cauca,2024-03-22,redes_sociales
1059,Bogotá,Cundinamarca,2023-03-01,orgánico
1060,Bogotá,Cundinamarca,2023-05-24,orgánico
1061, Cúcuta ,Norte de Santander,2023-08-03,orgánico
1062,Bogotá,Cundinamarca,2023-10-24,orgánico
1063,Cali,Valle del Cauca,2023-01-01,publicidad_pago
1064,Bogotá,Cundinamarca,2023-12-16,redes_sociales
1065,Medellín,Antioquia,2023-09-30,redes_sociales
1066,Cúcuta,Norte de Santander,2024-06-10,redes_sociales
1067,Cali,Valle del Cauca,2023-06-14,referido
1068,Neiva,Huila,2023-09-28,publicidad_pago
1069,Bogotá,Cundinamarca,2023-02-14,redes_sociales
1070,Cali,Valle del Cauca,2024-05-16,publicidad_pago
1071,Pereira,Risaralda,2024-04-01,publicidad_pago
1072,Medellín,Antioquia,2023-07-14,publicidad_pago
1073,Bogotá,Cundinamarca,2023-09-09,redes_sociales
1074,,Risaralda,2024-04-14,redes_sociales
1075,Medellín,Antioquia,2023-06-11,redes_sociales
1076,Cali,Valle del Cauca,2023-05-09,redes_sociales
1077,Neiva,Huila,2023-05-13,orgánico
1078,Bogotá,Cundinamarca,2024-01-22,redes_sociales
1079,Medellín,Antioquia,2023-04-26,redes_sociales
1080,Bogotá,Cundinamarca,2023-02-18,redes_sociales
1081,Medellín,Antioquia,2023-04-01,redes_sociales
1082,Bogotá,Cundinamarca,2024-06-23,orgánico
1083,Cartagena,Bolívar,2024-04-22,orgánico
1084,Bogotá,Cundinamarca,2024-06-05,redes_sociales
1085,Cartagena,Bolívar,2023-06-01,publicidad_pago
1086, Bogotá ,Cundinamarca,2023-08-30,orgánico
1087,Medellín,Antioquia,2023-09-26,orgánico
1088,Medellín,Antioquia,2023-10-14,orgánico
1089,Cartagena,Bolívar,2023-01-15,redes_sociales
1090,Cali,Valle del Cauca,2023-11-23,orgánico
1091,Medellín,Antioquia,2023-01-22,redes_sociales
1092,Pereira,Risaralda,2023-05-31,redes_sociales
1093, Cali ,Valle del Cauca,2023-06-09,referido
1094,Bogotá,Cundinamarca,2024-01-04,publicidad_pago
1095,Manizales,Caldas,2024-05-05,orgánico
1096,Medellín,Antioquia,2024-01-18,redes_sociales
1097,Bogotá,Cundinamarca,2023-08-27,publicidad_pago
1098,Cali,Valle del Cauca,2023-10-15,orgánico
1099,Bogotá,Cundinamarca,2023-10-08,referido
1100,Bogotá,Cundinamarca,2023-03-22,redes_sociales
1101,Bucaramanga,Santander,2024-06-07,orgánico
1102,Bogotá,Cundinamarca,2024-05-17,orgánico
1103,Ibagué,Tolima,2023-05-12,referido
1104,Cúcuta,Norte de Santander,2023-03-04,referido
1105,Barranquilla,Atlántico,2023-04-01,publicidad_pago
1106,Cartagena,Bolívar,2023-12-11,orgánico
1107,Cartagena,Bolívar,2023-01-17,publicidad_pago
1108,Santa Marta,Magdalena,2023-02-26,orgánico
1109,Medellín,Antioquia,2023-12-21,redes_sociales
1110,BOGOTÁ,Cundinamarca,2023-03-21,publicidad_pago
1111,Cali,Valle del Cauca,2023-02-07,referido
1112,Cali,Valle del Cauca,2023-01-12,redes_sociales
1113,Bogotá,Cundinamarca,2024-01-22,redes_sociales
1114,Barranquilla,Atlántico,2023-07-18,orgánico
1115,Bogotá,Cundinamarca,2023-06-05,redes_sociales
1116,Cúcuta,Norte de Santander,2023-12-16,orgánico
1117,Bogotá,Cundinamarca,2023-04-04,publicidad_pago
1118,Bogotá,Cundinamarca,2023-10-13,orgánico
1119,Bogotá,Cundinamarca,2023-09-22,publicidad_pago
1120,Bogotá,Cundinamarca,2024-01-04,orgánico
1121,Bogotá,Cundinamarca,2023-12-08,redes_sociales
1122,Bogotá,Cundinamarca,2024-01-05,orgánico
1123,Bogotá,Cundinamarca,2023-04-27,redes_sociales
1124,Bogotá,Cundinamarca,2023-03-18,redes_sociales
1125,Medellín,Antioquia,2023-10-20,redes_sociales
1126,Medellín,Antioquia,2023-02-01,referido
1127,Medellín,Antioquia,2023-09-06,orgánico
1128,Medellín,Antioquia,2023-12-09,redes_sociales
1129,Bogotá,Cundinamarca,2024-03-25,referido
1130,Bogotá,Cundinamarca,2023-12-24,orgánico
1131,Bogotá,Cundinamarca,2024-06-28,publicidad_pago
1132,Bucaramanga,Santander,2023-11-01,referido
1133,Santa Marta,Magdalena,2023-09-02,publicidad_pago
1134,CÚCUTA,Norte de Santander,2023-05-15,redes_sociales
1135,Cali,Valle del Cauca,2024-01-04,publicidad_pago
1136,Cali,Valle del Cauca,2024-03-19,redes_sociales
1137,Medellín,Antioquia,2023-06-25,redes_sociales
1138,Bucaramanga,Santander,2023-02-11,referido
1139,Bucaramanga,Santander,2023-01-06,orgánico
1140,Pereira,Risaralda,2023-12-12,publicidad_pago
1141,MANIZALES,Caldas,2023-12-29,redes_sociales
1142,Medellín,Antioquia,2023-03-07,orgánico
1143,Bucaramanga,Santander,2023-01-13,redes_sociales
1144,Ibagué,Tolima,2023-12-24,publicidad_pago
1145,Medellín,Antioquia,2023-08-06,redes_sociales
1146,Cúcuta,Norte de Santander,2023-08-17,publicidad_pago
1147,Bogotá,Cundinamarca,2023-05-24,redes_sociales
1148,Santa Marta,Magdalena,2024-01-28,referido
1149,Bucaramanga,Santander,2024-02-12,redes_sociales
1150,Bogotá,Cundinamarca,2023-01-29,publicidad_pago
1151,Barranquilla,Atlántico,2023-02-18,orgánico
1152,Bogotá,Cundinamarca,2023-10-31,redes_sociales
1153,Bucaramanga,Santander,2023-11-26,referido
1154,Ibagué,Tolima,2023-03-21,orgánico
1155,Barranquilla,Atlántico,2023-03-28,redes_sociales
1156,Pereira,Risaralda,2024-01-09,publicidad_pago
1157,Bogotá,Cundinamarca,2023-09-06,publicidad_pago
1158,Bogotá,Cundinamarca,2023-03-07,publicidad_pago
1159,Medellín,Antioquia,2023-11-30,publicidad_pago
1160,Bogotá,Cundinamarca,2023-02-10,referido
1161,Medellín,Antioquia,2023-05-07,redes_sociales
1162,Bogotá,Cundinamarca,2024-01-26,redes_sociales
1163,Medellín,Antioquia,2023-05-02,publicidad_pago
1164,Medellín,Antioquia,2023-02-04,publicidad_pago
1165,Pereira,Risaralda,2024-06-09,orgánico
1166,Bogotá,Cundinamarca,2023-05-03,redes_sociales
1167,Manizales,Caldas,2023-10-09,redes_sociales
1168,,Antioquia,2024-03-27,publicidad_pago
1169,Medellín,Antioquia,2024-06-25,redes_sociales
1170,Cali,Valle del Cauca,2024-03-18,publicidad_pago
1171,Medellín,Antioquia,2023-07-05,publicidad_pago
1172,Bogotá,Cundinamarca,2024-04-12,orgánico
1173,Cali,Valle del Cauca,2023-01-07,redes_sociales
1174,Bogotá,Cundinamarca,2023-06-28,redes_sociales
1175,Medellín,Antioquia,2023-04-20,orgánico
1176,Cali,Valle del Cauca,2023-10-16,redes_sociales
1177,Medellín,Antioquia,2024-05-02,redes_sociales
1178,Ibagué,Tolima,2024-02-28,publicidad_pago
1179,Bogotá,Cundinamarca,2024-06-30,redes_sociales
1180,Neiva,Huila,2023-03-16,orgánico
1181,Ibagué,Tolima,2024-02-16,redes_sociales
1182,Neiva,Huila,2024-02-01,publicidad_pago
1183,Pereira,Risaralda,2023-09-07,redes_sociales
1184,,Cundinamarca,2023-02-23,orgánico
1185,CALI,Valle del Cauca,2023-02-27,referido
1186, Bogotá ,Cundinamarca,2024-05-14,orgánico
1187,Ibagué,Tolima,2023-06-11,orgánico
1188,Barranquilla,Atlántico,2023-12-15,redes_sociales
1189,Bogotá,Cundinamarca,2024-06-01,publicidad_pago
1190,,Norte de Santander,2023-09-27,publicidad_pago
1191,Bogotá,Cundinamarca,2023-04-25,orgánico
1192,Cali,Valle del Cauca,2023-09-23,publicidad_pago
1193,Bucaramanga,Santander,2023-05-06,publicidad_pago
1194,Bogotá,Cundinamarca,2023-04-10,publicidad_pago
1195,Barranquilla,Atlántico,2024-03-19,referido
1196,Ibagué,Tolima,2023-07-09,publicidad_pago
1197,Bogotá,Cundinamarca,2024-01-10,orgánico
1198,Cali,Valle del Cauca,2024-02-02,orgánico
1199,Bogotá,Cundinamarca,2023-10-28,referido
1200,Cartagena,Bolívar,2023-10-23,redes_sociales
1201,Bogotá,Cundinamarca,2023-04-09,redes_sociales
1202,,Norte de Santander,2023-10-17,referido
1203,Manizales,Caldas,2024-02-16,publicidad_pago
1204,Bogotá,Cundinamarca,2023-04-17,publicidad_pago
1205,Medellín,Antioquia,2023-05-07,publicidad_pago
1206,Barranquilla,Atlántico,2024-01-13,orgánico
1207,CARTAGENA,Bolívar,2024-06-21,publicidad_pago
1208,Medellín,Antioquia,2023-08-03,referido
1209,Bogotá,Cundinamarca,2024-03-29,orgánico
1210,Bogotá,Cundinamarca,2023-04-10,orgánico
1211,Santa Marta,Magdalena,2023-11-08,publicidad_pago
1212,Medellín,Antioquia,2024-05-31,redes_sociales
1213,Pereira,Risaralda,2023-08-30,orgánico
1214,Cali,Valle del Cauca,2023-10-05,orgánico
1215,Cúcuta,Norte de Santander,2023-03-26,orgánico
1216,BOGOTÁ,Cundinamarca,2023-10-16,orgánico
1217,Bogotá,Cundinamarca,2023-11-17,publicidad_pago
1218,Cúcuta,Norte de Santander,2024-06-20,publicidad_pago
1219,Cúcuta,Norte de Santander,2023-04-20,publicidad_pago
1220,Medellín,Antioquia,2023-07-20,orgánico
1221, Medellín ,Antioquia,2023-12-21,redes_sociales
1222,Medellín,Antioquia,2024-05-30,orgánico
1223,Medellín,Antioquia,2023-05-11,publicidad_pago
1224,Bogotá,Cundinamarca,2024-01-16,referido
1225,Manizales,Caldas,2024-04-26,redes_sociales
1226,Bogotá,Cundinamarca,2023-12-13,referido
1227,,Bolívar,2023-08-22,orgánico
1228,Bogotá,Cundinamarca,2023-05-09,orgánico
1229,Bogotá,Cundinamarca,2023-06-07,publicidad_pago
1230,Barranquilla,Atlántico,2023-01-29,redes_sociales
1231,Medellín,Antioquia,2023-03-25,referido
1232,Barranquilla,Atlántico,2023-08-28,orgánico
1233,Bogotá,Cundinamarca,2023-03-18,publicidad_pago
1234,Cúcuta,Norte de Santander,2023-01-06,orgánico
1235,Bucaramanga,Santander,2024-01-14,orgánico
1236,Pereira,Risaralda,2023-02-08,redes_sociales
1237,Bogotá,Cundinamarca,2023-03-19,referido
1238,Medellín,Antioquia,2023-11-22,redes_sociales
1239,Medellín,Antioquia,2024-05-19,redes_sociales
1240,Cali,Valle del Cauca,2024-02-01,orgánico
1241,Medellín,Antioquia,2023-01-18,orgánico
1242,Bogotá,Cundinamarca,2023-04-02,orgánico
1243,Medellín,Antioquia,2024-02-09,publicidad_pago
1244,Bogotá,Cundinamarca,2024-02-05,orgánico
1245,Medellín,Antioquia,2023-08-02,orgánico
1246,Bogotá,Cundinamarca,2024-06-03,redes_sociales
1247,Bogotá,Cundinamarca,2024-04-30,redes_sociales
1248,Barranquilla,Atlántico,2024-02-11,redes_sociales
1249,Medellín,Antioquia,2024-02-14,orgánico
1250,Medellín,Antioquia,2024-03-05,redes_sociales
1251,Cali,Valle del Cauca,2023-03-23,publicidad_pago
1252,Bucaramanga,Santander,2024-01-19,orgánico
1253,Medellín,Antioquia,2024-05-29,publicidad_pago
1254,Barranquilla,Atlántico,2023-05-03,orgánico
1255,,Huila,2023-01-09,referido
1256, Cali ,Valle del Cauca,2023-07-17,referido
1257,Manizales,Caldas,2023-05-28,orgánico
1258,Ibagué,Tolima,2024-06-03,redes_sociales
1259,Bogotá,Cundinamarca,2023-09-01,redes_sociales
1260,Medellín,Antioquia,2023-12-28,publicidad_pago
1261,Cartagena,Bolívar,2024-06-21,redes_sociales
1262,Santa Marta,Magdalena,2024-03-07,redes_sociales
1263,Medellín,Antioquia,2024-02-14,orgánico
1264,Bogotá,Cundinamarca,2024-06-13,orgánico
1265,Cali,Valle del Cauca,2024-01-12,publicidad_pago
1266,Bogotá,Cundinamarca,2023-05-07,redes_sociales
1267,Bucaramanga,Santander,2024-02-02,publicidad_pago
1268,Cali,Valle del Cauca,2023-06-25,publicidad_pago
1269,Bucaramanga,Santander,2023-07-01,redes_sociales
1270,Pereira,Risaralda,2023-12-19,redes_sociales
1271,Barranquilla,Atlántico,2023-06-22,referido
1272,Barranquilla,Atlántico,2023-01-14,publicidad_pago
1273,Bucaramanga,Santander,2024-06-30,publicidad_pago
1274,Pereira,Risaralda,2023-11-09,referido
1275,Pereira,Risaralda,2024-01-02,redes_sociales
1276,Bogotá,Cundinamarca,2024-03-18,publicidad_pago
1277,Cali,Valle del Cauca,2023-12-14,publicidad_pago
1278,Bogotá,Cundinamarca,2023-11-30,orgánico
1279,Pereira,Risaralda,2024-03-09,redes_sociales
1280,Barranquilla,Atlántico,2023-06-11,redes_sociales
1281,Medellín,Antioquia,2024-03-29,redes_sociales
1282,Bogotá,Cundinamarca,2024-02-01,orgánico
1283,Medellín,Antioquia,2023-04-10,publicidad_pago
1284,Cartagena,Bolívar,2023-03-21,publicidad_pago
1285,Bogotá,Cundinamarca,2024-04-26,redes_sociales
1286,Bogotá,Cundinamarca,2024-05-04,orgánico
1287,Manizales,Caldas,2024-06-27,redes_sociales
1288,Bucaramanga,Santander,2023-02-25,orgánico
1289,Bogotá,Cundinamarca,2024-05-04,orgánico
1290,Medellín,Antioquia,2024-04-17,redes_sociales
1291,Neiva,Huila,2024-02-24,publicidad_pago
1292,Cartagena,Bolívar,2023-09-30,redes_sociales
1293,Barranquilla,Atlántico,2023-10-06,redes_sociales
1294,Medellín,Antioquia,2023-08-23,publicidad_pago
1295,Medellín,Antioquia,2023-01-17,redes_sociales
1296,Bogotá,Cundinamarca,2023-10-01,publicidad_pago
1297,Bucaramanga,Santander,2023-05-10,orgánico
1298,Bogotá,Cundinamarca,2023-04-20,redes_sociales
1299,Bogotá,Cundinamarca,2023-01-31,orgánico
1300,Bucaramanga,Santander,2023-09-08,redes_sociales
1301,Cúcuta,Norte de Santander,2023-01-27,referido
1302,Bucaramanga,Santander,2024-04-09,publicidad_pago
1303,Cali,Valle del Cauca,2024-05-01,redes_sociales
1304,Cali,Valle del Cauca,2024-03-14,orgánico
1305,Medellín,Antioquia,2023-06-14,referido
1306,Medellín,Antioquia,2023-03-31,redes_sociales
1307,Cali,Valle del Cauca,2023-10-04,orgánico
1308,Medellín,Antioquia,2024-01-04,referido
1309,Barranquilla,Atlántico,2023-01-12,redes_sociales
1310,Manizales,Caldas,2024-04-13,redes_sociales
1311,Santa Marta,Magdalena,2023-08-28,orgánico
1312,Bogotá,Cundinamarca,2024-03-24,orgánico
1313,Medellín,Antioquia,2023-02-12,publicidad_pago
1314,Bogotá,Cundinamarca,2023-08-21,redes_sociales
1315,Medellín,Antioquia,2023-09-08,referido
1316,Medellín,Antioquia,2023-01-27,orgánico
1317,Bogotá,Cundinamarca,2024-01-22,redes_sociales
1318,Bucaramanga,Santander,2024-05-24,publicidad_pago
1319,Cali,Valle del Cauca,2023-10-23,redes_sociales
1320,Manizales,Caldas,2023-08-05,redes_sociales
1321,Bogotá,Cundinamarca,2023-12-14,redes_sociales
1322,,Cundinamarca,2023-07-17,publicidad_pago
1323,Medellín,Antioquia,2023-07-16,publicidad_pago
1324,Bogotá,Cundinamarca,2024-02-20,orgánico
1325,Bogotá,Cundinamarca,2023-11-20,redes_sociales
1326,Santa Marta,Magdalena,2023-05-25,redes_sociales
1327,Bogotá,Cundinamarca,2023-08-11,orgánico
1328,Bogotá,Cundinamarca,2024-04-01,orgánico
1329,Cali,Valle del Cauca,2023-10-17,referido
1330,Cali,Valle del Cauca,2023-02-11,orgánico
1331,Barranquilla,Atlántico,2024-04-13,orgánico
1332,Medellín,Antioquia,2024-02-10,redes_sociales
1333,Ibagué,Tolima,2023-05-26,orgánico
1334,Bogotá,Cundinamarca,2024-06-12,orgánico
1335,Medellín,Antioquia,2024-06-04,orgánico
1336,Cartagena,Bolívar,2024-06-28,orgánico
1337,Pereira,Risaralda,2023-07-26,redes_sociales
1338,,Antioquia,2024-05-20,publicidad_pago
1339,Cali,Valle del Cauca,2024-03-17,orgánico
1340,Bogotá,Cundinamarca,2024-04-21,redes_sociales
1341, Bogotá ,Cundinamarca,2023-10-27,redes_sociales
1342,Bogotá,Cundinamarca,2023-06-02,orgánico
1343,,Santander,2023-05-05,redes_sociales
1344,Medellín,Antioquia,2024-06-12,redes_sociales
1345,Bucaramanga,Santander,2023-10-02,orgánico
1346,Bogotá,Cundinamarca,2024-05-22,redes_sociales
1347,Pereira,Risaralda,2023-10-31,orgánico
1348,Pereira,Risaralda,2023-10-20,publicidad_pago
1349,Bogotá,Cundinamarca,2023-02-10,referido
1350,Bogotá,Cundinamarca,2023-08-08,publicidad_pago
1351,Bogotá,Cundinamarca,2023-11-01,orgánico
1352,Pereira,Risaralda,2023-03-01,publicidad_pago
1353,BOGOTÁ,Cundinamarca,2023-03-30,redes_sociales
1354,Cali,Valle del Cauca,2023-11-20,orgánico
1355,Medellín,Antioquia,2023-05-16,referido
1356,Ibagué,Tolima,2024-01-19,publicidad_pago
1357,Cali,Valle del Cauca,2023-09-09,orgánico
1358,Cali,Valle del Cauca,2023-08-09,referido
1359,Santa Marta,Magdalena,2023-03-06,orgánico
1360,Bogotá,Cundinamarca,2023-08-11,redes_sociales
1361,Pereira,Risaralda,2023-10-24,orgánico
1362,Bogotá,Cundinamarca,2023-11-10,orgánico
1363, Cali ,Valle del Cauca,2023-05-28,referido
1364,Manizales,Caldas,2023-01-16,redes_sociales
1365,Cartagena,Bolívar,2024-05-26,orgánico
1366,Cartagena,Bolívar,2024-06-07,publicidad_pago
1367,Bogotá,Cundinamarca,2024-05-09,publicidad_pago
1368,Medellín,Antioquia,2023-06-08,referido
1369,Medellín,Antioquia,2023-11-26,referido
1370,Cali,Valle del Cauca,2023-03-19,referido
1371,Cali,Valle del Cauca,2024-05-10,redes_sociales
1372,Medellín,Antioquia,2023-01-04,orgánico
1373,Medellín,Antioquia,2023-09-15,referido
1374,Bogotá,Cundinamarca,2024-04-13,orgánico
1375,Medellín,Antioquia,2024-02-01,orgánico
1376,Bogotá,Cundinamarca,2024-04-17,redes_sociales
1377,Pereira,Risaralda,2023-09-29,orgánico
1378,Barranquilla,Atlántico,2023-02-22,redes_sociales
1379,BOGOTÁ,Cundinamarca,2023-01-05,referido
1380,Cartagena,Bolívar,2023-03-25,redes_sociales
1381,Pereira,Risaralda,2023-02-01,redes_sociales
1382,Bogotá,Cundinamarca,2023-09-03,redes_sociales
1383,Bogotá,Cundinamarca,2023-01-28,publicidad_pago
1384,Bogotá,Cundinamarca,2023-04-12,orgánico
1385,Bogotá,Cundinamarca,2023-08-18,orgánico
1386,Bucaramanga,Santander,2024-02-07,redes_sociales
1387,Santa Marta,Magdalena,2024-01-04,redes_sociales
1388,Bogotá,Cundinamarca,2023-02-01,redes_sociales
1389,Bucaramanga,Santander,2024-05-09,orgánico
1390,Bogotá,Cundinamarca,2023-10-28,orgánico
1391,Barranquilla,Atlántico,2023-07-10,publicidad_pago
1392,Bucaramanga,Santander,2023-07-29,redes_sociales
1393, Medellín ,Antioquia,2024-04-09,redes_sociales
1394,Bogotá,Cundinamarca,2023-09-12,publicidad_pago
1395,Barranquilla,Atlántico,2023-05-15,publicidad_pago
1396,Santa Marta,Magdalena,2023-08-21,orgánico
1397,Bogotá,Cundinamarca,2023-02-07,publicidad_pago
1398,Bogotá,Cundinamarca,2023-03-25,orgánico
1399,Bogotá,Cundinamarca,2023-06-22,orgánico
1400,Cali,Valle del Cauca,2023-05-01,publicidad_pago
1401,Barranquilla,Atlántico,2023-07-11,orgánico
1402,Ibagué,Tolima,2023-02-05,orgánico
1403,Bucaramanga,Santander,2023-11-30,publicidad_pago
1404,Manizales,Caldas,2023-03-05,publicidad_pago
1405,Ibagué,Tolima,2023-04-29,referido
1406,Bogotá,Cundinamarca,2024-06-18,publicidad_pago
1407,Cali,Valle del Cauca,2023-01-04,orgánico
1408,Medellín,Antioquia,2023-06-03,redes_sociales
1409,Medellín,Antioquia,2023-10-01,redes_sociales
1410,CÚCUTA,Norte de Santander,2023-06-17,publicidad_pago
1411,Cartagena,Bolívar,2023-06-25,orgánico
1412,Neiva,Huila,2023-03-11,orgánico
1413,Medellín,Antioquia,2023-08-20,orgánico
1414,Cali,Valle del Cauca,2024-02-18,publicidad_pago
1415,Cali,Valle del Cauca,2023-11-18,orgánico
1416,Bogotá,Cundinamarca,2024-05-20,redes_sociales
1417,Bogotá,Cundinamarca,2024-01-18,publicidad_pago
1418,Cali,Valle del Cauca,2024-03-07,publicidad_pago
1419,Bogotá,Cundinamarca,2023-08-25,redes_sociales
1420,Cúcuta,Norte de Santander,2023-12-02,orgánico
1421,Bogotá,Cundinamarca,2023-11-13,referido
1422,Bogotá,Cundinamarca,2024-03-20,redes_sociales
1423,Bucaramanga,Santander,2023-10-02,redes_sociales
1424,Bogotá,Cundinamarca,2023-08-10,referido
1425,Manizales,Caldas,2023-02-08,orgánico
1426,Bucaramanga,Santander,2024-04-15,redes_sociales
1427, Bogotá ,Cundinamarca,2023-08-27,orgánico
1428,Cartagena,Bolívar,2024-03-12,orgánico
1429,Barranquilla,Atlántico,2024-01-06,redes_sociales
1430,Bucaramanga,Santander,2023-01-01,publicidad_pago
1431,Ibagué,Tolima,2023-12-23,orgánico
1432,Cartagena,Bolívar,2023-09-24,publicidad_pago
1433,Barranquilla,Atlántico,2023-05-12,publicidad_pago
1434,Medellín,Antioquia,2023-05-25,publicidad_pago
1435,Cartagena,Bolívar,2023-12-15,orgánico
1436,Neiva,Huila,2023-02-17,publicidad_pago
1437,Barranquilla,Atlántico,2023-11-28,orgánico
1438,Cartagena,Bolívar,2024-04-07,publicidad_pago
1439,Medellín,Antioquia,2023-02-17,redes_sociales
1440,Bucaramanga,Santander,2023-01-05,publicidad_pago
1441, Santa Marta ,Magdalena,2023-02-03,orgánico
1442,Bogotá,Cundinamarca,2024-02-04,redes_sociales
1443,Bogotá,Cundinamarca,2024-04-08,orgánico
1444,Cali,Valle del Cauca,2024-06-24,orgánico
1445,Cali,Valle del Cauca,2023-01-16,redes_sociales
1446,Cali,Valle del Cauca,2023-09-21,orgánico
1447,Bogotá,Cundinamarca,2023-01-27,publicidad_pago
1448,Medellín,Antioquia,2023-07-23,publicidad_pago
1449,Barranquilla,Atlántico,2023-06-18,redes_sociales
1450,Barranquilla,Atlántico,2023-11-28,publicidad_pago
1451,Barranquilla,Atlántico,2024-05-12,publicidad_pago
1452,Bucaramanga,Santander,2024-03-16,referido
1453,Barranquilla,Atlántico,2023-02-04,orgánico
1454,Ibagué,Tolima,2023-05-12,redes_sociales
1455,Barranquilla,Atlántico,2023-05-31,publicidad_pago
1456,Cali,Valle del Cauca,2023-05-18,orgánico
1457,Barranquilla,Atlántico,2023-07-13,orgánico
1458,Bogotá,Cundinamarca,2023-11-29,orgánico
1459,Bogotá,Cundinamarca,2024-02-09,redes_sociales
1460,Cali,Valle del Cauca,2024-05-29,redes_sociales
1461,Pereira,Risaralda,2024-01-20,publicidad_pago
1462,Cartagena,Bolívar,2023-06-13,redes_sociales
1463,Bogotá,Cundinamarca,2023-04-11,publicidad_pago
1464,Barranquilla,Atlántico,2023-07-26,orgánico
1465,Bogotá,Cundinamarca,2024-03-13,publicidad_pago
1466,Bucaramanga,Santander,2024-06-27,publicidad_pago
1467,Ibagué,Tolima,2023-08-03,orgánico
1468,Barranquilla,Atlántico,2023-04-07,orgánico
1469,Barranquilla,Atlántico,2023-01-03,orgánico
1470, Medellín ,Antioquia,2023-02-12,referido
1471,Medellín,Antioquia,2023-12-15,orgánico
1472,Pereira,Risaralda,2023-11-19,orgánico
1473,Bucaramanga,Santander,2023-12-18,orgánico
1474,Cali,Valle del Cauca,2023-01-14,orgánico
1475, Medellín ,Antioquia,2023-08-28,redes_sociales
1476,Bogotá,Cundinamarca,2023-04-09,publicidad_pago
1477,BOGOTÁ,Cundinamarca,2023-07-04,redes_sociales
1478,Bogotá,Cundinamarca,2023-12-07,publicidad_pago
1479,Medellín,Antioquia,2023-05-31,orgánico
1480,Cúcuta,Norte de Santander,2023-12-27,redes_sociales
1481,Cali,Valle del Cauca,2023-06-08,publicidad_pago
1482,Bogotá,Cundinamarca,2023-10-07,publicidad_pago
1483,Bogotá,Cundinamarca,2023-09-09,publicidad_pago
1484,Medellín,Antioquia,2023-07-29,orgánico
1485,Ibagué,Tolima,2023-03-10,redes_sociales
1486,Medellín,Antioquia,2023-11-12,publicidad_pago
1487,Bucaramanga,Santander,2024-06-25,orgánico
1488,Ibagué,Tolima,2023-12-18,publicidad_pago
1489,Bogotá,Cundinamarca,2024-02-12,orgánico
1490,Barranquilla,Atlántico,2024-03-15,orgánico
1491,Neiva,Huila,2023-01-21,publicidad_pago
1492,MEDELLÍN,Antioquia,2024-03-09,publicidad_pago
1493,Bogotá,Cundinamarca,2023-05-13,publicidad_pago
1494,Cúcuta,Norte de Santander,2023-12-30,publicidad_pago
1495,Manizales,Caldas,2024-06-22,orgánico
1496,Cali,Valle del Cauca,2024-05-04,redes_sociales
1497,CALI,Valle del Cauca,2023-08-15,referido
1498,Bogotá,Cundinamarca,2024-04-03,orgánico
1499,Ibagué,Tolima,2023-12-05,redes_sociales
1500,Cali,Valle del Cauca,2023-03-14,referido
1501,Bogotá,Cundinamarca,2023-05-12,orgánico
1502,Cartagena,Bolívar,2024-06-07,referido
1503,Neiva,Huila,2024-05-15,redes_sociales
1504,Ibagué,Tolima,2024-05-02,publicidad_pago
1505,Bogotá,Cundinamarca,2023-07-30,redes_sociales
1506,BOGOTÁ,Cundinamarca,2023-06-25,publicidad_pago
1507,Cúcuta,Norte de Santander,2024-03-16,publicidad_pago
1508,Cúcuta,Norte de Santander,2023-01-12,orgánico
1509,Cali,Valle del Cauca,2024-05-05,redes_sociales
1510,Barranquilla,Atlántico,2023-11-27,referido
1511,Cali,Valle del Cauca,2023-12-13,referido
1512,Medellín,Antioquia,2023-08-28,referido
1513,Bogotá,Cundinamarca,2024-06-19,redes_sociales
1514,Bogotá,Cundinamarca,2024-02-15,redes_sociales
1515,Bogotá,Cundinamarca,2023-01-30,redes_sociales
1516,Pereira,Risaralda,2023-10-14,redes_sociales
1517,Bogotá,Cundinamarca,2024-04-15,redes_sociales
1518,Bogotá,Cundinamarca,2023-02-11,orgánico
1519,Cali,Valle del Cauca,2024-02-08,orgánico
1520,,Cundinamarca,2023-05-14,redes_sociales
1521,Bogotá,Cundinamarca,2023-10-05,orgánico
1522,Cali,Valle del Cauca,2024-04-27,orgánico
1523,Medellín,Antioquia,2023-09-27,orgánico
1524,Barranquilla,Atlántico,2023-01-21,publicidad_pago
1525,Manizales,Caldas,2023-01-12,referido
1526,Bogotá,Cundinamarca,2024-02-07,redes_sociales
1527,Manizales,Caldas,2024-05-24,referido
1528,Manizales,Caldas,2023-06-09,publicidad_pago
1529,Ibagué,Tolima,2024-05-26,orgánico
1530,Barranquilla,Atlántico,2023-09-05,orgánico
1531,Barranquilla,Atlántico,2023-02-02,orgánico
1532,Barranquilla,Atlántico,2023-10-18,orgánico
1533,Cartagena,Bolívar,2024-06-16,redes_sociales
1534,Bogotá,Cundinamarca,2023-05-17,orgánico
1535,Neiva,Huila,2024-06-09,referido
1536,Barranquilla,Atlántico,2023-12-23,redes_sociales
1537,Ibagué,Tolima,2023-08-05,redes_sociales
1538,Medellín,Antioquia,2024-01-15,referido
1539,Bogotá,Cundinamarca,2023-08-08,referido
1540,Cali,Valle del Cauca,2023-02-16,publicidad_pago
1541,Cali,Valle del Cauca,2024-04-21,publicidad_pago
1542,Medellín,Antioquia,2023-07-24,referido
1543,Medellín,Antioquia,2023-11-06,redes_sociales
1544,Bogotá,Cundinamarca,2024-02-12,publicidad_pago
1545,CALI,Valle del Cauca,2023-02-15,orgánico
1546,Medellín,Antioquia,2024-01-30,redes_sociales
1547,,Huila,2023-07-19,redes_sociales
1548,Bogotá,Cundinamarca,2023-10-25,orgánico
1549,Medellín,Antioquia,2023-09-08,orgánico
1550,Medellín,Antioquia,2024-03-01,orgánico
1551,Cali,Valle del Cauca,2023-04-13,orgánico
1552,Cali,Valle del Cauca,2023-02-28,orgánico
1553,Barranquilla,Atlántico,2023-08-13,redes_sociales
1554,Neiva,Huila,2023-03-06,publicidad_pago
1555,Medellín,Antioquia,2023-05-13,redes_sociales
1556,Cartagena,Bolívar,2023-12-26,publicidad_pago
1557,Bogotá,Cundinamarca,2024-03-23,orgánico
1558,Bogotá,Cundinamarca,2024-01-15,publicidad_pago
1559,Cali,Valle del Cauca,2023-06-23,orgánico
1560,Bogotá,Cundinamarca,2024-03-21,orgánico
1561,Barranquilla,Atlántico,2023-08-11,redes_sociales
1562,Cartagena,Bolívar,2023-04-10,referido
1563,Bucaramanga,Santander,2024-02-18,referido
1564,Cali,Valle del Cauca,2023-10-10,publicidad_pago
1565,Barranquilla,Atlántico,2023-07-22,publicidad_pago
1566,Medellín,Antioquia,2023-12-28,redes_sociales
1567,Bogotá,Cundinamarca,2024-02-01,publicidad_pago
1568,Bogotá,Cundinamarca,2023-05-03,orgánico
1569,Barranquilla,Atlántico,2023-03-06,orgánico
1570,Santa Marta,Magdalena,2023-10-10,referido
1571,Bogotá,Cundinamarca,2023-01-29,referido
1572,Cali,Valle del Cauca,2023-12-16,orgánico
1573,Bucaramanga,Santander,2023-08-29,orgánico
1574,Ibagué,Tolima,2023-04-28,orgánico
1575,Cali,Valle del Cauca,2023-11-24,redes_sociales
1576,Barranquilla,Atlántico,2023-07-25,orgánico
1577,Cartagena,Bolívar,2023-08-01,redes_sociales
1578,Pereira,Risaralda,2023-04-29,orgánico
1579,Bogotá,Cundinamarca,2024-01-05,orgánico
1580,Cúcuta,Norte de Santander,2024-05-08,orgánico
1581,Bogotá,Cundinamarca,2023-12-05,publicidad_pago
1582,Pereira,Risaralda,2023-05-10,orgánico
1583,Bogotá,Cundinamarca,2024-03-31,redes_sociales
1584,Bogotá,Cundinamarca,2023-03-08,publicidad_pago
1585,Bogotá,Cundinamarca,2023-06-08,publicidad_pago
1586,Medellín,Antioquia,2023-01-20,orgánico
1587,Medellín,Antioquia,2024-04-09,publicidad_pago
1588,Bogotá,Cundinamarca,2023-01-25,orgánico
1589,Medellín,Antioquia,2023-10-26,redes_sociales
1590,Medellín,Antioquia,2023-04-15,redes_sociales
1591,Bucaramanga,Santander,2023-04-27,referido
1592,MANIZALES,Caldas,2023-11-29,referido
1593,Barranquilla,Atlántico,2024-03-15,publicidad_pago
1594,,Cundinamarca,2023-01-10,referido
1595,Medellín,Antioquia,2023-03-28,orgánico
1596,Manizales,Caldas,2023-06-06,publicidad_pago
1597,Bogotá,Cundinamarca,2024-05-31,orgánico
1598,Medellín,Antioquia,2023-02-01,orgánico
1599,Cúcuta,Norte de Santander,2023-04-08,redes_sociales
1600,Neiva,Huila,2023-08-09,publicidad_pago
1601,Medellín,Antioquia,2023-06-28,publicidad_pago
1602,Cartagena,Bolívar,2023-01-27,publicidad_pago
1603,Medellín,Antioquia,2023-10-23,redes_sociales
1604,Bucaramanga,Santander,2023-11-29,referido
1605,Bogotá,Cundinamarca,2023-04-07,publicidad_pago
1606,Bogotá,Cundinamarca,2024-01-12,publicidad_pago
1607,Barranquilla,Atlántico,2023-02-01,orgánico
1608,Bogotá,Cundinamarca,2024-02-05,redes_sociales
1609,Cartagena,Bolívar,2023-05-22,publicidad_pago
1610,Medellín,Antioquia,2023-05-03,referido
1611,Manizales,Caldas,2023-04-18,orgánico
1612,Ibagué,Tolima,2024-04-20,orgánico
1613,CALI,Valle del Cauca,2023-10-02,orgánico
1614,Bucaramanga,Santander,2024-01-13,orgánico
1615,Bogotá,Cundinamarca,2023-04-22,publicidad_pago
1616,Cali,Valle del Cauca,2023-01-31,orgánico
1617,Bogotá,Cundinamarca,2023-01-21,redes_sociales
1618,Pereira,Risaralda,2023-08-30,publicidad_pago
1619,Ibagué,Tolima,2023-06-28,redes_sociales
1620,Manizales,Caldas,2024-02-24,orgánico
1621,Pereira,Risaralda,2024-03-07,redes_sociales
1622,Neiva,Huila,2023-06-20,redes_sociales
1623,Bogotá,Cundinamarca,2023-08-26,referido
1624,Cúcuta,Norte de Santander,2023-07-28,publicidad_pago
1625,Cali,Valle del Cauca,2024-01-05,referido
1626,Medellín,Antioquia,2023-12-11,orgánico
1627,Cali,Valle del Cauca,2023-12-23,publicidad_pago
1628,Medellín,Antioquia,2023-01-31,redes_sociales
1629,Medellín,Antioquia,2023-07-04,publicidad_pago
1630, Bogotá ,Cundinamarca,2024-06-12,redes_sociales
1631,Bogotá,Cundinamarca,2023-07-06,orgánico
1632,Cali,Valle del Cauca,2023-04-06,orgánico
1633,Manizales,Caldas,2023-04-20,publicidad_pago
1634,Barranquilla,Atlántico,2023-01-15,publicidad_pago
1635,Cali,Valle del Cauca,2024-03-03,orgánico
1636,Medellín,Antioquia,2023-01-03,redes_sociales
1637,Cali,Valle del Cauca,2023-11-23,publicidad_pago
1638,Bogotá,Cundinamarca,2023-08-07,redes_sociales
1639,Ibagué,Tolima,2023-02-21,orgánico
1640,Bogotá,Cundinamarca,2024-04-28,publicidad_pago
1641,Cartagena,Bolívar,2024-02-10,redes_sociales
1642, Bucaramanga ,Santander,2024-03-24,publicidad_pago
1643,Cali,Valle del Cauca,2024-05-27,publicidad_pago
1644,Pereira,Risaralda,2024-05-13,publicidad_pago
1645,Medellín,Antioquia,2024-01-19,orgánico
1646,Manizales,Caldas,2023-10-19,referido
1647,Bucaramanga,Santander,2024-01-17,orgánico
1648,Ibagué,Tolima,2023-09-03,publicidad_pago
1649,Cartagena,Bolívar,2023-04-10,publicidad_pago
1650,Pereira,Risaralda,2023-07-31,publicidad_pago
1651,Santa Marta,Magdalena,2023-09-13,redes_sociales
1652,Medellín,Antioquia,2023-01-26,orgánico
1653,Ibagué,Tolima,2024-04-08,redes_sociales
1654,Bucaramanga,Santander,2024-05-12,redes_sociales
1655,Medellín,Antioquia,2023-08-18,orgánico
1656,Cúcuta,Norte de Santander,2023-09-29,orgánico
1657,Medellín,Antioquia,2024-04-05,referido
1658,Cali,Valle del Cauca,2023-09-06,orgánico
1659,Bogotá,Cundinamarca,2024-01-12,orgánico
1660,Bogotá,Cundinamarca,2023-10-09,orgánico
1661,Pereira,Risaralda,2023-05-29,redes_sociales
1662,Medellín,Antioquia,2024-03-10,redes_sociales
1663,Medellín,Antioquia,2023-04-16,publicidad_pago
1664,Bogotá,Cundinamarca,2023-05-03,redes_sociales
1665,Cali,Valle del Cauca,2024-01-14,orgánico
1666, Ibagué ,Tolima,2024-01-24,redes_sociales
1667,Manizales,Caldas,2024-06-06,orgánico
1668,Bogotá,Cundinamarca,2024-01-24,publicidad_pago
1669,Cali,Valle del Cauca,2023-01-14,orgánico
1670,Cali,Valle del Cauca,2024-04-09,orgánico
1671,Barranquilla,Atlántico,2023-08-15,redes_sociales
1672,MEDELLÍN,Antioquia,2023-01-05,orgánico
1673,Medellín,Antioquia,2023-11-13,redes_sociales
1674,Cali,Valle del Cauca,2023-04-04,redes_sociales
1675,Barranquilla,Atlántico,2023-08-16,referido
1676,Cali,Valle del Cauca,2023-09-15,orgánico
1677,Cali,Valle del Cauca,2023-02-10,redes_sociales
1678,Ibagué,Tolima,2024-04-10,publicidad_pago
1679,,Santander,2023-10-07,orgánico
1680,Medellín,Antioquia,2024-06-11,redes_sociales
1681,Ibagué,Tolima,2023-09-12,publicidad_pago
1682,Pereira,Risaralda,2023-11-22,publicidad_pago
1683,Bogotá,Cundinamarca,2024-03-20,referido
1684,Barranquilla,Atlántico,2023-04-27,publicidad_pago
1685,Medellín,Antioquia,2024-05-12,redes_sociales
1686,Bucaramanga,Santander,2023-04-11,referido
1687,Bogotá,Cundinamarca,2024-06-28,orgánico
1688,Cartagena,Bolívar,2023-12-16,redes_sociales
1689,Bogotá,Cundinamarca,2023-10-11,publicidad_pago
1690,Cali,Valle del Cauca,2023-04-25,publicidad_pago
1691,Cúcuta,Norte de Santander,2023-11-08,referido
1692,Medellín,Antioquia,2023-10-30,orgánico
1693,Pereira,Risaralda,2024-06-22,publicidad_pago
1694,Santa Marta,Magdalena,2024-04-01,orgánico
1695,Pereira,Risaralda,2023-09-22,publicidad_pago
1696,Bogotá,Cundinamarca,2023-08-02,publicidad_pago
1697,Ibagué,Tolima,2023-07-31,orgánico
1698,Bogotá,Cundinamarca,2023-07-27,publicidad_pago
1699,Medellín,Antioquia,2023-01-08,redes_sociales
1700,Pereira,Risaralda,2023-01-20,redes_sociales
1701, Cartagena ,Bolívar,2024-02-16,referido
1702,,Valle del Cauca,2023-05-19,publicidad_pago
1703,Medellín,Antioquia,2023-08-13,redes_sociales
1704,Ibagué,Tolima,2024-01-17,orgánico
1705,,Bolívar,2023-11-29,orgánico
1706,Cali,Valle del Cauca,2023-07-17,orgánico
1707,Manizales,Caldas,2024-02-16,orgánico
1708,Bogotá,Cundinamarca,2023-03-28,orgánico
1709,Bogotá,Cundinamarca,2023-09-16,redes_sociales
1710,Barranquilla,Atlántico,2023-02-27,publicidad_pago
1711,Neiva,Huila,2023-10-18,orgánico
1712,Bogotá,Cundinamarca,2023-02-21,redes_sociales
1713,Bogotá,Cundinamarca,2024-05-30,referido
1714,Bogotá,Cundinamarca,2023-12-27,orgánico
1715,Pereira,Risaralda,2023-05-15,publicidad_pago
1716,Bogotá,Cundinamarca,2023-12-02,orgánico
1717,Cali,Valle del Cauca,2023-07-11,redes_sociales
1718,Santa Marta,Magdalena,2023-10-11,publicidad_pago
1719,Bogotá,Cundinamarca,2023-04-02,orgánico
1720,Cali,Valle del Cauca,2023-10-01,orgánico
1721,Cali,Valle del Cauca,2023-02-28,publicidad_pago
1722,Ibagué,Tolima,2023-03-25,orgánico
1723,Medellín,Antioquia,2023-11-16,publicidad_pago
1724,Medellín,Antioquia,2023-10-01,redes_sociales
1725,Bogotá,Cundinamarca,2023-06-10,orgánico
1726,Bucaramanga,Santander,2023-02-02,publicidad_pago
1727,Ibagué,Tolima,2023-08-20,redes_sociales
1728,Bogotá,Cundinamarca,2024-05-21,orgánico
1729,Medellín,Antioquia,2024-01-23,referido
1730,Manizales,Caldas,2023-02-01,redes_sociales
1731,Bogotá,Cundinamarca,2024-05-28,publicidad_pago
1732,Medellín,Antioquia,2023-08-20,orgánico
1733,Cali,Valle del Cauca,2023-11-11,orgánico
1734,Medellín,Antioquia,2023-01-01,publicidad_pago
1735,Bogotá,Cundinamarca,2023-06-19,publicidad_pago
1736,Cali,Valle del Cauca,2024-03-06,orgánico
1737,Bogotá,Cundinamarca,2023-06-30,publicidad_pago
1738,Cali,Valle del Cauca,2023-04-01,redes_sociales
1739,Cartagena,Bolívar,2023-02-19,orgánico
1740,Cali,Valle del Cauca,2024-05-20,publicidad_pago
1741,Bogotá,Cundinamarca,2024-03-20,redes_sociales
1742,Pereira,Risaralda,2023-01-25,redes_sociales
1743,Bogotá,Cundinamarca,2024-05-21,publicidad_pago
1744,Bucaramanga,Santander,2024-03-24,redes_sociales
1745,Medellín,Antioquia,2023-07-16,referido
1746,IBAGUÉ,Tolima,2023-12-26,publicidad_pago
1747,Bogotá,Cundinamarca,2023-05-22,redes_sociales
1748,Bogotá,Cundinamarca,2023-05-17,redes_sociales
1749,Cali,Valle del Cauca,2024-01-26,referido
1750,Bogotá,Cundinamarca,2023-04-21,publicidad_pago
1751,Bogotá,Cundinamarca,2023-07-14,orgánico
1752,BUCARAMANGA,Santander,2023-07-15,orgánico
1753,Pereira,Risaralda,2023-03-24,redes_sociales
1754,Bogotá,Cundinamarca,2024-03-29,publicidad_pago
1755,Manizales,Caldas,2024-01-04,referido
1756,Ibagué,Tolima,2024-04-16,publicidad_pago
1757,Pereira,Risaralda,2023-10-14,orgánico
1758,Cartagena,Bolívar,2023-04-06,publicidad_pago
1759,Cartagena,Bolívar,2023-06-02,orgánico
1760,Cali,Valle del Cauca,2023-07-13,redes_sociales
1761,Barranquilla,Atlántico,2024-05-30,redes_sociales
1762,Manizales,Caldas,2023-05-10,redes_sociales
1763,Bogotá,Cundinamarca,2024-01-15,redes_sociales
1764,Medellín,Antioquia,2023-03-09,orgánico
1765,Bogotá,Cundinamarca,2024-06-06,orgánico
1766,Cúcuta,Norte de Santander,2023-12-20,publicidad_pago
1767,MEDELLÍN,Antioquia,2023-08-24,orgánico
1768,Cartagena,Bolívar,2023-07-09,redes_sociales
1769,Pereira,Risaralda,2023-07-13,orgánico
1770,,Magdalena,2023-05-04,orgánico
1771,Bogotá,Cundinamarca,2023-11-25,orgánico
1772,Ibagué,Tolima,2024-04-18,publicidad_pago
1773,Manizales,Caldas,2023-05-12,redes_sociales
1774,Bogotá,Cundinamarca,2024-02-14,orgánico
1775,Bucaramanga,Santander,2023-11-06,publicidad_pago
1776,Medellín,Antioquia,2024-02-28,orgánico
1777,Barranquilla,Atlántico,2024-02-26,publicidad_pago
1778,Cali,Valle del Cauca,2023-01-22,orgánico
1779,Bogotá,Cundinamarca,2023-01-12,referido
1780,BOGOTÁ,Cundinamarca,2024-05-15,orgánico
1781,Bogotá,Cundinamarca,2023-03-27,redes_sociales
1782,Bogotá,Cundinamarca,2023-11-11,redes_sociales
1783,Barranquilla,Atlántico,2024-02-16,redes_sociales
1784,Medellín,Antioquia,2023-10-03,publicidad_pago
1785,Bogotá,Cundinamarca,2023-01-04,orgánico
1786,Cartagena,Bolívar,2023-01-06,redes_sociales
1787,Cartagena,Bolívar,2024-01-02,publicidad_pago
1788,CALI,Valle del Cauca,2024-05-06,publicidad_pago
1789,Cúcuta,Norte de Santander,2023-07-07,redes_sociales
1790,Medellín,Antioquia,2023-10-25,redes_sociales
1791,Pereira,Risaralda,2024-05-25,publicidad_pago
1792,Bogotá,Cundinamarca,2024-03-27,publicidad_pago
1793,Bucaramanga,Santander,2023-10-23,publicidad_pago
1794,Santa Marta,Magdalena,2023-12-25,publicidad_pago
1795,Pereira,Risaralda,2024-06-09,redes_sociales
1796,Cali,Valle del Cauca,2024-03-11,redes_sociales
1797,BARRANQUILLA,Atlántico,2023-08-16,redes_sociales
1798,Medellín,Antioquia,2024-01-15,orgánico
1799,Cartagena,Bolívar,2023-06-29,publicidad_pago
1800,Bucaramanga,Santander,2024-05-18,redes_sociales
1801,Santa Marta,Magdalena,2023-02-21,orgánico
1802,Cali,Valle del Cauca,2023-05-04,publicidad_pago
1803,Bogotá,Cundinamarca,2023-07-09,orgánico
1804,Barranquilla,Atlántico,2023-04-21,orgánico
1805,Bogotá,Cundinamarca,2023-11-22,redes_sociales
1806,Bogotá,Cundinamarca,2024-01-25,publicidad_pago
1807,Medellín,Antioquia,2024-05-02,redes_sociales
1808,BUCARAMANGA,Santander,2023-10-02,orgánico
1809,Bogotá,Cundinamarca,2023-12-06,redes_sociales
1810,Bogotá,Cundinamarca,2023-11-24,orgánico
1811,BOGOTÁ,Cundinamarca,2023-01-02,referido
1812,Pereira,Risaralda,2024-01-23,orgánico
1813, Cartagena ,Bolívar,2023-01-13,publicidad_pago
1814,,Cundinamarca,2023-10-27,orgánico
1815,Bogotá,Cundinamarca,2024-06-30,orgánico
1816,Cali,Valle del Cauca,2024-03-06,redes_sociales
1817,Medellín,Antioquia,2023-10-05,publicidad_pago
1818,Barranquilla,Atlántico,2023-06-24,referido
1819,Medellín,Antioquia,2024-04-02,redes_sociales
1820,Cúcuta,Norte de Santander,2024-04-14,redes_sociales
1821,Medellín,Antioquia,2023-07-21,orgánico
1822,Cartagena,Bolívar,2023-02-28,redes_sociales
1823,Bogotá,Cundinamarca,2023-11-15,redes_sociales
1824,Neiva,Huila,2023-12-13,referido
1825,Santa Marta,Magdalena,2024-05-25,redes_sociales
1826,Bucaramanga,Santander,2024-05-01,publicidad_pago
1827,Cali,Valle del Cauca,2023-05-06,publicidad_pago
1828,Bogotá,Cundinamarca,2023-05-19,orgánico
1829,Ibagué,Tolima,2024-06-29,redes_sociales
1830,Bucaramanga,Santander,2023-06-28,publicidad_pago
1831,Bogotá,Cundinamarca,2023-09-08,redes_sociales
1832,,Antioquia,2023-06-17,redes_sociales
1833,Cali,Valle del Cauca,2023-08-04,publicidad_pago
1834,Ibagué,Tolima,2023-11-05,orgánico
1835,Cartagena,Bolívar,2023-06-09,publicidad_pago
1836,Barranquilla,Atlántico,2023-08-14,redes_sociales
1837,Barranquilla,Atlántico,2023-07-12,redes_sociales
1838,Bogotá,Cundinamarca,2023-03-01,orgánico
1839,Medellín,Antioquia,2024-03-06,redes_sociales
1840,Bogotá,Cundinamarca,2024-05-02,orgánico
1841,Ibagué,Tolima,2023-09-27,orgánico
1842,Medellín,Antioquia,2023-04-22,redes_sociales
1843,Medellín,Antioquia,2023-12-18,orgánico
1844,Bogotá,Cundinamarca,2023-10-20,redes_sociales
1845,Bogotá,Cundinamarca,2023-10-29,orgánico
1846,Barranquilla,Atlántico,2023-11-22,orgánico
1847,Bogotá,Cundinamarca,2024-01-28,orgánico
1848, nan ,Cundinamarca,2023-01-23,redes_sociales
1849,Bucaramanga,Santander,2023-02-24,orgánico
1850,Medellín,Antioquia,2023-02-22,orgánico
1851,Medellín,Antioquia,2023-03-26,redes_sociales
1852,Medellín,Antioquia,2024-06-15,publicidad_pago
1853,Ibagué,Tolima,2024-02-04,publicidad_pago
1854,Medellín,Antioquia,2023-12-30,orgánico
1855,Bucaramanga,Santander,2024-01-18,publicidad_pago
1856, Cúcuta ,Norte de Santander,2023-01-19,redes_sociales
1857,Cartagena,Bolívar,2023-04-27,redes_sociales
1858,Medellín,Antioquia,2024-03-10,orgánico
1859,Bucaramanga,Santander,2023-09-11,orgánico
1860,Medellín,Antioquia,2023-10-06,redes_sociales
1861,Medellín,Antioquia,2024-02-15,orgánico
1862,Cali,Valle del Cauca,2023-02-11,publicidad_pago
1863,Medellín,Antioquia,2024-03-12,orgánico
1864,BOGOTÁ,Cundinamarca,2024-01-08,orgánico
1865,Medellín,Antioquia,2023-08-09,orgánico
1866,Bogotá,Cundinamarca,2023-10-01,orgánico
1867,Medellín,Antioquia,2023-02-10,redes_sociales
1868,Cali,Valle del Cauca,2023-04-23,orgánico
1869,Cúcuta,Norte de Santander,2023-05-15,redes_sociales
1870,Bogotá,Cundinamarca,2024-04-25,orgánico
1871,Barranquilla,Atlántico,2023-03-03,redes_sociales
1872,Medellín,Antioquia,2023-06-09,referido
1873,Bogotá,Cundinamarca,2023-03-14,publicidad_pago
1874,Bogotá,Cundinamarca,2023-06-05,redes_sociales
1875,Bogotá,Cundinamarca,2023-01-06,redes_sociales
1876,Bogotá,Cundinamarca,2023-05-30,publicidad_pago
1877,Bogotá,Cundinamarca,2024-01-31,referido
1878,Medellín,Antioquia,2024-02-24,redes_sociales
1879,Cali,Valle del Cauca,2023-07-27,orgánico
1880,Bogotá,Cundinamarca,2024-01-22,publicidad_pago
1881,Bogotá,Cundinamarca,2023-12-05,orgánico
1882,Bogotá,Cundinamarca,2024-05-09,publicidad_pago
1883,Cali,Valle del Cauca,2024-03-16,orgánico
1884,Medellín,Antioquia,2023-05-06,orgánico
1885,Cali,Valle del Cauca,2023-11-18,publicidad_pago
1886,Bogotá,Cundinamarca,2024-03-06,publicidad_pago
1887,Bogotá,Cundinamarca,2023-06-17,redes_sociales
1888,Cúcuta,Norte de Santander,2023-11-10,publicidad_pago
1889,Bogotá,Cundinamarca,2023-08-07,publicidad_pago
1890,Bogotá,Cundinamarca,2023-06-18,redes_sociales
1891,Bogotá,Cundinamarca,2023-04-20,referido
1892,Santa Marta,Magdalena,2023-01-20,redes_sociales
1893,Barranquilla,Atlántico,2024-02-15,orgánico
1894,Barranquilla,Atlántico,2024-03-23,publicidad_pago
1895,Santa Marta,Magdalena,2023-12-23,redes_sociales
1896,Bogotá,Cundinamarca,2023-05-12,publicidad_pago
1897,Neiva,Huila,2023-01-11,orgánico
1898,Bogotá,Cundinamarca,2023-12-12,orgánico
1899,Barranquilla,Atlántico,2023-04-20,orgánico
1900,Medellín,Antioquia,2023-10-28,redes_sociales
1901,Medellín,Antioquia,2024-06-14,publicidad_pago
1902,Cúcuta,Norte de Santander,2023-01-03,redes_sociales
1903,Bogotá,Cundinamarca,2023-11-12,orgánico
1904,Santa Marta,Magdalena,2024-06-27,redes_sociales
1905,Medellín,Antioquia,2023-07-02,orgánico
1906,Barranquilla,Atlántico,2024-03-21,redes_sociales
1907,Neiva,Huila,2024-03-28,publicidad_pago
1908,Bogotá,Cundinamarca,2023-09-24,orgánico
1909,Cúcuta,Norte de Santander,2023-06-17,redes_sociales
1910,Cali,Valle del Cauca,2024-01-08,redes_sociales
1911,Cartagena,Bolívar,2023-12-05,orgánico
1912,Bogotá,Cundinamarca,2023-09-18,redes_sociales
1913,Cali,Valle del Cauca,2023-04-16,redes_sociales
1914,Cartagena,Bolívar,2024-02-12,redes_sociales
1915,Medellín,Antioquia,2023-04-26,orgánico
1916,Bogotá,Cundinamarca,2023-03-15,orgánico
1917,Bogotá,Cundinamarca,2023-02-06,publicidad_pago
1918,Pereira,Risaralda,2023-09-02,orgánico
1919,Bogotá,Cundinamarca,2023-03-07,publicidad_pago
1920,,Bolívar,2023-07-03,redes_sociales
1921,Santa Marta,Magdalena,2023-05-13,redes_sociales
1922,Bogotá,Cundinamarca,2023-09-09,publicidad_pago
1923,Bogotá,Cundinamarca,2024-03-01,redes_sociales
1924,Cartagena,Bolívar,2023-09-04,orgánico
1925,Bogotá,Cundinamarca,2023-11-01,orgánico
1926,Barranquilla,Atlántico,2023-03-20,publicidad_pago
1927,Cartagena,Bolívar,2023-03-03,redes_sociales
1928,Barranquilla,Atlántico,2024-06-18,publicidad_pago
1929,Medellín,Antioquia,2023-12-06,redes_sociales
1930,Cartagena,Bolívar,2023-01-09,redes_sociales
1931,Barranquilla,Atlántico,2023-11-06,orgánico
1932,Bogotá,Cundinamarca,2023-01-06,orgánico
1933,Cali,Valle del Cauca,2023-02-12,publicidad_pago
1934,Manizales,Caldas,2023-07-24,orgánico
1935,Cartagena,Bolívar,2023-12-26,referido
1936,Cali,Valle del Cauca,2023-12-06,orgánico
1937,Medellín,Antioquia,2024-03-08,redes_sociales
1938,Bogotá,Cundinamarca,2023-04-09,orgánico
1939,,Cundinamarca,2023-04-15,publicidad_pago
1940,Bogotá,Cundinamarca,2023-10-19,orgánico
1941,Santa Marta,Magdalena,2024-04-20,redes_sociales
1942,Bogotá,Cundinamarca,2024-01-31,referido
1943,Ibagué,Tolima,2024-01-02,redes_sociales
1944,Bogotá,Cundinamarca,2023-02-21,orgánico
1945,Medellín,Antioquia,2024-04-25,publicidad_pago
1946,Medellín,Antioquia,2024-06-22,redes_sociales
1947,Medellín,Antioquia,2023-11-15,orgánico
1948,Ibagué,Tolima,2023-07-04,redes_sociales
1949,Neiva,Huila,2023-12-29,publicidad_pago
1950,Pereira,Risaralda,2023-12-18,redes_sociales
1951,Bogotá,Cundinamarca,2024-05-23,publicidad_pago
1952,Bucaramanga,Santander,2023-03-02,publicidad_pago
1953,Bogotá,Cundinamarca,2023-10-09,redes_sociales
1954,Manizales,Caldas,2024-01-24,orgánico
1955,Cali,Valle del Cauca,2023-07-10,publicidad_pago
1956,Medellín,Antioquia,2024-04-04,redes_sociales
1957,Bogotá,Cundinamarca,2023-02-05,orgánico
1958,Bogotá,Cundinamarca,2023-02-27,orgánico
1959,Bogotá,Cundinamarca,2024-03-08,publicidad_pago
1960,Manizales,Caldas,2023-03-10,orgánico
1961,Ibagué,Tolima,2023-08-17,orgánico
1962,Neiva,Huila,2023-06-03,orgánico
1963,Bogotá,Cundinamarca,2024-01-12,orgánico
1964,Barranquilla,Atlántico,2023-01-07,referido
1965,Bogotá,Cundinamarca,2023-07-15,redes_sociales
1966,Cali,Valle del Cauca,2024-06-23,publicidad_pago
1967,Medellín,Antioquia,2023-07-21,publicidad_pago
1968,Medellín,Antioquia,2023-11-24,redes_sociales
1969,Cali,Valle del Cauca,2024-06-24,publicidad_pago
1970,Bogotá,Cundinamarca,2023-11-29,referido
1971,Cali,Valle del Cauca,2024-02-17,publicidad_pago
1972,Barranquilla,Atlántico,2024-06-08,publicidad_pago
1973,Bogotá,Cundinamarca,2023-12-04,redes_sociales
1974,Cúcuta,Norte de Santander,2024-03-31,publicidad_pago
1975,Cali,Valle del Cauca,2023-10-06,orgánico
1976,Ibagué,Tolima,2024-03-21,publicidad_pago
1977,Barranquilla,Atlántico,2023-12-18,redes_sociales
1978,Cartagena,Bolívar,2023-07-05,redes_sociales
1979,Cartagena,Bolívar,2023-11-02,publicidad_pago
1980,Pereira,Risaralda,2023-07-03,redes_sociales
1981,Barranquilla,Atlántico,2023-08-06,orgánico
1982,Bogotá,Cundinamarca,2023-06-09,publicidad_pago
1983,Bogotá,Cundinamarca,2023-09-26,referido
1984,Barranquilla,Atlántico,2023-07-09,redes_sociales
1985,Bogotá,Cundinamarca,2023-12-09,publicidad_pago
1986,Bogotá,Cundinamarca,2023-07-22,publicidad_pago
1987,Bogotá,Cundinamarca,2023-09-26,publicidad_pago
1988,CALI,Valle del Cauca,2023-03-18,orgánico
1989,Bogotá,Cundinamarca,2023-07-31,redes_sociales
1990,Barranquilla,Atlántico,2023-07-14,publicidad_pago
1991,Ibagué,Tolima,2024-06-09,referido
1992,Ibagué,Tolima,2023-09-02,orgánico
1993,Medellín,Antioquia,2023-01-12,orgánico
1994,Cali,Valle del Cauca,2023-06-19,orgánico
1995,Cali,Valle del Cauca,2024-02-03,publicidad_pago
1996,Cali,Valle del Cauca,2023-04-01,publicidad_pago
1997,Barranquilla,Atlántico,2023-03-31,redes_sociales
1998,Bogotá,Cundinamarca,2023-07-24,orgánico
1999,Neiva,Huila,2023-07-15,orgánico
2000,Bogotá,Cundinamarca,2023-09-21,publicidad_pago
2001,Ibagué,Tolima,2023-01-19,orgánico
2002,Barranquilla,Atlántico,2024-01-30,orgánico
2003,Bogotá,Cundinamarca,2023-04-28,orgánico
2004,,Santander,2024-01-25,publicidad_pago
2005,Bogotá,Cundinamarca,2023-11-05,redes_sociales
2006,Bucaramanga,Santander,2023-04-21,orgánico
2007,Barranquilla,Atlántico,2023-09-14,orgánico
2008,Bogotá,Cundinamarca,2023-01-21,referido
2009,Bogotá,Cundinamarca,2024-01-19,redes_sociales
2010,Bucaramanga,Santander,2023-06-16,redes_sociales
2011,Medellín,Antioquia,2023-07-29,orgánico
2012,Manizales,Caldas,2023-03-27,orgánico
2013,Bucaramanga,Santander,2023-07-19,publicidad_pago
2014,Cartagena,Bolívar,2023-08-05,publicidad_pago
2015,Bogotá,Cundinamarca,2023-05-04,redes_sociales
2016,CARTAGENA,Bolívar,2024-06-19,publicidad_pago
2017,Cúcuta,Norte de Santander,2023-06-03,redes_sociales
2018,Bogotá,Cundinamarca,2023-04-10,publicidad_pago
2019,Medellín,Antioquia,2023-10-27,orgánico
2020,Bogotá,Cundinamarca,2023-06-24,orgánico
2021, Medellín ,Antioquia,2023-09-06,publicidad_pago
2022,Bucaramanga,Santander,2024-02-01,referido
2023,Cali,Valle del Cauca,2023-02-12,publicidad_pago
2024,Cali,Valle del Cauca,2023-10-06,publicidad_pago
2025,Medellín,Antioquia,2023-01-12,publicidad_pago
2026,Bogotá,Cundinamarca,2023-01-25,publicidad_pago
2027,Bogotá,Cundinamarca,2023-02-20,orgánico
2028,Pereira,Risaralda,2023-03-30,redes_sociales
2029,Barranquilla,Atlántico,2023-07-11,publicidad_pago
2030,MEDELLÍN,Antioquia,2024-05-26,redes_sociales
2031,Ibagué,Tolima,2024-05-10,publicidad_pago
2032,Bogotá,Cundinamarca,2023-02-26,redes_sociales
2033,Bogotá,Cundinamarca,2024-06-26,orgánico
2034,Bogotá,Cundinamarca,2023-12-14,orgánico
2035,Santa Marta,Magdalena,2023-10-30,publicidad_pago
2036,Cartagena,Bolívar,2024-03-09,orgánico
2037,Barranquilla,Atlántico,2023-09-22,publicidad_pago
2038,Bogotá,Cundinamarca,2023-05-26,orgánico
2039,BOGOTÁ,Cundinamarca,2023-10-17,redes_sociales
2040,Barranquilla,Atlántico,2024-02-01,publicidad_pago
2041,Medellín,Antioquia,2024-01-09,redes_sociales
2042,Cúcuta,Norte de Santander,2023-04-03,publicidad_pago
2043,Bucaramanga,Santander,2024-05-28,orgánico
2044,Medellín,Antioquia,2023-06-05,redes_sociales
2045,Bucaramanga,Santander,2024-03-24,redes_sociales
2046,Neiva,Huila,2023-06-20,publicidad_pago
2047,Cali,Valle del Cauca,2023-02-04,orgánico
2048,Barranquilla,Atlántico,2024-06-29,orgánico
2049,Manizales,Caldas,2023-11-19,publicidad_pago
2050,Bogotá,Cundinamarca,2023-04-28,referido
2051,Manizales,Caldas,2023-01-01,publicidad_pago
2052,Bogotá,Cundinamarca,2023-03-12,publicidad_pago
2053,Barranquilla,Atlántico,2023-04-03,redes_sociales
2054,Ibagué,Tolima,2024-05-21,redes_sociales
2055,Barranquilla,Atlántico,2023-04-07,publicidad_pago
2056,Cali,Valle del Cauca,2023-03-30,publicidad_pago
2057,Barranquilla,Atlántico,2024-04-03,publicidad_pago
2058,Bogotá,Cundinamarca,2024-04-25,publicidad_pago
2059,Bogotá,Cundinamarca,2023-04-25,publicidad_pago
2060,Bogotá,Cundinamarca,2023-12-22,orgánico
2061,Barranquilla,Atlántico,2023-10-20,orgánico
2062,Medellín,Antioquia,2023-11-12,referido
2063, Bogotá ,Cundinamarca,2023-06-20,redes_sociales
2064,Manizales,Caldas,2024-02-15,orgánico
2065,Medellín,Antioquia,2024-04-26,redes_sociales
2066,Medellín,Antioquia,2024-02-02,redes_sociales
2067,Medellín,Antioquia,2024-05-09,publicidad_pago
2068,Bogotá,Cundinamarca,2023-03-02,publicidad_pago
2069,Bucaramanga,Santander,2023-12-26,orgánico
2070,Medellín,Antioquia,2024-06-30,redes_sociales
2071,Bogotá,Cundinamarca,2023-10-21,orgánico
2072,Neiva,Huila,2024-05-30,publicidad_pago
2073,Ibagué,Tolima,2023-07-10,orgánico
2074,Bucaramanga,Santander,2024-05-05,redes_sociales
2075,Pereira,Risaralda,2024-05-28,redes_sociales
2076,Manizales,Caldas,2023-12-07,redes_sociales
2077,Medellín,Antioquia,2024-01-21,redes_sociales
2078,Barranquilla,Atlántico,2023-10-13,publicidad_pago
2079,Barranquilla,Atlántico,2023-06-23,redes_sociales
2080,Bogotá,Cundinamarca,2023-10-21,orgánico
2081,Bogotá,Cundinamarca,2024-06-10,redes_sociales
2082,Bogotá,Cundinamarca,2023-01-09,redes_sociales
2083,Barranquilla,Atlántico,2023-04-23,orgánico
2084,Ibagué,Tolima,2023-10-01,publicidad_pago
2085,Bucaramanga,Santander,2023-07-05,orgánico
2086,MEDELLÍN,Antioquia,2023-12-08,publicidad_pago
2087,Bogotá,Cundinamarca,2023-07-17,orgánico
2088,Medellín,Antioquia,2023-12-27,publicidad_pago
2089,Cali,Valle del Cauca,2023-02-28,orgánico
2090,Manizales,Caldas,2023-07-01,redes_sociales
2091, Pereira ,Risaralda,2024-01-14,orgánico
2092,Manizales,Caldas,2023-09-15,redes_sociales
2093,Pereira,Risaralda,2024-01-26,orgánico
2094,Neiva,Huila,2023-12-15,publicidad_pago
2095,Cali,Valle del Cauca,2023-06-29,redes_sociales
2096,Bogotá,Cundinamarca,2023-08-23,referido
2097,Bogotá,Cundinamarca,2024-06-11,publicidad_pago
2098,Medellín,Antioquia,2024-06-10,redes_sociales
2099,Bogotá,Cundinamarca,2023-01-20,publicidad_pago
2100,Bogotá,Cundinamarca,2024-01-21,orgánico
2101,Neiva,Huila,2023-09-26,redes_sociales
2102,Bogotá,Cundinamarca,2023-01-01,redes_sociales
2103, Neiva ,Huila,2023-12-13,publicidad_pago
2104,Bucaramanga,Santander,2023-01-13,orgánico
2105,Barranquilla,Atlántico,2023-06-24,redes_sociales
2106,Cartagena,Bolívar,2024-01-13,publicidad_pago
2107,Medellín,Antioquia,2024-03-20,redes_sociales
2108,Barranquilla,Atlántico,2023-08-14,orgánico
2109,Bogotá,Cundinamarca,2024-03-18,redes_sociales
2110,Cúcuta,Norte de Santander,2024-04-04,publicidad_pago
2111,Medellín,Antioquia,2023-09-02,orgánico
2112,Bogotá,Cundinamarca,2023-04-05,redes_sociales
2113,Cartagena,Bolívar,2023-12-27,referido
2114,Barranquilla,Atlántico,2023-01-08,referido
2115,Medellín,Antioquia,2024-05-03,orgánico
2116,Barranquilla,Atlántico,2023-08-01,redes_sociales
2117,Bogotá,Cundinamarca,2024-02-20,orgánico
2118,Cartagena,Bolívar,2024-02-07,referido
2119,Bogotá,Cundinamarca,2023-09-16,redes_sociales
2120,Bogotá,Cundinamarca,2024-06-15,redes_sociales
2121,Bogotá,Cundinamarca,2024-03-11,orgánico
2122,Medellín,Antioquia,2024-04-28,redes_sociales
2123,Medellín,Antioquia,2023-02-21,orgánico
2124,Medellín,Antioquia,2023-09-22,publicidad_pago
2125,Bogotá,Cundinamarca,2024-06-04,redes_sociales
2126,Bogotá,Cundinamarca,2024-03-20,redes_sociales
2127,Cali,Valle del Cauca,2023-09-06,publicidad_pago
2128,Bogotá,Cundinamarca,2023-02-08,orgánico
2129,Cartagena,Bolívar,2023-06-04,orgánico
2130,Cúcuta,Norte de Santander,2023-11-10,redes_sociales
2131,Medellín,Antioquia,2023-12-18,publicidad_pago
2132,Manizales,Caldas,2024-05-20,orgánico
2133,Bogotá,Cundinamarca,2023-02-20,publicidad_pago
2134,Bogotá,Cundinamarca,2023-08-05,redes_sociales
2135,Bucaramanga,Santander,2023-05-29,redes_sociales
2136,Bucaramanga,Santander,2024-06-09,redes_sociales
2137,Pereira,Risaralda,2023-04-01,orgánico
2138,Bogotá,Cundinamarca,2023-05-01,orgánico
2139,Bucaramanga,Santander,2023-06-12,publicidad_pago
2140,Medellín,Antioquia,2023-02-27,redes_sociales
2141,Medellín,Antioquia,2023-12-18,redes_sociales
2142,Bogotá,Cundinamarca,2023-10-15,referido
2143,Santa Marta,Magdalena,2023-11-02,orgánico
2144,Bogotá,Cundinamarca,2024-05-11,redes_sociales
2145,Ibagué,Tolima,2023-08-25,redes_sociales
2146,Barranquilla,Atlántico,2023-06-20,orgánico
2147,Bucaramanga,Santander,2023-07-25,referido
2148,Cartagena,Bolívar,2024-03-13,referido
2149,Pereira,Risaralda,2023-10-17,orgánico
2150,Bogotá,Cundinamarca,2023-04-03,referido
2151,,Cundinamarca,2024-01-13,orgánico
2152,Barranquilla,Atlántico,2024-02-12,referido
2153,Medellín,Antioquia,2023-05-17,publicidad_pago
2154,Bogotá,Cundinamarca,2023-11-01,orgánico
2155,Bogotá,Cundinamarca,2023-11-05,redes_sociales
2156,Medellín,Antioquia,2023-04-06,publicidad_pago
2157,Bogotá,Cundinamarca,2023-01-05,orgánico
2158,Bogotá,Cundinamarca,2024-01-28,redes_sociales
2159,Manizales,Caldas,2023-12-03,redes_sociales
2160,Medellín,Antioquia,2024-01-26,orgánico
2161,Santa Marta,Magdalena,2023-07-26,orgánico
2162,Neiva,Huila,2023-10-09,orgánico
2163,Bogotá,Cundinamarca,2024-06-20,publicidad_pago
2164,Cartagena,Bolívar,2023-05-04,redes_sociales
2165, Barranquilla ,Atlántico,2023-12-24,redes_sociales
2166,Cartagena,Bolívar,2023-03-14,orgánico
2167,Bogotá,Cundinamarca,2023-02-05,orgánico
2168,BOGOTÁ,Cundinamarca,2024-06-07,publicidad_pago
2169,Bogotá,Cundinamarca,2023-03-13,orgánico
2170,Barranquilla,Atlántico,2023-12-25,publicidad_pago
2171,Santa Marta,Magdalena,2023-10-09,redes_sociales
2172,Cartagena,Bolívar,2024-03-18,publicidad_pago
2173,Cartagena,Bolívar,2023-10-26,redes_sociales
2174,Santa Marta,Magdalena,2024-01-17,publicidad_pago
2175,Cartagena,Bolívar,2024-05-04,orgánico
2176, Bogotá ,Cundinamarca,2024-03-29,publicidad_pago
2177,Pereira,Risaralda,2024-01-30,orgánico
2178,Medellín,Antioquia,2023-03-30,orgánico
2179,Bogotá,Cundinamarca,2023-04-03,redes_sociales
2180, Cali ,Valle del Cauca,2023-09-29,orgánico
2181,Cúcuta,Norte de Santander,2023-12-27,redes_sociales
2182,Bogotá,Cundinamarca,2023-12-31,publicidad_pago
2183,Cali,Valle del Cauca,2024-03-06,publicidad_pago
2184,Bogotá,Cundinamarca,2023-02-26,redes_sociales
2185,Bogotá,Cundinamarca,2023-04-05,referido
2186,Bogotá,Cundinamarca,2023-03-24,redes_sociales
2187,,Santander,2023-10-23,orgánico
2188,Pereira,Risaralda,2023-12-13,publicidad_pago
2189,Bogotá,Cundinamarca,2023-03-05,orgánico
2190,Medellín,Antioquia,2024-04-20,orgánico
2191,Bogotá,Cundinamarca,2023-06-15,orgánico
2192,Bogotá,Cundinamarca,2023-12-28,orgánico
2193,Cali,Valle del Cauca,2024-02-16,orgánico
2194,Cartagena,Bolívar,2023-01-20,orgánico
2195,Barranquilla,Atlántico,2024-04-18,redes_sociales
2196,Medellín,Antioquia,2024-06-14,publicidad_pago
2197,Cali,Valle del Cauca,2024-06-08,referido
2198, Bogotá ,Cundinamarca,2023-03-18,orgánico
2199,BOGOTÁ,Cundinamarca,2023-08-03,orgánico
2200,Cúcuta,Norte de Santander,2023-05-08,redes_sociales
2201,Bucaramanga,Santander,2023-09-04,orgánico
2202,Cúcuta,Norte de Santander,2024-06-17,redes_sociales
2203,Manizales,Caldas,2024-02-22,redes_sociales
2204,Barranquilla,Atlántico,2024-02-26,publicidad_pago
2205,Cúcuta,Norte de Santander,2023-08-19,orgánico
2206,Medellín,Antioquia,2024-05-27,publicidad_pago
2207,Bogotá,Cundinamarca,2024-05-18,redes_sociales
2208,Bogotá,Cundinamarca,2024-03-17,publicidad_pago
2209,Bogotá,Cundinamarca,2024-03-21,orgánico
2210,Bogotá,Cundinamarca,2023-12-23,publicidad_pago
2211,Medellín,Antioquia,2023-02-22,publicidad_pago
2212,Cartagena,Bolívar,2023-06-05,orgánico
2213,Ibagué,Tolima,2024-02-25,redes_sociales
2214,Barranquilla,Atlántico,2023-06-28,publicidad_pago
2215,Bogotá,Cundinamarca,2023-04-05,orgánico
2216,Bucaramanga,Santander,2024-06-02,redes_sociales
2217,Medellín,Antioquia,2023-09-25,redes_sociales
2218,Bogotá,Cundinamarca,2024-04-15,publicidad_pago
2219,Medellín,Antioquia,2023-06-05,orgánico
2220,Medellín,Antioquia,2023-07-16,redes_sociales
2221,Bogotá,Cundinamarca,2023-07-07,orgánico
2222,Ibagué,Tolima,2023-07-24,redes_sociales
2223,Bucaramanga,Santander,2023-08-28,publicidad_pago
2224,Cartagena,Bolívar,2023-06-12,redes_sociales
2225,Bogotá,Cundinamarca,2024-03-21,redes_sociales
2226, Ibagué ,Tolima,2023-06-28,orgánico
2227,Cartagena,Bolívar,2023-08-30,orgánico
2228,Bogotá,Cundinamarca,2024-04-15,publicidad_pago
2229,Barranquilla,Atlántico,2023-08-28,orgánico
2230,Cali,Valle del Cauca,2023-01-06,publicidad_pago
2231,Medellín,Antioquia,2023-01-01,publicidad_pago
2232,Bogotá,Cundinamarca,2023-08-27,publicidad_pago
2233,Cali,Valle del Cauca,2023-12-21,orgánico
2234,Bogotá,Cundinamarca,2024-05-30,redes_sociales
2235,Bogotá,Cundinamarca,2023-03-13,orgánico
2236,Bogotá,Cundinamarca,2023-10-24,referido
2237,Neiva,Huila,2023-06-08,publicidad_pago
2238,Medellín,Antioquia,2023-09-04,redes_sociales
2239,Medellín,Antioquia,2023-08-31,publicidad_pago
2240,Medellín,Antioquia,2023-06-20,orgánico
2241,Manizales,Caldas,2023-01-10,redes_sociales
2242,Cali,Valle del Cauca,2023-02-10,publicidad_pago
2243,Manizales,Caldas,2023-10-13,orgánico
2244, Medellín ,Antioquia,2023-05-03,referido
2245,Bogotá,Cundinamarca,2023-06-28,publicidad_pago
2246,Cali,Valle del Cauca,2023-02-19,referido
2247,Medellín,Antioquia,2023-01-28,publicidad_pago
2248,Ibagué,Tolima,2023-03-11,orgánico
2249, Pereira ,Risaralda,2023-07-26,redes_sociales
2250,Cali,Valle del Cauca,2023-03-31,orgánico
2251,Neiva,Huila,2023-05-07,publicidad_pago
2252,Cali,Valle del Cauca,2023-06-15,orgánico
2253,Bogotá,Cundinamarca,2023-06-09,publicidad_pago
2254,Cali,Valle del Cauca,2023-01-07,orgánico
2255,Bogotá,Cundinamarca,2023-03-06,orgánico
2256,Ibagué,Tolima,2024-06-03,orgánico
2257,Bogotá,Cundinamarca,2024-01-01,publicidad_pago
2258, Medellín ,Antioquia,2023-03-09,orgánico
2259,Cali,Valle del Cauca,2023-06-05,orgánico
2260,Bogotá,Cundinamarca,2023-07-29,orgánico
2261,Bogotá,Cundinamarca,2024-05-10,orgánico
2262,Cartagena,Bolívar,2024-04-26,referido
2263,Bogotá,Cundinamarca,2024-02-26,redes_sociales
2264,Cali,Valle del Cauca,2023-02-28,orgánico
2265,Medellín,Antioquia,2023-09-26,orgánico
2266,Bogotá,Cundinamarca,2023-09-22,orgánico
2267,Bogotá,Cundinamarca,2023-12-15,redes_sociales
2268,Bucaramanga,Santander,2024-04-07,orgánico
2269,Neiva,Huila,2023-06-25,orgánico
2270,Bogotá,Cundinamarca,2023-11-01,orgánico
2271,Neiva,Huila,2023-05-25,orgánico
2272,Barranquilla,Atlántico,2023-04-26,publicidad_pago
2273,Barranquilla,Atlántico,2023-06-21,orgánico
2274,Cartagena,Bolívar,2024-02-07,publicidad_pago
2275,Cartagena,Bolívar,2023-08-28,redes_sociales
2276, Ibagué ,Tolima,2024-01-08,publicidad_pago
2277,Cali,Valle del Cauca,2024-01-14,orgánico
2278,Cali,Valle del Cauca,2023-07-18,publicidad_pago
2279,Medellín,Antioquia,2024-06-06,publicidad_pago
2280,Bogotá,Cundinamarca,2023-01-26,referido
2281,Cartagena,Bolívar,2024-05-05,publicidad_pago
2282,Bogotá,Cundinamarca,2023-01-05,orgánico
2283,Bogotá,Cundinamarca,2023-07-29,referido
2284,Bogotá,Cundinamarca,2024-03-27,publicidad_pago
2285,Bogotá,Cundinamarca,2024-01-10,orgánico
2286,Barranquilla,Atlántico,2023-06-25,orgánico
2287,Barranquilla,Atlántico,2024-04-29,referido
2288,Medellín,Antioquia,2023-03-17,orgánico
2289,Bogotá,Cundinamarca,2024-01-02,publicidad_pago
2290,Medellín,Antioquia,2023-10-11,redes_sociales
2291,Medellín,Antioquia,2023-04-24,publicidad_pago
2292,Bucaramanga,Santander,2024-05-18,orgánico
2293,Cali,Valle del Cauca,2024-02-23,publicidad_pago
2294,Cali,Valle del Cauca,2023-01-05,redes_sociales
2295,Cali,Valle del Cauca,2023-02-17,referido
2296,Neiva,Huila,2023-01-31,orgánico
2297,Bucaramanga,Santander,2023-08-16,orgánico
2298,Cali,Valle del Cauca,2023-08-17,orgánico
2299,Cali,Valle del Cauca,2024-02-01,orgánico
2300,Bogotá,Cundinamarca,2024-01-05,referido
2301,Cúcuta,Norte de Santander,2023-01-09,orgánico
2302,Medellín,Antioquia,2023-09-18,orgánico
2303,,Cundinamarca,2024-03-05,publicidad_pago
2304,Santa Marta,Magdalena,2024-05-05,orgánico
2305,Cartagena,Bolívar,2023-06-09,orgánico
2306,Bogotá,Cundinamarca,2023-01-25,publicidad_pago
2307,Bogotá,Cundinamarca,2023-03-25,redes_sociales
2308,Bogotá,Cundinamarca,2023-07-06,publicidad_pago
2309,Barranquilla,Atlántico,2023-08-31,redes_sociales
2310,Bogotá,Cundinamarca,2023-07-12,orgánico
2311,Cúcuta,Norte de Santander,2023-02-19,redes_sociales
2312,Cúcuta,Norte de Santander,2023-07-06,publicidad_pago
2313,Cali,Valle del Cauca,2023-06-08,redes_sociales
2314,Barranquilla,Atlántico,2023-09-24,publicidad_pago
2315,Medellín,Antioquia,2023-02-13,redes_sociales
2316,Bogotá,Cundinamarca,2024-03-08,redes_sociales
2317,Bucaramanga,Santander,2023-08-17,publicidad_pago
2318,Bogotá,Cundinamarca,2023-06-23,orgánico
2319,Bogotá,Cundinamarca,2024-05-10,redes_sociales
2320,Medellín,Antioquia,2024-02-12,orgánico
2321,Bogotá,Cundinamarca,2023-03-16,publicidad_pago
2322,Medellín,Antioquia,2023-03-22,redes_sociales
2323,Cartagena,Bolívar,2023-01-02,orgánico
2324,Ibagué,Tolima,2023-11-03,orgánico
2325,Barranquilla,Atlántico,2023-07-14,referido
2326,PEREIRA,Risaralda,2023-07-25,orgánico
2327,Medellín,Antioquia,2023-10-06,orgánico
2328,Pereira,Risaralda,2023-10-22,orgánico
2329,Cali,Valle del Cauca,2023-01-01,redes_sociales
2330,Bogotá,Cundinamarca,2023-02-28,orgánico
2331,Cúcuta,Norte de Santander,2024-03-07,publicidad_pago
2332,Bogotá,Cundinamarca,2024-06-05,publicidad_pago
2333,Bogotá,Cundinamarca,2024-04-02,orgánico
2334,Bogotá,Cundinamarca,2024-05-10,redes_sociales
2335,Medellín,Antioquia,2023-09-11,orgánico
2336,Medellín,Antioquia,2024-03-28,orgánico
2337,Cali,Valle del Cauca,2024-04-27,redes_sociales
2338,Manizales,Caldas,2024-05-03,orgánico
2339,Medellín,Antioquia,2023-03-23,publicidad_pago
2340,Cali,Valle del Cauca,2023-03-22,redes_sociales
2341,Medellín,Antioquia,2023-08-09,orgánico
2342,Ibagué,Tolima,2023-10-03,referido
2343,Bogotá,Cundinamarca,2024-06-08,redes_sociales
2344,Bogotá,Cundinamarca,2023-06-23,orgánico
2345,Cali,Valle del Cauca,2024-03-30,redes_sociales
2346,Cartagena,Bolívar,2024-04-30,referido
2347,Ibagué,Tolima,2024-06-11,redes_sociales
2348,Barranquilla,Atlántico,2023-04-14,redes_sociales
2349,Bucaramanga,Santander,2023-05-13,redes_sociales
2350,Medellín,Antioquia,2023-05-01,orgánico
2351,Bogotá,Cundinamarca,2024-02-07,orgánico
2352,Bogotá,Cundinamarca,2024-01-11,redes_sociales
2353,Bogotá,Cundinamarca,2023-08-11,publicidad_pago
2354,Medellín,Antioquia,2023-02-18,publicidad_pago
2355, Cali ,Valle del Cauca,2023-10-12,orgánico
2356,Medellín,Antioquia,2024-02-05,redes_sociales
2357,Cali,Valle del Cauca,2023-09-17,orgánico
2358,Cali,Valle del Cauca,2023-05-27,orgánico
2359,Cartagena,Bolívar,2023-11-20,publicidad_pago
2360,Cartagena,Bolívar,2023-12-28,orgánico
2361,Medellín,Antioquia,2023-11-20,publicidad_pago
2362,Medellín,Antioquia,2024-04-22,redes_sociales
2363,Barranquilla,Atlántico,2023-06-21,publicidad_pago
2364,Barranquilla,Atlántico,2023-11-30,publicidad_pago
2365,,Antioquia,2024-04-12,publicidad_pago
2366,,Antioquia,2023-04-27,publicidad_pago
2367,Cartagena,Bolívar,2023-06-04,publicidad_pago
2368,Barranquilla,Atlántico,2023-01-27,redes_sociales
2369,Bogotá,Cundinamarca,2023-07-25,orgánico
2370,Medellín,Antioquia,2023-01-25,orgánico
2371,Manizales,Caldas,2024-02-13,publicidad_pago
2372,,Cundinamarca,2023-02-18,orgánico
2373,Pereira,Risaralda,2024-01-14,referido
2374,Bogotá,Cundinamarca,2023-11-14,orgánico
2375,Cali,Valle del Cauca,2024-06-24,publicidad_pago
2376,Medellín,Antioquia,2023-07-10,orgánico
2377,Bogotá,Cundinamarca,2023-07-08,referido
2378,Manizales,Caldas,2023-05-13,orgánico
2379,Medellín,Antioquia,2023-10-21,redes_sociales
2380,Neiva,Huila,2023-04-30,publicidad_pago
2381,Medellín,Antioquia,2023-03-04,orgánico
2382,Pereira,Risaralda,2024-06-02,orgánico
2383,Cúcuta,Norte de Santander,2024-01-07,publicidad_pago
2384,Cali,Valle del Cauca,2023-03-06,publicidad_pago
2385,Bogotá,Cundinamarca,2023-12-05,orgánico
2386,Cartagena,Bolívar,2023-06-16,redes_sociales
2387,Cali,Valle del Cauca,2023-04-09,orgánico
2388,Cúcuta,Norte de Santander,2023-09-15,orgánico
2389,Medellín,Antioquia,2024-03-06,redes_sociales
2390,Bogotá,Cundinamarca,2023-01-01,orgánico
2391,Bogotá,Cundinamarca,2023-07-14,redes_sociales
2392,Cartagena,Bolívar,2024-05-18,orgánico
2393,Neiva,Huila,2023-08-04,publicidad_pago
2394,Bogotá,Cundinamarca,2023-02-24,redes_sociales
2395,Bucaramanga,Santander,2023-08-23,orgánico
2396,Cúcuta,Norte de Santander,2024-01-09,referido
2397,Bogotá,Cundinamarca,2024-06-28,publicidad_pago
2398,BOGOTÁ,Cundinamarca,2023-12-10,orgánico
2399,Cartagena,Bolívar,2023-01-28,referido
2400,Barranquilla,Atlántico,2024-03-18,orgánico
2401,Bogotá,Cundinamarca,2024-03-02,orgánico
2402,Pereira,Risaralda,2023-12-23,redes_sociales
2403,Cali,Valle del Cauca,2024-05-05,orgánico
2404,Manizales,Caldas,2024-02-25,publicidad_pago
2405,Pereira,Risaralda,2023-05-08,redes_sociales
2406,Ibagué,Tolima,2023-08-19,publicidad_pago
2407,,Valle del Cauca,2023-10-05,orgánico
2408,Bogotá,Cundinamarca,2023-09-25,orgánico
2409,Cali,Valle del Cauca,2023-12-16,redes_sociales
2410,Bogotá,Cundinamarca,2024-01-19,orgánico
2411,Barranquilla,Atlántico,2023-02-26,referido
2412,Bogotá,Cundinamarca,2023-11-07,publicidad_pago
2413,Cali,Valle del Cauca,2023-01-22,publicidad_pago
2414,Bogotá,Cundinamarca,2023-10-07,publicidad_pago
2415,Medellín,Antioquia,2023-08-19,orgánico
2416,Bogotá,Cundinamarca,2023-04-23,orgánico
2417,Barranquilla,Atlántico,2024-06-25,redes_sociales
2418,IBAGUÉ,Tolima,2023-05-22,publicidad_pago
2419,Bogotá,Cundinamarca,2023-01-31,orgánico
2420,Pereira,Risaralda,2023-07-16,orgánico
2421,Pereira,Risaralda,2024-02-19,publicidad_pago
2422,Medellín,Antioquia,2023-01-06,orgánico
2423,Barranquilla,Atlántico,2023-09-27,redes_sociales
2424,Medellín,Antioquia,2023-08-17,orgánico
2425,Bogotá,Cundinamarca,2024-04-18,redes_sociales
2426,Cali,Valle del Cauca,2023-01-02,redes_sociales
2427,Bogotá,Cundinamarca,2023-01-10,publicidad_pago
2428,Pereira,Risaralda,2023-11-06,publicidad_pago
2429,Cúcuta,Norte de Santander,2023-04-09,orgánico
2430,Ibagué,Tolima,2024-01-21,publicidad_pago
2431,Cali,Valle del Cauca,2023-06-02,publicidad_pago
2432,Cali,Valle del Cauca,2023-11-04,publicidad_pago
2433,Santa Marta,Magdalena,2023-01-21,referido
2434,Bogotá,Cundinamarca,2024-01-15,publicidad_pago
2435,Bogotá,Cundinamarca,2023-10-11,orgánico
2436,Cali,Valle del Cauca,2023-01-01,redes_sociales
2437,Medellín,Antioquia,2023-05-26,orgánico
2438,Medellín,Antioquia,2023-02-02,redes_sociales
2439,Bogotá,Cundinamarca,2023-01-25,referido
2440,Barranquilla,Atlántico,2024-01-18,redes_sociales
2441,Bogotá,Cundinamarca,2023-08-23,orgánico
2442,Bogotá,Cundinamarca,2024-03-15,referido
2443,Bogotá,Cundinamarca,2023-05-22,publicidad_pago
2444,Medellín,Antioquia,2024-01-28,orgánico
2445,Pereira,Risaralda,2023-12-03,referido
2446,Medellín,Antioquia,2023-12-29,orgánico
2447,Cartagena,Bolívar,2024-03-28,redes_sociales
2448,Bucaramanga,Santander,2024-01-22,redes_sociales
2449,Medellín,Antioquia,2024-02-12,referido
2450,Ibagué,Tolima,2024-02-09,orgánico
2451,Cartagena,Bolívar,2023-09-02,orgánico
2452,Cali,Valle del Cauca,2024-02-01,publicidad_pago
2453,Bogotá,Cundinamarca,2024-04-05,publicidad_pago
2454,Bogotá,Cundinamarca,2024-02-08,orgánico
2455, Santa Marta ,Magdalena,2023-11-29,orgánico
2456,Ibagué,Tolima,2023-02-10,referido
2457,Cúcuta,Norte de Santander,2023-08-27,publicidad_pago
2458,Manizales,Caldas,2023-02-04,orgánico
2459,Bogotá,Cundinamarca,2023-02-26,redes_sociales
2460,Ibagué,Tolima,2023-07-17,redes_sociales
2461,Medellín,Antioquia,2023-09-11,publicidad_pago
2462,Ibagué,Tolima,2023-10-16,redes_sociales
2463,Bogotá,Cundinamarca,2024-05-07,publicidad_pago
2464,Medellín,Antioquia,2024-02-22,orgánico
2465,Bucaramanga,Santander,2023-08-20,publicidad_pago
2466,Ibagué,Tolima,2023-07-03,orgánico
2467,Barranquilla,Atlántico,2024-01-25,publicidad_pago
2468,Medellín,Antioquia,2023-05-31,orgánico
2469,Medellín,Antioquia,2024-04-28,orgánico
2470,Neiva,Huila,2024-03-03,orgánico
2471,Medellín,Antioquia,2024-01-09,orgánico
2472,Medellín,Antioquia,2023-05-17,redes_sociales
2473,Cali,Valle del Cauca,2023-12-07,publicidad_pago
2474,Medellín,Antioquia,2024-03-25,publicidad_pago
2475,Cali,Valle del Cauca,2023-02-09,redes_sociales
2476, Medellín ,Antioquia,2023-04-07,redes_sociales
2477,Ibagué,Tolima,2023-10-09,orgánico
2478,Manizales,Caldas,2023-07-16,publicidad_pago
2479,Cúcuta,Norte de Santander,2024-01-24,orgánico
2480,Cali,Valle del Cauca,2023-08-08,orgánico
2481,Medellín,Antioquia,2024-06-29,orgánico
2482,Cartagena,Bolívar,2023-06-13,orgánico
2483,Pereira,Risaralda,2023-07-17,redes_sociales
2484,Cali,Valle del Cauca,2023-01-02,orgánico
2485,,Bolívar,2023-05-16,orgánico
2486,Bucaramanga,Santander,2023-05-09,publicidad_pago
2487,Cartagena,Bolívar,2024-02-22,orgánico
2488,Bucaramanga,Santander,2023-07-04,redes_sociales
2489,Bogotá,Cundinamarca,2023-04-22,redes_sociales
2490,CALI,Valle del Cauca,2023-06-21,publicidad_pago
2491,Barranquilla,Atlántico,2023-11-04,publicidad_pago
2492,Bogotá,Cundinamarca,2024-03-05,orgánico
2493,Pereira,Risaralda,2024-06-19,publicidad_pago
2494,Barranquilla,Atlántico,2023-01-26,redes_sociales
2495,Bogotá,Cundinamarca,2024-04-05,orgánico
2496,Ibagué,Tolima,2023-08-01,publicidad_pago
2497,Cartagena,Bolívar,2024-03-18,publicidad_pago
2498,Bucaramanga,Santander,2023-01-21,orgánico
2499,Medellín,Antioquia,2023-12-09,redes_sociales
2500, Pereira ,Risaralda,2024-05-24,orgánico
2501,Medellín,Antioquia,2023-01-22,redes_sociales
2502,Cali,Valle del Cauca,2024-03-08,referido
2503,Bogotá,Cundinamarca,2023-03-04,redes_sociales
2504,Barranquilla,Atlántico,2024-06-21,referido
2505,Cartagena,Bolívar,2024-02-12,orgánico
2506,Cali,Valle del Cauca,2024-05-12,publicidad_pago
2507,Cali,Valle del Cauca,2024-05-06,referido
2508,Ibagué,Tolima,2023-06-22,publicidad_pago
2509,Cartagena,Bolívar,2023-08-16,orgánico
2510,Bogotá,Cundinamarca,2024-01-14,orgánico
2511,Neiva,Huila,2023-04-06,orgánico
2512,Cartagena,Bolívar,2023-06-17,redes_sociales
2513,Santa Marta,Magdalena,2023-02-24,referido
2514,Neiva,Huila,2024-04-30,redes_sociales
2515,Manizales,Caldas,2023-05-16,orgánico
2516,Bucaramanga,Santander,2023-08-13,orgánico
2517,Barranquilla,Atlántico,2023-09-05,redes_sociales
2518, Bogotá ,Cundinamarca,2023-07-25,redes_sociales
2519,Cali,Valle del Cauca,2024-03-01,orgánico
2520,Bucaramanga,Santander,2024-05-14,publicidad_pago
2521,Cali,Valle del Cauca,2023-11-10,orgánico
2522,Pereira,Risaralda,2024-04-02,redes_sociales
2523, Bogotá ,Cundinamarca,2023-03-02,redes_sociales
2524,Medellín,Antioquia,2024-06-12,orgánico
2525,Cali,Valle del Cauca,2023-03-05,redes_sociales
2526,Medellín,Antioquia,2023-02-06,publicidad_pago
2527,Bogotá,Cundinamarca,2023-01-13,redes_sociales
2528,Bogotá,Cundinamarca,2023-05-14,publicidad_pago
2529,Pereira,Risaralda,2024-04-02,redes_sociales
2530,Cali,Valle del Cauca,2023-06-14,orgánico
2531,Bogotá,Cundinamarca,2024-03-08,referido
2532,Bogotá,Cundinamarca,2023-08-21,referido
2533,Cali,Valle del Cauca,2023-02-26,orgánico
2534,Bogotá,Cundinamarca,2023-09-16,referido
2535,Cartagena,Bolívar,2023-05-08,publicidad_pago
2536,Ibagué,Tolima,2023-06-09,orgánico
2537,Bogotá,Cundinamarca,2023-10-10,redes_sociales
2538,Barranquilla,Atlántico,2024-03-08,orgánico
2539,Bogotá,Cundinamarca,2023-11-17,redes_sociales
2540,Medellín,Antioquia,2023-05-03,referido
2541,Manizales,Caldas,2024-01-28,redes_sociales
2542,Cali,Valle del Cauca,2024-01-16,redes_sociales
2543,Manizales,Caldas,2023-05-10,orgánico
2544,Bogotá,Cundinamarca,2024-04-10,redes_sociales
2545,Medellín,Antioquia,2024-04-06,publicidad_pago
2546,Cali,Valle del Cauca,2023-11-27,orgánico
2547,Cali,Valle del Cauca,2023-06-11,redes_sociales
2548,Santa Marta,Magdalena,2023-07-13,redes_sociales
2549,Bogotá,Cundinamarca,2023-08-29,publicidad_pago
2550,Pereira,Risaralda,2023-04-13,publicidad_pago
2551,Pereira,Risaralda,2023-06-17,publicidad_pago
2552,Cali,Valle del Cauca,2023-03-15,redes_sociales
2553,Medellín,Antioquia,2023-03-26,redes_sociales
2554, Cali ,Valle del Cauca,2024-02-12,publicidad_pago
2555,Medellín,Antioquia,2023-03-12,publicidad_pago
2556,Ibagué,Tolima,2023-09-14,redes_sociales
2557,Cali,Valle del Cauca,2023-08-23,publicidad_pago
2558,Cúcuta,Norte de Santander,2023-01-26,orgánico
2559,Barranquilla,Atlántico,2024-03-30,orgánico
2560, Cali ,Valle del Cauca,2024-06-22,referido
2561,,Bolívar,2023-12-16,orgánico
2562,Cali,Valle del Cauca,2024-01-03,referido
2563,Manizales,Caldas,2023-05-08,redes_sociales
2564,Bogotá,Cundinamarca,2024-04-06,referido
2565,Neiva,Huila,2024-03-04,redes_sociales
2566,Ibagué,Tolima,2023-08-28,publicidad_pago
2567,Pereira,Risaralda,2024-01-22,publicidad_pago
2568,Cali,Valle del Cauca,2024-06-06,redes_sociales
2569,Pereira,Risaralda,2023-11-26,redes_sociales
2570,Medellín,Antioquia,2023-04-20,orgánico
2571,Bucaramanga,Santander,2023-06-30,orgánico
2572,Bogotá,Cundinamarca,2023-04-12,referido
2573,Medellín,Antioquia,2023-07-01,orgánico
2574,Medellín,Antioquia,2024-05-02,publicidad_pago
2575,Medellín,Antioquia,2023-04-14,redes_sociales
2576,Medellín,Antioquia,2024-05-02,orgánico
2577,Ibagué,Tolima,2023-06-05,referido
2578,Bogotá,Cundinamarca,2023-09-30,orgánico
2579,Bucaramanga,Santander,2023-10-17,redes_sociales
2580,Bogotá,Cundinamarca,2023-03-10,redes_sociales
2581,Bucaramanga,Santander,2023-04-11,orgánico
2582,Ibagué,Tolima,2023-06-16,orgánico
2583,Medellín,Antioquia,2023-02-02,publicidad_pago
2584,Bucaramanga,Santander,2024-02-17,orgánico
2585,Manizales,Caldas,2023-10-26,publicidad_pago
2586,Ibagué,Tolima,2024-04-07,redes_sociales
2587,Medellín,Antioquia,2024-04-17,orgánico
2588,Cali,Valle del Cauca,2023-07-10,orgánico
2589,Bucaramanga,Santander,2024-03-22,orgánico
2590,Medellín,Antioquia,2023-02-03,publicidad_pago
2591,Ibagué,Tolima,2023-08-24,redes_sociales
2592,Medellín,Antioquia,2023-12-31,orgánico
2593,Ibagué,Tolima,2023-09-13,redes_sociales
2594,Bogotá,Cundinamarca,2024-02-09,redes_sociales
2595,Bogotá,Cundinamarca,2024-04-14,redes_sociales
2596,Santa Marta,Magdalena,2023-08-20,orgánico
2597,Pereira,Risaralda,2023-05-31,orgánico
2598, Manizales ,Caldas,2023-11-15,orgánico
2599,Neiva,Huila,2024-04-20,publicidad_pago
2600,Medellín,Antioquia,2024-06-24,publicidad_pago
2601,Medellín,Antioquia,2024-03-22,orgánico
2602,Bogotá,Cundinamarca,2023-05-15,orgánico
2603,Cali,Valle del Cauca,2023-04-23,publicidad_pago
2604,Bogotá,Cundinamarca,2023-11-10,orgánico
2605,Cúcuta,Norte de Santander,2023-08-08,redes_sociales
2606,Bogotá,Cundinamarca,2023-12-01,redes_sociales
2607,Bogotá,Cundinamarca,2024-05-20,orgánico
2608,Bogotá,Cundinamarca,2023-10-28,redes_sociales
2609,Bogotá,Cundinamarca,2023-07-14,orgánico
2610,Bogotá,Cundinamarca,2024-04-20,redes_sociales
2611,Barranquilla,Atlántico,2023-08-29,orgánico
2612,Medellín,Antioquia,2023-11-27,redes_sociales
2613,Barranquilla,Atlántico,2023-03-16,redes_sociales
2614,Manizales,Caldas,2023-10-05,orgánico
2615,Barranquilla,Atlántico,2023-08-22,redes_sociales
2616,Cartagena,Bolívar,2023-03-09,publicidad_pago
2617,Medellín,Antioquia,2023-04-26,referido
2618,Bogotá,Cundinamarca,2024-01-20,orgánico
2619,Medellín,Antioquia,2023-04-09,orgánico
2620,Neiva,Huila,2023-03-14,orgánico
2621,Barranquilla,Atlántico,2023-02-01,publicidad_pago
2622,Bogotá,Cundinamarca,2023-01-15,redes_sociales
2623,Medellín,Antioquia,2023-08-26,orgánico
2624,Pereira,Risaralda,2023-09-25,publicidad_pago
2625,Cartagena,Bolívar,2023-12-08,orgánico
2626,Cali,Valle del Cauca,2023-11-10,redes_sociales
2627,Manizales,Caldas,2023-10-21,redes_sociales
2628,Cartagena,Bolívar,2024-06-30,redes_sociales
2629,Barranquilla,Atlántico,2023-05-17,publicidad_pago
2630,Bogotá,Cundinamarca,2024-01-25,orgánico
2631,Bogotá,Cundinamarca,2023-02-13,redes_sociales
2632,Neiva,Huila,2024-04-09,redes_sociales
2633,Barranquilla,Atlántico,2023-07-18,orgánico
2634,Medellín,Antioquia,2023-07-09,publicidad_pago
2635,Barranquilla,Atlántico,2023-03-15,publicidad_pago
2636,Bogotá,Cundinamarca,2023-10-06,referido
2637,Ibagué,Tolima,2023-08-07,publicidad_pago
2638,Bogotá,Cundinamarca,2024-06-16,orgánico
2639,Ibagué,Tolima,2023-04-08,redes_sociales
2640,Cali,Valle del Cauca,2023-08-17,redes_sociales
2641,Bogotá,Cundinamarca,2024-05-07,orgánico
2642,Bogotá,Cundinamarca,2024-03-17,redes_sociales
2643,Ibagué,Tolima,2024-02-23,orgánico
2644,Bogotá,Cundinamarca,2023-10-15,orgánico
2645,Bogotá,Cundinamarca,2024-04-22,publicidad_pago
2646,Bucaramanga,Santander,2023-05-03,orgánico
2647,Medellín,Antioquia,2024-03-18,redes_sociales
2648,Medellín,Antioquia,2023-11-14,publicidad_pago
2649,Bogotá,Cundinamarca,2023-07-11,redes_sociales
2650,Pereira,Risaralda,2023-04-30,orgánico
2651,Medellín,Antioquia,2023-10-13,redes_sociales
2652,Bogotá,Cundinamarca,2023-01-02,publicidad_pago
2653,Medellín,Antioquia,2024-01-26,publicidad_pago
2654,Bogotá,Cundinamarca,2023-05-10,orgánico
2655,Medellín,Antioquia,2023-08-01,orgánico
2656,Bogotá,Cundinamarca,2023-04-16,redes_sociales
2657,Bogotá,Cundinamarca,2023-09-12,orgánico
2658,Medellín,Antioquia,2023-07-22,publicidad_pago
2659,Pereira,Risaralda,2023-04-13,publicidad_pago
2660,Bogotá,Cundinamarca,2024-05-01,publicidad_pago
2661,Bogotá,Cundinamarca,2024-02-20,referido
2662,Manizales,Caldas,2023-08-01,redes_sociales
2663,Manizales,Caldas,2023-02-01,referido
2664,Cartagena,Bolívar,2024-04-07,redes_sociales
2665,Bogotá,Cundinamarca,2024-01-17,orgánico
2666,Medellín,Antioquia,2023-10-31,publicidad_pago
2667,Bogotá,Cundinamarca,2023-11-27,publicidad_pago
2668,Bogotá,Cundinamarca,2023-01-05,referido
2669,Medellín,Antioquia,2023-09-17,orgánico
2670,Cali,Valle del Cauca,2023-04-14,orgánico
2671,Medellín,Antioquia,2023-12-23,publicidad_pago
2672,Barranquilla,Atlántico,2024-05-24,orgánico
2673,Medellín,Antioquia,2023-10-18,redes_sociales
2674,Medellín,Antioquia,2023-11-27,redes_sociales
2675,Ibagué,Tolima,2024-01-01,orgánico
2676,Pereira,Risaralda,2024-05-23,orgánico
2677,Medellín,Antioquia,2023-01-21,publicidad_pago
2678,Cali,Valle del Cauca,2023-06-19,orgánico
2679,Bogotá,Cundinamarca,2023-05-27,publicidad_pago
2680,Bogotá,Cundinamarca,2024-01-27,publicidad_pago
2681,Bucaramanga,Santander,2023-09-03,redes_sociales
2682,Bogotá,Cundinamarca,2024-02-27,redes_sociales
2683,,Antioquia,2023-09-16,orgánico
2684, Cali ,Valle del Cauca,2024-06-17,publicidad_pago
2685, Bogotá ,Cundinamarca,2024-02-24,orgánico
2686,Bogotá,Cundinamarca,2023-01-10,orgánico
2687,Medellín,Antioquia,2024-06-24,referido
2688,Neiva,Huila,2024-06-04,orgánico
2689,Barranquilla,Atlántico,2023-01-24,orgánico
2690,,Antioquia,2023-08-03,referido
2691,Bogotá,Cundinamarca,2024-06-14,orgánico
2692,Barranquilla,Atlántico,2024-04-03,orgánico
2693,Bogotá,Cundinamarca,2023-09-14,redes_sociales
2694,Cali,Valle del Cauca,2023-10-25,publicidad_pago
2695,Bucaramanga,Santander,2023-01-17,publicidad_pago
2696,Medellín,Antioquia,2023-11-05,publicidad_pago
2697, Medellín ,Antioquia,2023-12-31,referido
2698,Bogotá,Cundinamarca,2023-07-16,orgánico
2699,Bogotá,Cundinamarca,2023-06-17,redes_sociales
2700,MEDELLÍN,Antioquia,2024-03-29,orgánico
2701,Manizales,Caldas,2023-09-03,referido
2702,Bogotá,Cundinamarca,2023-05-25,referido
2703,Cali,Valle del Cauca,2023-07-25,orgánico
2704,Cartagena,Bolívar,2023-09-27,publicidad_pago
2705,Bogotá,Cundinamarca,2023-05-22,redes_sociales
2706,Bogotá,Cundinamarca,2023-11-03,orgánico
2707,Medellín,Antioquia,2024-04-16,redes_sociales
2708,Cartagena,Bolívar,2024-02-11,referido
2709,Medellín,Antioquia,2023-05-07,orgánico
2710,Bucaramanga,Santander,2023-09-15,orgánico
2711,Pereira,Risaralda,2023-10-25,referido
2712,Bucaramanga,Santander,2024-01-08,redes_sociales
2713,Santa Marta,Magdalena,2024-02-18,redes_sociales
2714,Bucaramanga,Santander,2023-09-23,publicidad_pago
2715,Pereira,Risaralda,2023-06-22,redes_sociales
2716,Pereira,Risaralda,2023-12-27,orgánico
2717,Bucaramanga,Santander,2023-03-10,orgánico
2718,Ibagué,Tolima,2024-01-04,publicidad_pago
2719,Cúcuta,Norte de Santander,2024-05-05,redes_sociales
2720,Cali,Valle del Cauca,2024-01-24,publicidad_pago
2721,Barranquilla,Atlántico,2023-08-26,publicidad_pago
2722,Cali,Valle del Cauca,2024-03-26,orgánico
2723,Pereira,Risaralda,2023-10-19,publicidad_pago
2724,MEDELLÍN,Antioquia,2023-10-23,publicidad_pago
2725,Ibagué,Tolima,2024-04-11,referido
2726,Ibagué,Tolima,2023-04-16,orgánico
2727,Neiva,Huila,2024-03-02,orgánico
2728,Bogotá,Cundinamarca,2024-01-07,publicidad_pago
2729,CARTAGENA,Bolívar,2023-10-17,referido
2730,Bucaramanga,Santander,2023-02-12,referido
2731,Cúcuta,Norte de Santander,2024-02-23,redes_sociales
2732,Manizales,Caldas,2023-04-30,redes_sociales
2733,Cali,Valle del Cauca,2024-05-04,orgánico
2734,Cali,Valle del Cauca,2024-03-09,publicidad_pago
2735,Bogotá,Cundinamarca,2023-07-18,publicidad_pago
2736, Neiva ,Huila,2023-08-26,publicidad_pago
2737,Bogotá,Cundinamarca,2023-01-14,orgánico
2738,Bucaramanga,Santander,2023-09-30,referido
2739,Ibagué,Tolima,2023-02-01,orgánico
2740,Medellín,Antioquia,2024-06-24,redes_sociales
2741,Bogotá,Cundinamarca,2023-12-17,redes_sociales
2742,Bogotá,Cundinamarca,2023-05-09,redes_sociales
2743,Pereira,Risaralda,2024-03-15,publicidad_pago
2744,Cali,Valle del Cauca,2023-01-11,redes_sociales
2745,Bogotá,Cundinamarca,2023-10-28,orgánico
2746,Cartagena,Bolívar,2023-03-02,orgánico
2747,Bogotá,Cundinamarca,2023-01-30,redes_sociales
2748,Pereira,Risaralda,2023-05-14,publicidad_pago
2749,Medellín,Antioquia,2023-06-11,redes_sociales
2750,Bogotá,Cundinamarca,2024-02-02,redes_sociales
2751,Bogotá,Cundinamarca,2024-05-02,orgánico
2752,Cali,Valle del Cauca,2024-02-29,publicidad_pago
2753,,Antioquia,2024-02-09,redes_sociales
2754,Bucaramanga,Santander,2023-11-06,redes_sociales
2755,Cali,Valle del Cauca,2023-07-23,redes_sociales
2756,Medellín,Antioquia,2023-05-20,orgánico
2757,Bogotá,Cundinamarca,2024-06-01,orgánico
2758,Bogotá,Cundinamarca,2023-10-13,orgánico
2759,Cúcuta,Norte de Santander,2023-11-05,publicidad_pago
2760,Bogotá,Cundinamarca,2023-01-09,orgánico
2761,SANTA MARTA,Magdalena,2023-09-08,orgánico
2762,Medellín,Antioquia,2024-01-08,referido
2763,Bogotá,Cundinamarca,2023-09-28,redes_sociales
2764,Bogotá,Cundinamarca,2023-12-03,redes_sociales
2765,Bogotá,Cundinamarca,2024-03-18,redes_sociales
2766,Ibagué,Tolima,2023-01-12,orgánico
2767,Cali,Valle del Cauca,2024-05-09,orgánico
2768,Medellín,Antioquia,2024-03-22,publicidad_pago
2769,Cartagena,Bolívar,2023-08-18,redes_sociales
2770,Barranquilla,Atlántico,2024-02-22,publicidad_pago
2771,Cúcuta,Norte de Santander,2023-02-06,referido
2772,NEIVA,Huila,2023-06-18,orgánico
2773,Cartagena,Bolívar,2023-02-28,publicidad_pago
2774,Ibagué,Tolima,2023-12-14,orgánico
2775,Ibagué,Tolima,2024-04-13,redes_sociales
2776,Cali,Valle del Cauca,2023-11-26,publicidad_pago
2777, Cartagena ,Bolívar,2024-01-25,orgánico
2778,Bogotá,Cundinamarca,2023-03-20,referido
2779,Bucaramanga,Santander,2024-05-25,redes_sociales
2780,,Huila,2023-04-16,redes_sociales
2781,Bogotá,Cundinamarca,2023-10-15,orgánico
2782,Pereira,Risaralda,2024-01-09,redes_sociales
2783,Cúcuta,Norte de Santander,2024-04-13,redes_sociales
2784,Bogotá,Cundinamarca,2024-05-25,orgánico
2785,Cali,Valle del Cauca,2023-11-24,redes_sociales
2786,Cúcuta,Norte de Santander,2023-11-12,orgánico
2787,Neiva,Huila,2023-08-17,referido
2788,Bogotá,Cundinamarca,2023-11-07,orgánico
2789,Medellín,Antioquia,2024-01-05,redes_sociales
2790,Cartagena,Bolívar,2023-12-20,publicidad_pago
2791,Bogotá,Cundinamarca,2023-11-21,publicidad_pago
2792,Medellín,Antioquia,2023-08-29,publicidad_pago
2793,Bogotá,Cundinamarca,2023-04-18,referido
2794,Bogotá,Cundinamarca,2023-01-30,orgánico
2795,Cali,Valle del Cauca,2023-08-19,redes_sociales
2796,Barranquilla,Atlántico,2023-08-05,publicidad_pago
2797,Barranquilla,Atlántico,2023-11-29,orgánico
2798,Bucaramanga,Santander,2024-05-07,publicidad_pago
2799,Medellín,Antioquia,2024-01-19,orgánico
2800,Bogotá,Cundinamarca,2024-03-16,referido
2801,Bogotá,Cundinamarca,2023-11-13,publicidad_pago
2802,Bogotá,Cundinamarca,2024-05-22,redes_sociales
2803,Medellín,Antioquia,2024-05-28,redes_sociales
2804,Bogotá,Cundinamarca,2023-03-25,referido
2805,Bogotá,Cundinamarca,2023-12-16,publicidad_pago
2806,Bogotá,Cundinamarca,2023-10-04,publicidad_pago
2807,Cartagena,Bolívar,2024-06-15,publicidad_pago
2808,Barranquilla,Atlántico,2023-11-16,orgánico
2809,Cúcuta,Norte de Santander,2023-01-09,orgánico
2810,Ibagué,Tolima,2023-04-25,orgánico
2811,Cali,Valle del Cauca,2023-03-12,publicidad_pago
2812,Bogotá,Cundinamarca,2023-04-20,redes_sociales
2813,Cali,Valle del Cauca,2023-02-22,orgánico
2814, Bogotá ,Cundinamarca,2024-03-03,referido
2815,Medellín,Antioquia,2023-09-28,orgánico
2816,Medellín,Antioquia,2024-01-03,publicidad_pago
2817,Medellín,Antioquia,2024-06-30,redes_sociales
2818,Bogotá,Cundinamarca,2023-12-21,redes_sociales
2819,Cartagena,Bolívar,2023-09-20,orgánico
2820,Pereira,Risaralda,2023-05-27,publicidad_pago
2821,,Santander,2024-02-17,publicidad_pago
2822,Barranquilla,Atlántico,2023-10-05,orgánico
2823,Cali,Valle del Cauca,2024-02-19,redes_sociales
2824,Bogotá,Cundinamarca,2023-01-13,redes_sociales
2825,Bucaramanga,Santander,2023-03-31,redes_sociales
2826,Cali,Valle del Cauca,2023-03-13,redes_sociales
2827,Bogotá,Cundinamarca,2024-01-08,redes_sociales
2828,Medellín,Antioquia,2023-10-11,publicidad_pago
2829,Cúcuta,Norte de Santander,2023-06-23,publicidad_pago
2830, Barranquilla ,Atlántico,2023-06-19,orgánico
2831,Cali,Valle del Cauca,2023-11-28,publicidad_pago
2832,Barranquilla,Atlántico,2024-06-12,orgánico
2833,Medellín,Antioquia,2024-06-28,referido
2834,Cali,Valle del Cauca,2023-09-15,redes_sociales
2835,Medellín,Antioquia,2024-01-02,orgánico
2836,Medellín,Antioquia,2023-02-15,publicidad_pago
2837,Cartagena,Bolívar,2024-06-01,orgánico
2838,Bogotá,Cundinamarca,2023-01-10,publicidad_pago
2839,Ibagué,Tolima,2023-07-07,referido
2840,Medellín,Antioquia,2024-02-01,publicidad_pago
2841,Cartagena,Bolívar,2024-06-14,redes_sociales
2842,Barranquilla,Atlántico,2023-04-04,redes_sociales
2843,Barranquilla,Atlántico,2023-12-28,redes_sociales
2844,Barranquilla,Atlántico,2023-04-13,orgánico
2845,Neiva,Huila,2023-01-28,referido
2846,Cali,Valle del Cauca,2023-08-20,orgánico
2847,Bucaramanga,Santander,2023-11-12,orgánico
2848,Cartagena,Bolívar,2023-05-25,orgánico
2849,Bogotá,Cundinamarca,2024-06-16,referido
2850,Medellín,Antioquia,2023-12-04,referido
2851,Medellín,Antioquia,2023-08-28,orgánico
2852,Bogotá,Cundinamarca,2023-09-23,orgánico
2853,Medellín,Antioquia,2023-09-11,publicidad_pago
2854,Medellín,Antioquia,2023-03-02,redes_sociales
2855,Barranquilla,Atlántico,2023-11-28,referido
2856,Bogotá,Cundinamarca,2024-03-05,referido
2857,Ibagué,Tolima,2023-08-19,publicidad_pago
2858,Medellín,Antioquia,2023-08-21,orgánico
2859,Cartagena,Bolívar,2024-05-13,publicidad_pago
2860,Bogotá,Cundinamarca,2023-12-01,referido
2861,Cali,Valle del Cauca,2023-06-12,redes_sociales
2862,Bogotá,Cundinamarca,2023-01-03,publicidad_pago
2863,Cartagena,Bolívar,2024-03-26,redes_sociales
2864,Medellín,Antioquia,2023-12-09,referido
2865,Cúcuta,Norte de Santander,2023-12-09,publicidad_pago
2866,Medellín,Antioquia,2023-06-04,orgánico
2867,Cali,Valle del Cauca,2023-04-12,redes_sociales
2868,Bogotá,Cundinamarca,2023-09-28,orgánico
2869,Barranquilla,Atlántico,2024-02-19,redes_sociales
2870,Cali,Valle del Cauca,2023-06-12,referido
2871,Medellín,Antioquia,2023-10-16,orgánico
2872,Bogotá,Cundinamarca,2024-06-28,referido
2873,Bogotá,Cundinamarca,2023-04-30,orgánico
2874,Bogotá,Cundinamarca,2023-05-07,publicidad_pago
2875,Santa Marta,Magdalena,2023-05-10,referido
2876,Medellín,Antioquia,2024-05-14,publicidad_pago
2877,Bogotá,Cundinamarca,2023-10-17,publicidad_pago
2878,Neiva,Huila,2024-05-17,referido
2879,Bogotá,Cundinamarca,2024-06-02,redes_sociales
2880,Medellín,Antioquia,2023-08-19,publicidad_pago
2881,Cartagena,Bolívar,2023-01-31,orgánico
2882,Manizales,Caldas,2023-06-16,redes_sociales
2883,Cartagena,Bolívar,2023-10-25,orgánico
2884,Cali,Valle del Cauca,2023-07-28,publicidad_pago
2885,Neiva,Huila,2023-01-02,publicidad_pago
2886,Bogotá,Cundinamarca,2024-06-25,redes_sociales
2887,Santa Marta,Magdalena,2023-06-15,referido
2888,Pereira,Risaralda,2023-12-05,orgánico
2889,Cúcuta,Norte de Santander,2024-06-01,referido
2890,Bogotá,Cundinamarca,2023-10-25,orgánico
2891,Bogotá,Cundinamarca,2024-01-15,orgánico
2892,Cartagena,Bolívar,2023-01-20,redes_sociales
2893,Cali,Valle del Cauca,2024-01-17,orgánico
2894,Cali,Valle del Cauca,2024-04-08,publicidad_pago
2895,Cúcuta,Norte de Santander,2024-05-17,publicidad_pago
2896,Barranquilla,Atlántico,2023-02-15,publicidad_pago
2897,Medellín,Antioquia,2023-05-05,orgánico
2898,Medellín,Antioquia,2023-01-26,orgánico
2899,Bogotá,Cundinamarca,2024-05-17,orgánico
2900,Bogotá,Cundinamarca,2023-05-31,redes_sociales
2901, Bogotá ,Cundinamarca,2023-10-18,orgánico
2902,Ibagué,Tolima,2023-09-18,orgánico
2903,Cartagena,Bolívar,2024-01-12,publicidad_pago
2904,CALI,Valle del Cauca,2024-05-04,referido
2905,,Antioquia,2023-06-27,publicidad_pago
2906,Cartagena,Bolívar,2024-03-08,orgánico
2907,Ibagué,Tolima,2023-06-09,redes_sociales
2908,Manizales,Caldas,2023-04-19,orgánico
2909,Cali,Valle del Cauca,2023-02-28,redes_sociales
2910,Ibagué,Tolima,2023-07-23,redes_sociales
2911,Cali,Valle del Cauca,2023-11-03,referido
2912,Cali,Valle del Cauca,2024-03-02,redes_sociales
2913,Pereira,Risaralda,2024-04-09,orgánico
2914,Medellín,Antioquia,2023-10-16,redes_sociales
2915, Medellín ,Antioquia,2023-08-12,referido
2916,Medellín,Antioquia,2023-04-06,orgánico
2917,Cali,Valle del Cauca,2024-05-15,publicidad_pago
2918,Cali,Valle del Cauca,2023-08-05,orgánico
2919,Cartagena,Bolívar,2024-02-23,orgánico
2920,Medellín,Antioquia,2023-12-09,publicidad_pago
2921,Bogotá,Cundinamarca,2024-05-24,orgánico
2922,Pereira,Risaralda,2024-06-16,publicidad_pago
2923,Medellín,Antioquia,2024-01-22,orgánico
2924,Cúcuta,Norte de Santander,2023-12-29,redes_sociales
2925,Bogotá,Cundinamarca,2023-03-17,redes_sociales
2926,Cali,Valle del Cauca,2023-01-09,publicidad_pago
2927,Cali,Valle del Cauca,2023-10-26,publicidad_pago
2928,Ibagué,Tolima,2024-01-21,publicidad_pago
2929,Bogotá,Cundinamarca,2024-02-13,redes_sociales
2930,Manizales,Caldas,2023-05-18,orgánico
2931,Cali,Valle del Cauca,2023-10-03,redes_sociales
2932,Barranquilla,Atlántico,2024-04-16,redes_sociales
2933,Cali,Valle del Cauca,2023-02-22,orgánico
2934,Bogotá,Cundinamarca,2023-07-29,referido
2935,Cali,Valle del Cauca,2024-05-31,orgánico
2936,Bogotá,Cundinamarca,2023-04-20,orgánico
2937,Medellín,Antioquia,2023-06-23,referido
2938,Barranquilla,Atlántico,2023-09-13,redes_sociales
2939,Cali,Valle del Cauca,2024-01-12,publicidad_pago
2940,Bogotá,Cundinamarca,2023-05-20,orgánico
2941,Bogotá,Cundinamarca,2024-03-09,redes_sociales
2942,Bogotá,Cundinamarca,2023-05-09,redes_sociales
2943,Bogotá,Cundinamarca,2023-07-21,orgánico
2944,Barranquilla,Atlántico,2023-11-10,publicidad_pago
2945,Bogotá,Cundinamarca,2023-01-07,orgánico
2946,Manizales,Caldas,2024-02-24,orgánico
2947,Bogotá,Cundinamarca,2024-01-01,orgánico
2948,Bogotá,Cundinamarca,2024-04-01,orgánico
2949,Pereira,Risaralda,2023-05-31,orgánico
2950,Medellín,Antioquia,2023-08-06,publicidad_pago
2951,Medellín,Antioquia,2024-05-06,redes_sociales
2952,Neiva,Huila,2023-02-06,orgánico
2953,Cúcuta,Norte de Santander,2023-09-26,redes_sociales
2954,Cartagena,Bolívar,2023-09-22,orgánico
2955,Bogotá,Cundinamarca,2023-09-02,redes_sociales
2956,Barranquilla,Atlántico,2023-08-26,publicidad_pago
2957,Santa Marta,Magdalena,2024-02-13,publicidad_pago
2958, Cúcuta ,Norte de Santander,2023-04-18,publicidad_pago
2959,Bogotá,Cundinamarca,2024-05-02,orgánico
2960,Medellín,Antioquia,2024-05-05,orgánico
2961,Medellín,Antioquia,2023-04-09,publicidad_pago
2962,Bogotá,Cundinamarca,2024-06-16,redes_sociales
2963,Cartagena,Bolívar,2023-05-24,redes_sociales
2964,Bogotá,Cundinamarca,2023-01-29,referido
2965,Medellín,Antioquia,2023-08-06,orgánico
2966,Bogotá,Cundinamarca,2024-03-11,publicidad_pago
2967,Cali,Valle del Cauca,2024-04-06,redes_sociales
2968, Bogotá ,Cundinamarca,2023-12-20,orgánico
2969,Medellín,Antioquia,2024-03-19,orgánico
2970,Bogotá,Cundinamarca,2023-05-24,redes_sociales
2971,Neiva,Huila,2024-04-25,orgánico
2972,Bogotá,Cundinamarca,2023-12-14,publicidad_pago
2973,Cali,Valle del Cauca,2023-03-15,publicidad_pago
2974,Bogotá,Cundinamarca,2023-03-12,redes_sociales
2975,Bogotá,Cundinamarca,2023-05-27,redes_sociales
2976,Bogotá,Cundinamarca,2023-02-07,redes_sociales
2977,Bogotá,Cundinamarca,2023-06-04,redes_sociales
2978,Bogotá,Cundinamarca,2024-06-27,publicidad_pago
2979,Cali,Valle del Cauca,2023-05-12,orgánico
2980,Barranquilla,Atlántico,2023-12-15,referido
2981,Bogotá,Cundinamarca,2024-06-18,orgánico
2982,Medellín,Antioquia,2023-05-19,orgánico
2983,Barranquilla,Atlántico,2024-01-16,publicidad_pago
2984,Bogotá,Cundinamarca,2023-09-04,orgánico
2985,Medellín,Antioquia,2023-06-06,orgánico
2986,Bogotá,Cundinamarca,2024-06-03,orgánico
2987,Bogotá,Cundinamarca,2023-12-26,publicidad_pago
2988,Cali,Valle del Cauca,2023-08-28,redes_sociales
2989,Santa Marta,Magdalena,2024-03-20,orgánico
2990,Santa Marta,Magdalena,2024-05-07,redes_sociales
2991,Neiva,Huila,2024-03-03,orgánico
2992,Medellín,Antioquia,2024-04-20,referido
2993,Bogotá,Cundinamarca,2023-06-26,orgánico
2994,Medellín,Antioquia,2023-07-08,redes_sociales
2995,Bogotá,Cundinamarca,2023-05-08,redes_sociales
2996,Bogotá,Cundinamarca,2024-01-16,redes_sociales
2997,Bogotá,Cundinamarca,2024-03-15,referido
2998,Medellín,Antioquia,2023-12-28,orgánico
2999, Medellín ,Antioquia,2023-11-24,publicidad_pago
3000,Bogotá,Cundinamarca,2024-02-26,redes_sociales
3001,Cartagena,Bolívar,2023-04-10,publicidad_pago
3002,Medellín,Antioquia,2023-07-20,redes_sociales
3003,Pereira,Risaralda,2024-01-22,orgánico
3004,Bogotá,Cundinamarca,2023-01-29,orgánico
3005,Cali,Valle del Cauca,2024-05-13,orgánico
3006,Bogotá,Cundinamarca,2023-04-04,referido
3007,Cali,Valle del Cauca,2024-03-06,publicidad_pago
3008,Bogotá,Cundinamarca,2023-12-04,orgánico
3009,Bogotá,Cundinamarca,2024-04-08,redes_sociales
3010,Barranquilla,Atlántico,2024-02-28,publicidad_pago
3011,Bogotá,Cundinamarca,2023-10-10,redes_sociales
3012,Bogotá,Cundinamarca,2024-02-18,redes_sociales
3013,Cúcuta,Norte de Santander,2023-07-09,publicidad_pago
3014,Bogotá,Cundinamarca,2023-11-16,orgánico
3015,Cali,Valle del Cauca,2024-05-15,redes_sociales
3016,Cali,Valle del Cauca,2023-02-16,orgánico
3017,Bogotá,Cundinamarca,2023-07-14,orgánico
3018,Medellín,Antioquia,2023-01-10,publicidad_pago
3019,Bogotá,Cundinamarca,2023-10-20,publicidad_pago
3020,Bucaramanga,Santander,2024-03-03,referido
3021,Bogotá,Cundinamarca,2023-01-22,orgánico
3022,Bogotá,Cundinamarca,2023-10-28,publicidad_pago
3023,Medellín,Antioquia,2023-08-16,referido
3024,Manizales,Caldas,2024-03-04,redes_sociales
3025,Ibagué,Tolima,2023-05-01,referido
3026,Cúcuta,Norte de Santander,2023-03-31,referido
3027,Barranquilla,Atlántico,2023-02-21,publicidad_pago
3028,Cartagena,Bolívar,2023-08-11,referido
3029,Cali,Valle del Cauca,2023-09-24,redes_sociales
3030,Manizales,Caldas,2024-05-17,redes_sociales
3031,Cali,Valle del Cauca,2023-09-12,referido
3032,Medellín,Antioquia,2023-04-04,publicidad_pago
3033,Barranquilla,Atlántico,2024-01-18,orgánico
3034,Cali,Valle del Cauca,2023-02-03,orgánico
3035,Bogotá,Cundinamarca,2023-07-08,orgánico
3036,Medellín,Antioquia,2023-12-24,publicidad_pago
3037,Medellín,Antioquia,2023-05-19,orgánico
3038,Pereira,Risaralda,2023-11-22,orgánico
3039,Medellín,Antioquia,2023-09-05,redes_sociales
3040,Ibagué,Tolima,2024-06-04,orgánico
3041,Medellín,Antioquia,2023-06-07,referido
3042,Bucaramanga,Santander,2024-05-10,redes_sociales
3043,Bogotá,Cundinamarca,2023-12-09,orgánico
3044,Cúcuta,Norte de Santander,2024-02-14,orgánico
3045,Cali,Valle del Cauca,2023-04-03,publicidad_pago
3046,Bogotá,Cundinamarca,2023-01-11,redes_sociales
3047,Bogotá,Cundinamarca,2024-02-04,redes_sociales
3048,Bogotá,Cundinamarca,2023-09-20,orgánico
3049,Medellín,Antioquia,2023-06-18,referido
3050,Cartagena,Bolívar,2024-05-05,publicidad_pago
3051,Cúcuta,Norte de Santander,2023-06-28,publicidad_pago
3052,Cartagena,Bolívar,2023-08-26,redes_sociales
3053,Cali,Valle del Cauca,2024-02-01,referido
3054,Medellín,Antioquia,2024-06-10,publicidad_pago
3055,Ibagué,Tolima,2024-05-06,redes_sociales
3056,Pereira,Risaralda,2023-12-23,referido
3057,Medellín,Antioquia,2023-03-02,publicidad_pago
3058, Neiva ,Huila,2023-03-01,publicidad_pago
3059,Medellín,Antioquia,2024-01-14,publicidad_pago
3060,Ibagué,Tolima,2023-10-06,redes_sociales
3061,Neiva,Huila,2023-03-14,redes_sociales
3062,Cartagena,Bolívar,2024-01-16,orgánico
3063,Bogotá,Cundinamarca,2024-05-30,redes_sociales
3064,Barranquilla,Atlántico,2023-02-05,redes_sociales
3065,Bogotá,Cundinamarca,2024-03-27,orgánico
3066,Ibagué,Tolima,2023-07-08,referido
3067,Medellín,Antioquia,2023-08-06,orgánico
3068,Cartagena,Bolívar,2024-01-28,publicidad_pago
3069,Manizales,Caldas,2023-05-16,orgánico
3070,Bogotá,Cundinamarca,2023-03-27,orgánico
3071,MEDELLÍN,Antioquia,2024-06-11,orgánico
3072,Barranquilla,Atlántico,2023-07-10,redes_sociales
3073,MEDELLÍN,Antioquia,2023-04-03,redes_sociales
3074,Bogotá,Cundinamarca,2024-01-13,orgánico
3075,Bogotá,Cundinamarca,2023-04-29,publicidad_pago
3076,Medellín,Antioquia,2024-02-29,redes_sociales
3077,Barranquilla,Atlántico,2023-02-08,orgánico
3078,Cali,Valle del Cauca,2023-10-11,orgánico
3079,Bogotá,Cundinamarca,2023-08-09,orgánico
3080,Medellín,Antioquia,2024-06-07,orgánico
3081,Medellín,Antioquia,2023-10-13,orgánico
3082,Bogotá,Cundinamarca,2024-05-21,publicidad_pago
3083,Bucaramanga,Santander,2023-05-16,publicidad_pago
3084,Medellín,Antioquia,2023-09-16,publicidad_pago
3085,Cali,Valle del Cauca,2024-03-21,publicidad_pago
3086,Cúcuta,Norte de Santander,2023-03-29,redes_sociales
3087,Cali,Valle del Cauca,2024-05-22,orgánico
3088,Barranquilla,Atlántico,2024-02-27,orgánico
3089,Bogotá,Cundinamarca,2024-01-06,redes_sociales
3090,Bogotá,Cundinamarca,2023-05-13,orgánico
3091,Bogotá,Cundinamarca,2024-03-23,orgánico
3092,Bucaramanga,Santander,2024-04-06,referido
3093,Pereira,Risaralda,2023-06-10,orgánico
3094,Bogotá,Cundinamarca,2023-11-18,orgánico
3095,Bogotá,Cundinamarca,2023-02-03,referido
3096,Medellín,Antioquia,2023-08-04,orgánico
3097,Barranquilla,Atlántico,2023-03-24,redes_sociales
3098,Barranquilla,Atlántico,2023-11-01,orgánico
3099,Cartagena,Bolívar,2023-10-28,redes_sociales
3100,Manizales,Caldas,2023-10-19,referido
3101,Medellín,Antioquia,2024-01-06,publicidad_pago
3102,Barranquilla,Atlántico,2024-05-20,redes_sociales
3103,Cali,Valle del Cauca,2023-04-18,orgánico
3104,Medellín,Antioquia,2023-04-28,redes_sociales
3105,Manizales,Caldas,2023-04-28,redes_sociales
3106,Bogotá,Cundinamarca,2024-05-22,orgánico
3107,Cartagena,Bolívar,2023-02-20,orgánico
3108,Bucaramanga,Santander,2023-01-18,publicidad_pago
3109,Manizales,Caldas,2023-03-29,publicidad_pago
3110,Cali,Valle del Cauca,2024-02-25,referido
3111,Medellín,Antioquia,2023-11-14,publicidad_pago
3112,Ibagué,Tolima,2024-05-18,redes_sociales
3113,Bucaramanga,Santander,2023-04-22,publicidad_pago
3114,Cali,Valle del Cauca,2023-08-04,referido
3115,Bucaramanga,Santander,2023-10-31,orgánico
3116,Bogotá,Cundinamarca,2023-02-09,redes_sociales
3117,Barranquilla,Atlántico,2024-05-17,orgánico
3118,Pereira,Risaralda,2024-03-16,referido
3119,Medellín,Antioquia,2023-03-20,referido
3120,Cali,Valle del Cauca,2024-04-06,publicidad_pago
3121,Neiva,Huila,2023-09-03,orgánico
3122, Ibagué ,Tolima,2023-07-03,referido
3123,Manizales,Caldas,2024-06-01,orgánico
3124,Medellín,Antioquia,2023-10-11,orgánico
3125,Santa Marta,Magdalena,2023-05-05,redes_sociales
3126,Bogotá,Cundinamarca,2024-03-18,publicidad_pago
3127,Cali,Valle del Cauca,2024-01-27,publicidad_pago
3128,Cali,Valle del Cauca,2023-04-16,orgánico
3129,Ibagué,Tolima,2024-01-06,redes_sociales
3130,Manizales,Caldas,2023-12-11,redes_sociales
3131,Bucaramanga,Santander,2023-05-31,orgánico
3132,Barranquilla,Atlántico,2023-08-24,publicidad_pago
3133,Medellín,Antioquia,2024-04-04,orgánico
3134,Cali,Valle del Cauca,2023-04-06,orgánico
3135,Cali,Valle del Cauca,2024-01-31,redes_sociales
3136,Bogotá,Cundinamarca,2024-03-30,publicidad_pago
3137,Cali,Valle del Cauca,2024-05-27,publicidad_pago
3138,Pereira,Risaralda,2023-06-27,orgánico
3139,Cartagena,Bolívar,2023-05-26,orgánico
3140,Ibagué,Tolima,2024-05-26,referido
3141,Medellín,Antioquia,2023-09-11,redes_sociales
3142,Cali,Valle del Cauca,2023-11-08,redes_sociales
3143,Bogotá,Cundinamarca,2023-10-08,orgánico
3144,Medellín,Antioquia,2023-10-09,referido
3145,Cali,Valle del Cauca,2023-12-08,publicidad_pago
3146,Bogotá,Cundinamarca,2023-08-20,orgánico
3147,,Cundinamarca,2023-08-03,orgánico
3148,Cartagena,Bolívar,2023-08-08,orgánico
3149,Medellín,Antioquia,2023-12-26,orgánico
3150,Medellín,Antioquia,2024-03-23,orgánico
3151,Bogotá,Cundinamarca,2023-10-31,orgánico
3152,Cali,Valle del Cauca,2024-01-06,orgánico
3153,Medellín,Antioquia,2023-08-14,redes_sociales
3154,CALI,Valle del Cauca,2024-02-28,redes_sociales
3155,,Atlántico,2023-08-04,redes_sociales
3156,Bogotá,Cundinamarca,2023-08-19,publicidad_pago
3157,Manizales,Caldas,2023-01-31,orgánico
3158,Bogotá,Cundinamarca,2023-05-24,publicidad_pago
3159,Medellín,Antioquia,2024-02-08,referido
3160,Bogotá,Cundinamarca,2023-02-17,referido
3161,Cali,Valle del Cauca,2023-05-03,orgánico
3162,Medellín,Antioquia,2024-02-29,orgánico
3163,Pereira,Risaralda,2024-04-22,redes_sociales
3164,Medellín,Antioquia,2023-08-16,orgánico
3165,Barranquilla,Atlántico,2023-08-11,orgánico
3166,Bogotá,Cundinamarca,2023-10-06,orgánico
3167,Bogotá,Cundinamarca,2024-02-26,redes_sociales
3168,Medellín,Antioquia,2023-09-14,publicidad_pago
3169,Cali,Valle del Cauca,2023-04-05,orgánico
3170,Medellín,Antioquia,2023-08-24,referido
3171,Neiva,Huila,2023-05-20,publicidad_pago
3172,Cartagena,Bolívar,2024-01-10,orgánico
3173,Santa Marta,Magdalena,2023-03-20,redes_sociales
3174,Medellín,Antioquia,2023-11-29,orgánico
3175,IBAGUÉ,Tolima,2023-03-13,referido
3176,Cali,Valle del Cauca,2024-06-15,publicidad_pago
3177,Barranquilla,Atlántico,2023-12-17,publicidad_pago
3178,Santa Marta,Magdalena,2023-03-17,publicidad_pago
3179,Barranquilla,Atlántico,2024-06-08,orgánico
3180,Manizales,Caldas,2023-11-10,referido
3181,Bucaramanga,Santander,2023-11-28,referido
3182, Bogotá ,Cundinamarca,2023-02-04,publicidad_pago
3183,CARTAGENA,Bolívar,2023-04-13,redes_sociales
3184,Cali,Valle del Cauca,2024-03-17,orgánico
3185,Manizales,Caldas,2023-09-13,orgánico
3186,Ibagué,Tolima,2023-12-04,orgánico
3187,Bogotá,Cundinamarca,2024-06-23,redes_sociales
3188,Bogotá,Cundinamarca,2023-08-23,publicidad_pago
3189,Bogotá,Cundinamarca,2023-07-28,referido
3190,Cali,Valle del Cauca,2024-03-14,orgánico
3191,Bogotá,Cundinamarca,2023-02-06,orgánico
3192,Bucaramanga,Santander,2023-09-06,orgánico
3193,Cali,Valle del Cauca,2024-04-12,referido
3194,Pereira,Risaralda,2023-05-05,publicidad_pago
3195,Bogotá,Cundinamarca,2023-06-16,redes_sociales
3196,Cali,Valle del Cauca,2023-09-16,redes_sociales
3197,Bogotá,Cundinamarca,2023-02-10,redes_sociales
3198,Manizales,Caldas,2023-02-08,orgánico
3199,Bogotá,Cundinamarca,2023-05-18,orgánico
3200,Bogotá,Cundinamarca,2024-05-06,orgánico
3201,Bogotá,Cundinamarca,2023-05-02,orgánico
3202,Ibagué,Tolima,2024-02-04,redes_sociales
3203,Bogotá,Cundinamarca,2023-08-22,orgánico
3204,BARRANQUILLA,Atlántico,2024-02-20,publicidad_pago
3205,Bucaramanga,Santander,2023-06-30,redes_sociales
3206,Bucaramanga,Santander,2024-04-23,redes_sociales
3207,Bogotá,Cundinamarca,2023-07-22,referido
3208,Bogotá,Cundinamarca,2024-03-08,orgánico
3209,Medellín,Antioquia,2024-03-30,redes_sociales
3210,Bogotá,Cundinamarca,2023-08-25,orgánico
3211,Cartagena,Bolívar,2023-12-31,publicidad_pago
3212,Medellín,Antioquia,2023-03-06,redes_sociales
3213,Medellín,Antioquia,2023-09-29,orgánico
3214,Bogotá,Cundinamarca,2023-07-24,orgánico
3215,Cali,Valle del Cauca,2024-06-06,publicidad_pago
3216,Bogotá,Cundinamarca,2024-05-25,publicidad_pago
3217,,Bolívar,2024-03-04,publicidad_pago
3218,Bogotá,Cundinamarca,2024-06-03,redes_sociales
3219,Neiva,Huila,2024-06-17,redes_sociales
3220,Cartagena,Bolívar,2024-02-25,redes_sociales
3221,Bogotá,Cundinamarca,2023-11-21,orgánico
3222,Bogotá,Cundinamarca,2023-04-22,redes_sociales
3223,MEDELLÍN,Antioquia,2024-03-22,redes_sociales
3224,Bogotá,Cundinamarca,2023-04-17,publicidad_pago
3225,Bogotá,Cundinamarca,2023-04-12,redes_sociales
3226,Pereira,Risaralda,2024-04-26,redes_sociales
3227,Barranquilla,Atlántico,2023-03-04,referido
3228,Bogotá,Cundinamarca,2023-03-19,publicidad_pago
3229,Cali,Valle del Cauca,2023-10-07,orgánico
3230,Bogotá,Cundinamarca,2023-11-16,referido
3231,NEIVA,Huila,2023-01-25,orgánico
3232,Bogotá,Cundinamarca,2023-07-26,publicidad_pago
3233,BUCARAMANGA,Santander,2023-05-04,orgánico
3234,Bucaramanga,Santander,2023-06-15,redes_sociales
3235,Bogotá,Cundinamarca,2023-04-09,referido
3236,Bogotá,Cundinamarca,2024-01-06,orgánico
3237,Medellín,Antioquia,2023-09-16,publicidad_pago
3238,Pereira,Risaralda,2024-06-08,redes_sociales
3239,Cali,Valle del Cauca,2023-01-05,orgánico
3240,Barranquilla,Atlántico,2024-03-01,referido
3241,Ibagué,Tolima,2024-05-12,redes_sociales
3242,Ibagué,Tolima,2023-09-23,publicidad_pago
3243,Cali,Valle del Cauca,2024-01-18,publicidad_pago
3244,Cali,Valle del Cauca,2023-08-30,orgánico
3245,Cartagena,Bolívar,2023-11-22,orgánico
3246,Bogotá,Cundinamarca,2024-05-11,orgánico
3247,Pereira,Risaralda,2023-10-18,redes_sociales
3248,Bogotá,Cundinamarca,2023-11-13,orgánico
3249,Bogotá,Cundinamarca,2024-06-23,redes_sociales
3250,Ibagué,Tolima,2023-09-29,publicidad_pago
3251,Medellín,Antioquia,2023-04-05,orgánico
3252,Bogotá,Cundinamarca,2024-01-09,publicidad_pago
3253,Bogotá,Cundinamarca,2024-01-15,redes_sociales
3254,,Valle del Cauca,2023-05-10,orgánico
3255,Pereira,Risaralda,2024-02-03,orgánico
3256,Bogotá,Cundinamarca,2023-02-04,orgánico
3257,Bogotá,Cundinamarca,2023-06-25,redes_sociales
3258,Cali,Valle del Cauca,2024-04-12,orgánico
3259,Neiva,Huila,2023-12-04,publicidad_pago
3260,Bogotá,Cundinamarca,2023-11-29,publicidad_pago
3261,Neiva,Huila,2023-12-06,orgánico
3262,Manizales,Caldas,2023-04-01,publicidad_pago
3263,Medellín,Antioquia,2024-06-09,referido
3264,Ibagué,Tolima,2023-06-13,orgánico
3265,Cartagena,Bolívar,2024-03-06,referido
3266,Cali,Valle del Cauca,2024-06-25,orgánico
3267,Medellín,Antioquia,2023-05-12,publicidad_pago
3268,Ibagué,Tolima,2023-12-14,orgánico
3269,Ibagué,Tolima,2023-01-24,publicidad_pago
3270,Bucaramanga,Santander,2023-12-14,publicidad_pago
3271,Santa Marta,Magdalena,2023-08-30,referido
3272,Cali,Valle del Cauca,2023-02-09,referido
3273,IBAGUÉ,Tolima,2024-01-03,orgánico
3274,Pereira,Risaralda,2024-06-14,publicidad_pago
3275,Bogotá,Cundinamarca,2023-02-15,orgánico
3276,,Cundinamarca,2024-05-03,orgánico
3277,Medellín,Antioquia,2024-04-06,orgánico
3278,Pereira,Risaralda,2023-10-27,referido
3279,Medellín,Antioquia,2024-05-08,publicidad_pago
3280,Cartagena,Bolívar,2023-06-19,orgánico
3281,Bogotá,Cundinamarca,2024-01-29,referido
3282,Medellín,Antioquia,2024-01-17,publicidad_pago
3283,Barranquilla,Atlántico,2023-11-14,orgánico
3284,Bogotá,Cundinamarca,2024-03-31,redes_sociales
3285,Manizales,Caldas,2024-04-24,publicidad_pago
3286,Bogotá,Cundinamarca,2024-03-06,publicidad_pago
3287,Manizales,Caldas,2023-11-18,redes_sociales
3288,Bogotá,Cundinamarca,2024-06-18,redes_sociales
3289,Santa Marta,Magdalena,2023-10-31,orgánico
3290,Barranquilla,Atlántico,2023-12-15,redes_sociales
3291,Bogotá,Cundinamarca,2023-04-14,orgánico
3292,Bogotá,Cundinamarca,2023-06-25,orgánico
3293,BOGOTÁ,Cundinamarca,2024-05-09,orgánico
3294,Barranquilla,Atlántico,2023-09-30,redes_sociales
3295,Ibagué,Tolima,2023-10-07,redes_sociales
3296,Medellín,Antioquia,2024-03-22,redes_sociales
3297,Medellín,Antioquia,2023-06-28,orgánico
3298, Barranquilla ,Atlántico,2023-05-26,referido
3299,CALI,Valle del Cauca,2023-01-05,orgánico
3300,Cartagena,Bolívar,2023-05-07,redes_sociales
3301,Cali,Valle del Cauca,2023-10-08,orgánico
3302,Cartagena,Bolívar,2024-02-01,publicidad_pago
3303,Santa Marta,Magdalena,2023-06-30,redes_sociales
3304,Medellín,Antioquia,2023-09-01,redes_sociales
3305,Bogotá,Cundinamarca,2023-05-02,publicidad_pago
3306,Bogotá,Cundinamarca,2024-03-22,publicidad_pago
3307,Cali,Valle del Cauca,2023-10-15,redes_sociales
3308,Medellín,Antioquia,2023-03-20,redes_sociales
3309,Cúcuta,Norte de Santander,2023-11-30,referido
3310,Barranquilla,Atlántico,2023-07-03,referido
3311,Cali,Valle del Cauca,2024-04-18,publicidad_pago
3312,Ibagué,Tolima,2023-05-27,publicidad_pago
3313,,Cundinamarca,2024-04-18,publicidad_pago
3314,Ibagué,Tolima,2024-01-17,referido
3315,Bogotá,Cundinamarca,2023-03-16,orgánico
3316,Barranquilla,Atlántico,2024-02-20,referido
3317,Cúcuta,Norte de Santander,2024-01-30,publicidad_pago
3318,Ibagué,Tolima,2023-09-07,redes_sociales
3319,Pereira,Risaralda,2023-03-29,redes_sociales
3320,Medellín,Antioquia,2023-09-19,orgánico
3321,Ibagué,Tolima,2023-11-29,publicidad_pago
3322,Cali,Valle del Cauca,2023-03-14,publicidad_pago
3323,Barranquilla,Atlántico,2023-07-06,orgánico
3324,Bogotá,Cundinamarca,2024-01-19,redes_sociales
3325,Bogotá,Cundinamarca,2023-10-30,orgánico
3326,Cali,Valle del Cauca,2024-06-26,redes_sociales
3327,Bogotá,Cundinamarca,2023-04-29,redes_sociales
3328,Bucaramanga,Santander,2024-03-01,redes_sociales
3329,Pereira,Risaralda,2023-08-21,orgánico
3330,Cúcuta,Norte de Santander,2023-05-03,orgánico
3331,Bogotá,Cundinamarca,2024-06-04,orgánico
3332,Cúcuta,Norte de Santander,2023-12-07,redes_sociales
3333,Bogotá,Cundinamarca,2023-10-20,referido
3334,Cali,Valle del Cauca,2023-06-11,publicidad_pago
3335,Pereira,Risaralda,2024-04-27,publicidad_pago
3336,Bogotá,Cundinamarca,2023-01-17,orgánico
3337,Bogotá,Cundinamarca,2023-03-04,orgánico
3338, Bogotá ,Cundinamarca,2023-04-09,publicidad_pago
3339,Cali,Valle del Cauca,2023-12-24,redes_sociales
3340,Ibagué,Tolima,2023-02-26,orgánico
3341,Bogotá,Cundinamarca,2024-03-12,redes_sociales
3342,Bogotá,Cundinamarca,2023-04-18,publicidad_pago
3343,Cali,Valle del Cauca,2024-01-06,orgánico
3344,Bogotá,Cundinamarca,2024-03-11,orgánico
3345,Bucaramanga,Santander,2024-04-25,redes_sociales
3346,Cúcuta,Norte de Santander,2023-06-10,orgánico
3347,Bucaramanga,Santander,2023-02-10,redes_sociales
3348,Pereira,Risaralda,2024-02-19,publicidad_pago
3349,Cali,Valle del Cauca,2023-09-03,referido
3350,Pereira,Risaralda,2024-06-03,redes_sociales
3351,Bogotá,Cundinamarca,2023-04-13,orgánico
3352,Bogotá,Cundinamarca,2023-11-11,redes_sociales
3353,Barranquilla,Atlántico,2023-03-07,orgánico
3354,Bogotá,Cundinamarca,2023-09-23,publicidad_pago
3355,Manizales,Caldas,2023-01-01,publicidad_pago
3356,Cartagena,Bolívar,2024-02-15,redes_sociales
3357,Neiva,Huila,2023-11-27,publicidad_pago
3358,Medellín,Antioquia,2023-02-23,orgánico
3359,Cali,Valle del Cauca,2023-10-01,redes_sociales
3360,Bucaramanga,Santander,2023-08-23,referido
3361,Bogotá,Cundinamarca,2024-01-04,orgánico
3362,Cali,Valle del Cauca,2023-09-30,orgánico
3363, Barranquilla ,Atlántico,2023-09-09,publicidad_pago
3364,Neiva,Huila,2024-03-30,redes_sociales
3365,Bucaramanga,Santander,2023-10-11,orgánico
3366,Bogotá,Cundinamarca,2024-03-21,orgánico
3367,Cali,Valle del Cauca,2024-04-29,redes_sociales
3368,Barranquilla,Atlántico,2024-04-09,redes_sociales
3369,Bogotá,Cundinamarca,2024-06-06,redes_sociales
3370,Medellín,Antioquia,2024-01-17,orgánico
3371,Medellín,Antioquia,2023-11-04,redes_sociales
3372,Bogotá,Cundinamarca,2023-10-18,redes_sociales
3373,Cali,Valle del Cauca,2023-04-22,publicidad_pago
3374,Bogotá,Cundinamarca,2024-03-28,redes_sociales
3375,,Atlántico,2024-01-15,redes_sociales
3376,Bogotá,Cundinamarca,2024-04-22,publicidad_pago
3377,Bucaramanga,Santander,2024-01-19,orgánico
3378,Bogotá,Cundinamarca,2023-09-20,orgánico
3379,Manizales,Caldas,2023-06-11,orgánico
3380,Bogotá,Cundinamarca,2024-06-23,orgánico
3381,Cali,Valle del Cauca,2024-02-06,referido
3382,Medellín,Antioquia,2024-04-23,orgánico
3383,,Cundinamarca,2023-11-17,publicidad_pago
3384,Cali,Valle del Cauca,2023-10-07,orgánico
3385,Pereira,Risaralda,2023-01-19,redes_sociales
3386,Manizales,Caldas,2023-02-07,redes_sociales
3387,Medellín,Antioquia,2024-01-22,orgánico
3388, Bogotá ,Cundinamarca,2023-05-03,redes_sociales
3389,Bucaramanga,Santander,2023-02-14,publicidad_pago
3390,Barranquilla,Atlántico,2024-02-29,redes_sociales
3391,Bogotá,Cundinamarca,2023-12-06,publicidad_pago
3392,Bucaramanga,Santander,2023-03-02,referido
3393,Cali,Valle del Cauca,2023-10-01,redes_sociales
3394,Barranquilla,Atlántico,2023-09-14,referido
3395,Medellín,Antioquia,2023-01-03,orgánico
3396,Medellín,Antioquia,2023-11-27,orgánico
3397,Bogotá,Cundinamarca,2023-08-05,redes_sociales
3398,Bucaramanga,Santander,2024-04-25,redes_sociales
3399,Bogotá,Cundinamarca,2023-03-05,redes_sociales
3400,Bucaramanga,Santander,2024-04-08,redes_sociales
3401,Ibagué,Tolima,2023-01-04,publicidad_pago
3402, Bucaramanga ,Santander,2024-02-23,orgánico
3403,Bogotá,Cundinamarca,2024-03-04,publicidad_pago
3404,Bogotá,Cundinamarca,2023-08-12,redes_sociales
3405,Cali,Valle del Cauca,2023-06-03,redes_sociales
3406,Barranquilla,Atlántico,2023-03-19,orgánico
3407,Manizales,Caldas,2023-07-05,orgánico
3408,MEDELLÍN,Antioquia,2024-01-02,redes_sociales
3409,Pereira,Risaralda,2024-02-01,publicidad_pago
3410,Bogotá,Cundinamarca,2023-04-10,redes_sociales
3411,Medellín,Antioquia,2023-01-07,orgánico
3412,Bogotá,Cundinamarca,2023-11-04,publicidad_pago
3413,Bucaramanga,Santander,2023-11-14,publicidad_pago
3414,Bogotá,Cundinamarca,2024-06-20,referido
3415,Bogotá,Cundinamarca,2024-02-21,redes_sociales
3416,Bucaramanga,Santander,2023-10-29,publicidad_pago
3417,Cali,Valle del Cauca,2023-11-20,redes_sociales
3418,Bogotá,Cundinamarca,2023-12-20,publicidad_pago
3419,Bogotá,Cundinamarca,2023-09-05,redes_sociales
3420,Cali,Valle del Cauca,2024-01-06,orgánico
3421,Medellín,Antioquia,2023-04-17,referido
3422,Bogotá,Cundinamarca,2024-03-30,publicidad_pago
3423,BARRANQUILLA,Atlántico,2024-04-16,redes_sociales
3424,Bogotá,Cundinamarca,2023-08-26,redes_sociales
3425,Barranquilla,Atlántico,2023-09-07,publicidad_pago
3426,Medellín,Antioquia,2023-09-30,orgánico
3427,Bogotá,Cundinamarca,2024-03-23,orgánico
3428,Bogotá,Cundinamarca,2023-04-07,orgánico
3429,Bogotá,Cundinamarca,2023-07-06,orgánico
3430,Bogotá,Cundinamarca,2023-12-03,orgánico
3431,Medellín,Antioquia,2024-01-15,publicidad_pago
3432,Manizales,Caldas,2023-06-11,orgánico
3433,Pereira,Risaralda,2023-03-06,publicidad_pago
3434,Medellín,Antioquia,2023-10-05,referido
3435,Cali,Valle del Cauca,2023-12-16,orgánico
3436,Cali,Valle del Cauca,2024-02-24,publicidad_pago
3437,Ibagué,Tolima,2023-01-02,redes_sociales
3438,Bogotá,Cundinamarca,2023-01-10,referido
3439,Medellín,Antioquia,2023-07-31,redes_sociales
3440,Medellín,Antioquia,2023-11-05,redes_sociales
3441,BOGOTÁ,Cundinamarca,2023-01-02,orgánico
3442,Medellín,Antioquia,2023-04-05,referido
3443,Pereira,Risaralda,2023-08-18,orgánico
3444,Manizales,Caldas,2023-06-02,publicidad_pago
3445,Bogotá,Cundinamarca,2024-01-24,orgánico
3446,Medellín,Antioquia,2023-01-19,redes_sociales
3447,Medellín,Antioquia,2024-04-30,redes_sociales
3448,Cali,Valle del Cauca,2023-04-03,orgánico
3449,Cali,Valle del Cauca,2023-08-30,orgánico
3450,Bogotá,Cundinamarca,2024-06-23,orgánico
3451,Pereira,Risaralda,2023-12-29,publicidad_pago
3452,Neiva,Huila,2024-06-30,publicidad_pago
3453,Barranquilla,Atlántico,2023-01-11,orgánico
3454,Cartagena,Bolívar,2024-01-29,redes_sociales
3455,Cali,Valle del Cauca,2023-02-11,orgánico
3456,Medellín,Antioquia,2023-12-01,publicidad_pago
3457,Bogotá,Cundinamarca,2023-06-28,publicidad_pago
3458,Barranquilla,Atlántico,2024-03-01,publicidad_pago
3459,Bogotá,Cundinamarca,2023-03-10,publicidad_pago
3460,Ibagué,Tolima,2024-05-05,orgánico
3461,Medellín,Antioquia,2023-09-20,orgánico
3462,Medellín,Antioquia,2023-10-12,publicidad_pago
3463,Medellín,Antioquia,2023-11-09,orgánico
3464,Neiva,Huila,2023-01-20,orgánico
3465,Bogotá,Cundinamarca,2023-06-19,orgánico
3466,Bogotá,Cundinamarca,2024-01-24,publicidad_pago
3467,Bogotá,Cundinamarca,2024-06-09,publicidad_pago
3468, Barranquilla ,Atlántico,2024-06-22,referido
3469,Santa Marta,Magdalena,2023-10-21,redes_sociales
3470,Bogotá,Cundinamarca,2023-05-22,orgánico
3471,Manizales,Caldas,2023-09-19,redes_sociales
3472,Bogotá,Cundinamarca,2023-09-11,publicidad_pago
3473,Barranquilla,Atlántico,2023-08-06,orgánico
3474,Bogotá,Cundinamarca,2023-07-17,referido
3475,Cali,Valle del Cauca,2024-04-19,redes_sociales
3476,Barranquilla,Atlántico,2023-08-02,publicidad_pago
3477,Cali,Valle del Cauca,2023-01-17,publicidad_pago
3478,Bogotá,Cundinamarca,2024-01-30,redes_sociales
3479,Ibagué,Tolima,2023-12-30,publicidad_pago
3480,Neiva,Huila,2023-07-26,redes_sociales
3481,Medellín,Antioquia,2023-12-11,publicidad_pago
3482,Barranquilla,Atlántico,2024-05-29,publicidad_pago
3483,Ibagué,Tolima,2024-05-20,redes_sociales
3484,Bogotá,Cundinamarca,2024-03-07,orgánico
3485,Pereira,Risaralda,2023-11-16,referido
3486,Medellín,Antioquia,2023-01-16,referido
3487,Bucaramanga,Santander,2023-10-08,redes_sociales
3488,Bogotá,Cundinamarca,2024-03-23,referido
3489,Medellín,Antioquia,2024-04-07,redes_sociales
3490,Cali,Valle del Cauca,2024-02-27,redes_sociales
3491,Cali,Valle del Cauca,2024-06-23,redes_sociales
3492,Pereira,Risaralda,2023-10-10,orgánico
3493,Santa Marta,Magdalena,2023-03-02,redes_sociales
3494,Bogotá,Cundinamarca,2023-09-29,publicidad_pago
3495,Bogotá,Cundinamarca,2023-06-24,orgánico
3496,,Antioquia,2024-04-02,orgánico
3497,Cali,Valle del Cauca,2024-03-01,publicidad_pago
3498,Cali,Valle del Cauca,2023-08-21,publicidad_pago
3499,Pereira,Risaralda,2023-08-01,referido
3500,Bucaramanga,Santander,2023-03-29,orgánico
3501,Bogotá,Cundinamarca,2023-01-24,publicidad_pago
3502,Medellín,Antioquia,2023-06-21,orgánico
3503,Barranquilla,Atlántico,2023-05-12,orgánico
3504,,Valle del Cauca,2023-05-26,publicidad_pago
3505,Bogotá,Cundinamarca,2024-06-30,redes_sociales
3506,Medellín,Antioquia,2024-01-08,publicidad_pago
3507,Medellín,Antioquia,2023-10-29,orgánico
3508,Bogotá,Cundinamarca,2023-04-08,orgánico
3509,Bucaramanga,Santander,2024-04-05,redes_sociales
3510,Medellín,Antioquia,2023-12-19,orgánico
3511,Barranquilla,Atlántico,2023-10-09,orgánico
3512,Cali,Valle del Cauca,2023-09-12,orgánico
3513,Pereira,Risaralda,2023-10-30,orgánico
3514,Bogotá,Cundinamarca,2024-04-04,publicidad_pago
3515,Bogotá,Cundinamarca,2024-01-29,orgánico
3516,Medellín,Antioquia,2023-09-23,redes_sociales
3517,Medellín,Antioquia,2024-01-01,redes_sociales
3518,Medellín,Antioquia,2024-05-23,redes_sociales
3519,BUCARAMANGA,Santander,2023-06-28,redes_sociales
3520,Bogotá,Cundinamarca,2024-05-07,publicidad_pago
3521,Bogotá,Cundinamarca,2023-11-28,publicidad_pago
3522,Medellín,Antioquia,2023-04-12,orgánico
3523,Bucaramanga,Santander,2024-06-12,publicidad_pago
3524,Pereira,Risaralda,2024-01-11,orgánico
3525,Bucaramanga,Santander,2023-07-31,redes_sociales
3526,Cali,Valle del Cauca,2023-04-28,redes_sociales
3527,Bucaramanga,Santander,2024-05-15,orgánico
3528,Cartagena,Bolívar,2024-03-26,orgánico
3529,Bogotá,Cundinamarca,2023-01-25,orgánico
3530,Cali,Valle del Cauca,2023-12-14,orgánico
3531,Bucaramanga,Santander,2023-03-04,redes_sociales
3532,Medellín,Antioquia,2023-06-10,orgánico
3533,Barranquilla,Atlántico,2023-11-07,publicidad_pago
3534,Cali,Valle del Cauca,2023-05-17,publicidad_pago
3535,Cali,Valle del Cauca,2023-10-08,orgánico
3536,Bogotá,Cundinamarca,2023-08-23,orgánico
3537,Cartagena,Bolívar,2023-11-15,redes_sociales
3538,Pereira,Risaralda,2024-03-13,publicidad_pago
3539,Bogotá,Cundinamarca,2023-03-26,redes_sociales
3540,Medellín,Antioquia,2024-03-11,orgánico
3541,Bogotá,Cundinamarca,2023-05-02,referido
3542,BOGOTÁ,Cundinamarca,2023-01-19,redes_sociales
3543,Santa Marta,Magdalena,2023-09-02,orgánico
3544,Cali,Valle del Cauca,2023-06-15,publicidad_pago
3545,Medellín,Antioquia,2023-04-11,referido
3546,Bogotá,Cundinamarca,2023-08-20,redes_sociales
3547,Santa Marta,Magdalena,2024-04-20,orgánico
3548,Bogotá,Cundinamarca,2023-11-17,redes_sociales
3549,Bucaramanga,Santander,2024-02-03,orgánico
3550,Medellín,Antioquia,2023-03-23,redes_sociales
3551,Bogotá,Cundinamarca,2023-02-11,orgánico
3552,,Bolívar,2023-07-03,redes_sociales
3553,Bogotá,Cundinamarca,2024-02-28,publicidad_pago
3554,Cartagena,Bolívar,2024-04-29,referido
3555,Bogotá,Cundinamarca,2023-02-25,publicidad_pago
3556,Bucaramanga,Santander,2023-09-18,orgánico
3557,Bucaramanga,Santander,2023-08-05,orgánico
3558,Bucaramanga,Santander,2024-02-12,redes_sociales
3559,Bogotá,Cundinamarca,2023-04-23,orgánico
3560,Cartagena,Bolívar,2023-09-23,orgánico
3561,Santa Marta,Magdalena,2024-04-09,publicidad_pago
3562,Bogotá,Cundinamarca,2023-09-12,redes_sociales
3563,Bogotá,Cundinamarca,2024-03-03,orgánico
3564,Ibagué,Tolima,2023-12-07,redes_sociales
3565,Bogotá,Cundinamarca,2023-11-23,referido
3566,Cartagena,Bolívar,2023-05-22,publicidad_pago
3567,Bucaramanga,Santander,2024-06-26,orgánico
3568,Bogotá,Cundinamarca,2023-05-17,redes_sociales
3569,Cali,Valle del Cauca,2024-05-24,referido
3570,Cali,Valle del Cauca,2024-06-25,orgánico
3571,Medellín,Antioquia,2023-10-07,redes_sociales
3572,Pereira,Risaralda,2024-04-20,publicidad_pago
3573,Bogotá,Cundinamarca,2024-01-27,publicidad_pago
3574,Medellín,Antioquia,2024-02-08,orgánico
3575,Pereira,Risaralda,2023-02-07,referido
3576,Bogotá,Cundinamarca,2023-03-17,orgánico
3577,Ibagué,Tolima,2023-02-08,orgánico
3578,Bogotá,Cundinamarca,2023-01-17,orgánico
3579,Cali,Valle del Cauca,2024-04-02,redes_sociales
3580,Bogotá,Cundinamarca,2023-04-06,orgánico
3581,Cartagena,Bolívar,2023-01-04,publicidad_pago
3582,Ibagué,Tolima,2024-05-27,publicidad_pago
3583,Pereira,Risaralda,2023-06-02,orgánico
3584,Santa Marta,Magdalena,2024-03-22,publicidad_pago
3585,Cartagena,Bolívar,2024-06-09,referido
3586,Bucaramanga,Santander,2023-10-14,orgánico
3587,Cali,Valle del Cauca,2024-05-21,publicidad_pago
3588,MANIZALES,Caldas,2024-06-13,referido
3589,Barranquilla,Atlántico,2023-03-20,publicidad_pago
3590,Manizales,Caldas,2023-03-22,redes_sociales
3591,Bogotá,Cundinamarca,2023-07-22,publicidad_pago
3592,Cali,Valle del Cauca,2023-11-02,publicidad_pago
3593,Bucaramanga,Santander,2024-03-05,orgánico
3594,Bogotá,Cundinamarca,2023-04-11,orgánico
3595,Bogotá,Cundinamarca,2023-04-16,redes_sociales
3596,Neiva,Huila,2023-06-17,redes_sociales
3597,Medellín,Antioquia,2023-05-29,orgánico
3598,Bogotá,Cundinamarca,2024-05-29,orgánico
3599,Medellín,Antioquia,2023-08-05,publicidad_pago
3600,Medellín,Antioquia,2024-04-19,publicidad_pago
3601,Barranquilla,Atlántico,2023-01-31,orgánico
3602,Cúcuta,Norte de Santander,2023-02-25,orgánico
3603,Santa Marta,Magdalena,2024-03-15,orgánico
3604,Barranquilla,Atlántico,2023-05-17,orgánico
3605,Cartagena,Bolívar,2023-02-15,redes_sociales
3606,Medellín,Antioquia,2023-11-22,orgánico
3607,NAN,Risaralda,2023-03-22,referido
3608,Bogotá,Cundinamarca,2023-02-03,orgánico
3609,Bogotá,Cundinamarca,2023-08-11,orgánico
3610,Neiva,Huila,2023-10-28,publicidad_pago
3611,Pereira,Risaralda,2023-10-16,redes_sociales
3612,Medellín,Antioquia,2023-11-16,orgánico
3613,Cartagena,Bolívar,2023-01-13,orgánico
3614,Cali,Valle del Cauca,2023-06-09,publicidad_pago
3615,Medellín,Antioquia,2023-07-07,redes_sociales
3616,Medellín,Antioquia,2023-06-10,publicidad_pago
3617,Bogotá,Cundinamarca,2023-11-02,redes_sociales
3618,Cali,Valle del Cauca,2023-05-06,publicidad_pago
3619,Medellín,Antioquia,2023-12-12,redes_sociales
3620,Cali,Valle del Cauca,2024-05-26,publicidad_pago
3621,Bogotá,Cundinamarca,2023-12-28,publicidad_pago
3622,Cúcuta,Norte de Santander,2023-08-01,redes_sociales
3623,Barranquilla,Atlántico,2023-08-26,publicidad_pago
3624,Manizales,Caldas,2023-11-17,publicidad_pago
3625,Bogotá,Cundinamarca,2024-02-01,orgánico
3626,Barranquilla,Atlántico,2023-06-14,publicidad_pago
3627,Pereira,Risaralda,2023-01-22,orgánico
3628,Medellín,Antioquia,2024-01-20,redes_sociales
3629,Bogotá,Cundinamarca,2023-12-28,orgánico
3630,Bogotá,Cundinamarca,2023-02-25,orgánico
3631,Bogotá,Cundinamarca,2023-12-09,orgánico
3632,Medellín,Antioquia,2023-02-09,orgánico
3633,Medellín,Antioquia,2023-12-18,orgánico
3634,,Cundinamarca,2024-02-12,orgánico
3635,Barranquilla,Atlántico,2023-01-09,redes_sociales
3636,Bogotá,Cundinamarca,2024-02-02,redes_sociales
3637,Medellín,Antioquia,2023-03-07,referido
3638,Cartagena,Bolívar,2023-05-25,publicidad_pago
3639,BOGOTÁ,Cundinamarca,2024-01-21,orgánico
3640,Bogotá,Cundinamarca,2023-07-14,redes_sociales
3641,Bogotá,Cundinamarca,2024-06-18,redes_sociales
3642,Bogotá,Cundinamarca,2024-06-07,redes_sociales
3643,Cali,Valle del Cauca,2024-06-23,redes_sociales
3644,Bogotá,Cundinamarca,2023-02-27,publicidad_pago
3645,Bogotá,Cundinamarca,2023-04-07,redes_sociales
3646,Santa Marta,Magdalena,2023-04-11,redes_sociales
3647,Manizales,Caldas,2023-11-17,publicidad_pago
3648,Bogotá,Cundinamarca,2023-08-24,orgánico
3649,Medellín,Antioquia,2024-02-12,publicidad_pago
3650,Cali,Valle del Cauca,2023-06-04,referido
3651,Pereira,Risaralda,2023-04-20,orgánico
3652,Ibagué,Tolima,2023-12-22,publicidad_pago
3653,Bogotá,Cundinamarca,2023-12-04,publicidad_pago
3654,Bogotá,Cundinamarca,2024-01-13,redes_sociales
3655,Medellín,Antioquia,2023-06-20,orgánico
3656,Pereira,Risaralda,2023-10-15,publicidad_pago
3657,Manizales,Caldas,2024-05-22,redes_sociales
3658,Bogotá,Cundinamarca,2023-12-01,orgánico
3659,Cali,Valle del Cauca,2024-05-25,redes_sociales
3660,Bogotá,Cundinamarca,2023-08-26,redes_sociales
3661,Cartagena,Bolívar,2023-01-25,orgánico
3662,Manizales,Caldas,2024-02-20,referido
3663,Medellín,Antioquia,2023-09-09,orgánico
3664,Bogotá,Cundinamarca,2023-01-24,redes_sociales
3665,Cali,Valle del Cauca,2023-03-17,publicidad_pago
3666,Medellín,Antioquia,2023-06-21,orgánico
3667,Ibagué,Tolima,2023-04-15,publicidad_pago
3668,Medellín,Antioquia,2024-01-10,redes_sociales
3669,Pereira,Risaralda,2023-12-01,redes_sociales
3670,Bogotá,Cundinamarca,2023-06-30,redes_sociales
3671,Bogotá,Cundinamarca,2023-02-16,referido
3672,Medellín,Antioquia,2023-02-12,referido
3673,Bogotá,Cundinamarca,2024-06-01,orgánico
3674,MEDELLÍN,Antioquia,2023-07-08,redes_sociales
3675,Cartagena,Bolívar,2023-02-28,redes_sociales
3676,Bogotá,Cundinamarca,2024-01-25,referido
3677,Bogotá,Cundinamarca,2024-04-20,publicidad_pago
3678,Bogotá,Cundinamarca,2023-03-08,redes_sociales
3679,Bogotá,Cundinamarca,2024-05-31,publicidad_pago
3680,Pereira,Risaralda,2024-02-01,redes_sociales
3681,,Norte de Santander,2023-05-18,orgánico
3682,Bogotá,Cundinamarca,2024-02-29,redes_sociales
3683,Bucaramanga,Santander,2023-08-18,redes_sociales
3684,BUCARAMANGA,Santander,2023-12-14,redes_sociales
3685,Santa Marta,Magdalena,2023-03-11,redes_sociales
3686,Medellín,Antioquia,2023-05-14,publicidad_pago
3687,Medellín,Antioquia,2024-02-28,referido
3688,Medellín,Antioquia,2024-03-16,orgánico
3689,Pereira,Risaralda,2023-01-06,redes_sociales
3690,Bucaramanga,Santander,2023-04-28,publicidad_pago
3691,Cali,Valle del Cauca,2023-11-29,orgánico
3692,Bogotá,Cundinamarca,2024-05-10,publicidad_pago
3693,,Santander,2024-01-04,redes_sociales
3694,Pereira,Risaralda,2024-01-22,orgánico
3695,MEDELLÍN,Antioquia,2023-08-01,publicidad_pago
3696,Cartagena,Bolívar,2023-01-30,redes_sociales
3697,Medellín,Antioquia,2024-02-23,orgánico
3698,Cali,Valle del Cauca,2024-03-13,orgánico
3699,Cali,Valle del Cauca,2023-08-31,publicidad_pago
3700,BUCARAMANGA,Santander,2023-10-05,referido
3701,Neiva,Huila,2023-05-09,redes_sociales
3702,Medellín,Antioquia,2023-09-05,orgánico
3703,Medellín,Antioquia,2023-05-13,orgánico
3704,Medellín,Antioquia,2023-08-19,publicidad_pago
3705,Bogotá,Cundinamarca,2023-03-15,redes_sociales
3706,Medellín,Antioquia,2023-11-28,redes_sociales
3707,Bogotá,Cundinamarca,2023-05-16,orgánico
3708,Medellín,Antioquia,2024-02-01,redes_sociales
3709,Bogotá,Cundinamarca,2023-10-11,redes_sociales
3710,Medellín,Antioquia,2024-05-05,redes_sociales
3711,Ibagué,Tolima,2023-05-01,orgánico
3712,Bogotá,Cundinamarca,2023-05-30,redes_sociales
3713,Barranquilla,Atlántico,2023-05-13,redes_sociales
3714,Manizales,Caldas,2023-12-12,redes_sociales
3715,Cali,Valle del Cauca,2023-02-28,orgánico
3716,Bogotá,Cundinamarca,2024-01-11,orgánico
3717,Medellín,Antioquia,2024-03-24,redes_sociales
3718,Barranquilla,Atlántico,2024-01-05,orgánico
3719,Cali,Valle del Cauca,2023-03-15,redes_sociales
3720,Bogotá,Cundinamarca,2023-09-27,redes_sociales
3721,Medellín,Antioquia,2023-10-19,orgánico
3722,Cali,Valle del Cauca,2023-08-02,publicidad_pago
3723,Bogotá,Cundinamarca,2023-09-13,redes_sociales
3724,Barranquilla,Atlántico,2024-02-22,orgánico
3725,Bogotá,Cundinamarca,2024-04-01,publicidad_pago
3726,Medellín,Antioquia,2023-06-14,redes_sociales
3727,Ibagué,Tolima,2023-06-30,referido
3728,Bogotá,Cundinamarca,2023-04-24,orgánico
3729,Barranquilla,Atlántico,2023-08-08,publicidad_pago
3730,Medellín,Antioquia,2023-10-26,publicidad_pago
3731,Medellín,Antioquia,2024-01-26,orgánico
3732,Manizales,Caldas,2023-05-27,redes_sociales
3733,Medellín,Antioquia,2023-04-29,publicidad_pago
3734,Bogotá,Cundinamarca,2023-01-19,redes_sociales
3735,Manizales,Caldas,2023-02-21,redes_sociales
3736,Bucaramanga,Santander,2023-01-29,referido
3737,,Bolívar,2023-04-24,publicidad_pago
3738, Bogotá ,Cundinamarca,2024-01-16,referido
3739,Bogotá,Cundinamarca,2024-02-28,publicidad_pago
3740,Barranquilla,Atlántico,2024-06-16,publicidad_pago
3741,Bogotá,Cundinamarca,2023-10-26,publicidad_pago
3742,Bogotá,Cundinamarca,2023-09-06,redes_sociales
3743,Bucaramanga,Santander,2024-05-06,publicidad_pago
3744,Medellín,Antioquia,2023-03-22,redes_sociales
3745,Bogotá,Cundinamarca,2023-12-11,orgánico
3746,Bogotá,Cundinamarca,2024-03-23,redes_sociales
3747,Medellín,Antioquia,2023-10-02,orgánico
3748,Barranquilla,Atlántico,2023-05-24,referido
3749,Pereira,Risaralda,2023-12-06,redes_sociales
3750,Bogotá,Cundinamarca,2024-06-28,redes_sociales
3751,Bogotá,Cundinamarca,2023-05-10,orgánico
3752,Cali,Valle del Cauca,2023-11-05,redes_sociales
3753,Medellín,Antioquia,2023-01-28,orgánico
3754,Cali,Valle del Cauca,2023-05-08,publicidad_pago
3755,Cúcuta,Norte de Santander,2024-02-24,redes_sociales
3756,Cali,Valle del Cauca,2023-09-29,redes_sociales
3757,Medellín,Antioquia,2023-04-19,orgánico
3758,Santa Marta,Magdalena,2023-07-03,redes_sociales
3759,Bogotá,Cundinamarca,2023-03-08,redes_sociales
3760,Cúcuta,Norte de Santander,2024-03-02,publicidad_pago
3761,Cali,Valle del Cauca,2024-05-30,publicidad_pago
3762,Cali,Valle del Cauca,2023-02-27,publicidad_pago
3763,Cúcuta,Norte de Santander,2023-05-11,orgánico
3764,Cali,Valle del Cauca,2024-04-13,orgánico
3765,Medellín,Antioquia,2024-04-25,referido
3766,Bogotá,Cundinamarca,2024-02-24,referido
3767,Barranquilla,Atlántico,2024-01-27,orgánico
3768,Cali,Valle del Cauca,2024-04-16,publicidad_pago
3769, Bogotá ,Cundinamarca,2023-07-24,redes_sociales
3770,Cartagena,Bolívar,2024-05-04,orgánico
3771,Barranquilla,Atlántico,2024-04-29,referido
3772,Medellín,Antioquia,2023-05-06,referido
3773,Bogotá,Cundinamarca,2023-02-09,referido
3774,Medellín,Antioquia,2023-10-12,orgánico
3775,Bogotá,Cundinamarca,2024-02-19,redes_sociales
3776,Bogotá,Cundinamarca,2024-04-09,publicidad_pago
3777,Medellín,Antioquia,2023-03-19,publicidad_pago
3778,Bogotá,Cundinamarca,2023-07-26,redes_sociales
3779,Bogotá,Cundinamarca,2024-02-25,redes_sociales
3780,Barranquilla,Atlántico,2023-02-03,orgánico
3781,Medellín,Antioquia,2024-01-31,redes_sociales
3782,Santa Marta,Magdalena,2023-06-09,publicidad_pago
3783,Manizales,Caldas,2023-01-13,orgánico
3784,Barranquilla,Atlántico,2023-05-13,orgánico
3785,Neiva,Huila,2024-02-10,redes_sociales
3786,Pereira,Risaralda,2024-04-20,redes_sociales
3787,Medellín,Antioquia,2023-02-14,orgánico
3788,Bucaramanga,Santander,2023-09-11,orgánico
3789,Bogotá,Cundinamarca,2023-04-21,publicidad_pago
3790,Cartagena,Bolívar,2024-01-09,orgánico
3791,Cali,Valle del Cauca,2024-03-03,redes_sociales
3792,Bogotá,Cundinamarca,2024-06-10,redes_sociales
3793,Bogotá,Cundinamarca,2023-07-14,redes_sociales
3794,Neiva,Huila,2023-06-13,redes_sociales
3795,,Antioquia,2023-06-19,publicidad_pago
3796,Bogotá,Cundinamarca,2024-02-21,redes_sociales
3797,Bogotá,Cundinamarca,2023-09-01,redes_sociales
3798,Cali,Valle del Cauca,2023-01-13,redes_sociales
3799,Pereira,Risaralda,2024-06-02,redes_sociales
3800,Bucaramanga,Santander,2023-02-26,redes_sociales
3801,Medellín,Antioquia,2024-05-22,redes_sociales
3802,Bogotá,Cundinamarca,2023-03-30,redes_sociales
3803,Bogotá,Cundinamarca,2023-10-22,orgánico
3804,Cali,Valle del Cauca,2023-06-20,publicidad_pago
3805,Ibagué,Tolima,2024-01-11,orgánico
3806,Bucaramanga,Santander,2023-08-09,referido
3807,Medellín,Antioquia,2023-07-20,redes_sociales
3808,Barranquilla,Atlántico,2023-09-18,orgánico
3809,Medellín,Antioquia,2024-06-15,publicidad_pago
3810,Cali,Valle del Cauca,2023-05-15,redes_sociales
3811,Cali,Valle del Cauca,2023-05-01,referido
3812,Cartagena,Bolívar,2023-02-06,referido
3813,Cali,Valle del Cauca,2024-02-09,publicidad_pago
3814,Cúcuta,Norte de Santander,2024-01-06,redes_sociales
3815,Medellín,Antioquia,2023-11-29,referido
3816,Bogotá,Cundinamarca,2023-01-13,redes_sociales
3817,Bogotá,Cundinamarca,2024-03-08,publicidad_pago
3818,Cali,Valle del Cauca,2024-03-18,orgánico
3819,Cali,Valle del Cauca,2024-05-31,referido
3820,Cali,Valle del Cauca,2024-05-23,publicidad_pago
3821,Cartagena,Bolívar,2023-05-24,orgánico
3822,Bogotá,Cundinamarca,2024-01-24,referido
3823,Cartagena,Bolívar,2023-08-09,publicidad_pago
3824,Cartagena,Bolívar,2023-11-22,referido
3825,Medellín,Antioquia,2023-07-01,orgánico
3826,Medellín,Antioquia,2023-12-26,redes_sociales
3827,Bogotá,Cundinamarca,2024-06-05,publicidad_pago
3828,MEDELLÍN,Antioquia,2023-12-23,orgánico
3829,Ibagué,Tolima,2024-05-18,publicidad_pago
3830,Manizales,Caldas,2024-05-24,publicidad_pago
3831,Barranquilla,Atlántico,2023-03-07,orgánico
3832,,Antioquia,2024-06-11,publicidad_pago
3833,Cartagena,Bolívar,2024-03-23,orgánico
3834,Bucaramanga,Santander,2023-08-22,publicidad_pago
3835,Medellín,Antioquia,2023-11-25,publicidad_pago
3836,Ibagué,Tolima,2023-12-04,redes_sociales
3837,Bogotá,Cundinamarca,2024-03-06,redes_sociales
3838,Bogotá,Cundinamarca,2024-03-15,redes_sociales
3839,Bogotá,Cundinamarca,2023-02-26,orgánico
3840,Bogotá,Cundinamarca,2023-01-01,publicidad_pago
3841,Pereira,Risaralda,2023-05-15,orgánico
3842,Medellín,Antioquia,2023-10-16,redes_sociales
3843,Bogotá,Cundinamarca,2024-04-09,orgánico
3844,Medellín,Antioquia,2023-12-24,publicidad_pago
3845,Medellín,Antioquia,2023-03-16,publicidad_pago
3846,Medellín,Antioquia,2024-01-28,orgánico
3847,Bogotá,Cundinamarca,2023-09-14,orgánico
3848,Barranquilla,Atlántico,2023-07-21,orgánico
3849,Bogotá,Cundinamarca,2024-02-27,orgánico
3850,Bucaramanga,Santander,2023-06-11,redes_sociales
3851,Bogotá,Cundinamarca,2023-12-05,publicidad_pago
3852,Bucaramanga,Santander,2023-04-10,redes_sociales
3853,Ibagué,Tolima,2023-07-28,orgánico
3854,Bogotá,Cundinamarca,2023-11-02,redes_sociales
3855,Bogotá,Cundinamarca,2023-12-08,publicidad_pago
3856,Cúcuta,Norte de Santander,2024-05-17,redes_sociales
3857,Cali,Valle del Cauca,2023-06-08,orgánico
3858,Barranquilla,Atlántico,2024-05-05,publicidad_pago
3859,Bogotá,Cundinamarca,2024-03-22,orgánico
3860,Bogotá,Cundinamarca,2023-07-16,publicidad_pago
3861,Cali,Valle del Cauca,2023-03-18,publicidad_pago
3862,Manizales,Caldas,2023-05-22,publicidad_pago
3863,Bogotá,Cundinamarca,2023-12-26,orgánico
3864,Bucaramanga,Santander,2024-03-07,orgánico
3865,Cartagena,Bolívar,2023-12-01,publicidad_pago
3866,Bogotá,Cundinamarca,2024-02-01,redes_sociales
3867,Medellín,Antioquia,2023-02-25,redes_sociales
3868,Bogotá,Cundinamarca,2023-10-04,redes_sociales
3869,Medellín,Antioquia,2024-04-22,orgánico
3870,Barranquilla,Atlántico,2023-08-01,redes_sociales
3871,Medellín,Antioquia,2024-05-06,referido
3872,Bogotá,Cundinamarca,2023-03-09,publicidad_pago
3873,Cartagena,Bolívar,2024-06-19,redes_sociales
3874,Barranquilla,Atlántico,2024-03-05,referido
3875,CALI,Valle del Cauca,2023-12-09,publicidad_pago
3876,Cali,Valle del Cauca,2023-12-04,orgánico
3877, Bogotá ,Cundinamarca,2024-05-27,publicidad_pago
3878,Cartagena,Bolívar,2023-07-26,orgánico
3879,Medellín,Antioquia,2023-04-01,orgánico
3880,Medellín,Antioquia,2024-05-17,redes_sociales
3881,Bogotá,Cundinamarca,2023-02-26,orgánico
3882,Barranquilla,Atlántico,2023-12-27,orgánico
3883,Barranquilla,Atlántico,2023-05-26,redes_sociales
3884,Medellín,Antioquia,2024-05-23,orgánico
3885,Pereira,Risaralda,2024-06-16,redes_sociales
3886,Pereira,Risaralda,2023-09-17,orgánico
3887,Bogotá,Cundinamarca,2023-10-19,publicidad_pago
3888,Cartagena,Bolívar,2023-09-06,publicidad_pago
3889,Medellín,Antioquia,2023-08-21,orgánico
3890,Santa Marta,Magdalena,2024-05-27,publicidad_pago
3891,Bogotá,Cundinamarca,2023-06-07,orgánico
3892,Medellín,Antioquia,2024-06-09,orgánico
3893,Medellín,Antioquia,2023-12-22,redes_sociales
3894,Bogotá,Cundinamarca,2024-06-09,orgánico
3895,Cartagena,Bolívar,2023-12-01,orgánico
3896,Cali,Valle del Cauca,2024-03-23,publicidad_pago
3897,Bogotá,Cundinamarca,2023-09-26,publicidad_pago
3898,Cali,Valle del Cauca,2023-09-10,referido
3899, Manizales ,Caldas,2023-05-21,referido
3900,Ibagué,Tolima,2023-04-26,redes_sociales
3901,Cali,Valle del Cauca,2023-01-21,orgánico
3902,Medellín,Antioquia,2023-07-29,orgánico
3903,Bogotá,Cundinamarca,2024-06-24,redes_sociales
3904,Pereira,Risaralda,2024-05-28,publicidad_pago
3905,Cartagena,Bolívar,2024-01-13,orgánico
3906,Cali,Valle del Cauca,2023-07-18,orgánico
3907,Pereira,Risaralda,2023-10-12,redes_sociales
3908,Bogotá,Cundinamarca,2024-02-18,publicidad_pago
3909,Cartagena,Bolívar,2023-01-02,redes_sociales
3910,Bogotá,Cundinamarca,2024-05-19,publicidad_pago
3911,Bogotá,Cundinamarca,2024-04-21,redes_sociales
3912,Cali,Valle del Cauca,2024-06-14,redes_sociales
3913,Medellín,Antioquia,2023-02-21,redes_sociales
3914,Cúcuta,Norte de Santander,2024-06-02,publicidad_pago
3915,Medellín,Antioquia,2023-12-02,publicidad_pago
3916,Ibagué,Tolima,2023-10-31,redes_sociales
3917,Bucaramanga,Santander,2023-04-09,orgánico
3918,Cartagena,Bolívar,2023-09-27,orgánico
3919,Cúcuta,Norte de Santander,2023-07-18,orgánico
3920,Medellín,Antioquia,2024-06-24,orgánico
3921,Medellín,Antioquia,2023-07-05,orgánico
3922,Bogotá,Cundinamarca,2023-04-30,publicidad_pago
3923,Bogotá,Cundinamarca,2024-06-01,publicidad_pago
3924,Pereira,Risaralda,2023-04-13,publicidad_pago
3925,Cali,Valle del Cauca,2024-05-09,publicidad_pago
3926,Medellín,Antioquia,2024-06-10,referido
3927,Bogotá,Cundinamarca,2023-06-18,referido
3928,Cali,Valle del Cauca,2024-01-12,orgánico
3929,Cartagena,Bolívar,2024-03-11,orgánico
3930,Medellín,Antioquia,2023-10-21,orgánico
3931,Bucaramanga,Santander,2024-01-17,publicidad_pago
3932,Barranquilla,Atlántico,2023-03-14,orgánico
3933,Ibagué,Tolima,2023-10-10,orgánico
3934,Bogotá,Cundinamarca,2023-10-08,redes_sociales
3935,Barranquilla,Atlántico,2023-11-06,redes_sociales
3936,Bogotá,Cundinamarca,2024-05-31,redes_sociales
3937,Medellín,Antioquia,2024-03-27,publicidad_pago
3938,Bucaramanga,Santander,2023-11-26,redes_sociales
3939,Barranquilla,Atlántico,2023-08-09,publicidad_pago
3940,,Cundinamarca,2023-08-10,orgánico
3941,Pereira,Risaralda,2023-01-12,publicidad_pago
3942,Bogotá,Cundinamarca,2023-10-29,redes_sociales
3943,Barranquilla,Atlántico,2023-05-19,orgánico
3944,Santa Marta,Magdalena,2024-04-29,referido
3945,Cali,Valle del Cauca,2024-02-28,referido
3946,Ibagué,Tolima,2024-05-14,publicidad_pago
3947,Barranquilla,Atlántico,2024-06-28,referido
3948,Ibagué,Tolima,2023-08-07,redes_sociales
3949,Barranquilla,Atlántico,2023-08-23,orgánico
3950,Cartagena,Bolívar,2023-11-29,orgánico
3951,Bogotá,Cundinamarca,2023-08-24,publicidad_pago
3952,,Santander,2023-06-02,publicidad_pago
3953,Bogotá,Cundinamarca,2024-01-22,referido
3954,Santa Marta,Magdalena,2023-09-04,publicidad_pago
3955,Bogotá,Cundinamarca,2024-05-30,redes_sociales
3956,BOGOTÁ,Cundinamarca,2023-05-01,orgánico
3957,Pereira,Risaralda,2023-08-31,orgánico
3958,Bogotá,Cundinamarca,2023-10-18,redes_sociales
3959,Medellín,Antioquia,2024-05-11,publicidad_pago
3960,Cartagena,Bolívar,2023-11-13,orgánico
3961,Bogotá,Cundinamarca,2023-02-07,referido
3962,Bogotá,Cundinamarca,2023-07-04,publicidad_pago
3963,Cali,Valle del Cauca,2024-04-29,orgánico
3964,Bogotá,Cundinamarca,2023-05-29,publicidad_pago
3965,Bogotá,Cundinamarca,2023-07-06,redes_sociales
3966,Bogotá,Cundinamarca,2023-03-24,publicidad_pago
3967,Medellín,Antioquia,2024-01-29,redes_sociales
3968,Medellín,Antioquia,2023-03-18,redes_sociales
3969,Bogotá,Cundinamarca,2023-07-21,orgánico
3970,Barranquilla,Atlántico,2024-01-25,redes_sociales
3971,Barranquilla,Atlántico,2024-05-04,publicidad_pago
3972,Bogotá,Cundinamarca,2023-05-02,referido
3973,Medellín,Antioquia,2023-07-01,publicidad_pago
3974,Pereira,Risaralda,2023-03-06,orgánico
3975,Barranquilla,Atlántico,2023-08-28,referido
3976,Medellín,Antioquia,2024-06-30,orgánico
3977,Cali,Valle del Cauca,2023-06-16,orgánico
3978,Bogotá,Cundinamarca,2023-05-23,publicidad_pago
3979,Ibagué,Tolima,2023-08-07,referido
3980,Manizales,Caldas,2024-05-05,referido
3981, Manizales ,Caldas,2023-10-27,publicidad_pago
3982,Bogotá,Cundinamarca,2023-11-30,orgánico
3983,Medellín,Antioquia,2024-03-02,orgánico
3984,Bogotá,Cundinamarca,2024-01-27,orgánico
3985,Medellín,Antioquia,2023-11-24,redes_sociales
3986,Medellín,Antioquia,2023-11-03,redes_sociales
3987,Barranquilla,Atlántico,2023-10-19,orgánico
3988,Bogotá,Cundinamarca,2023-04-09,redes_sociales
3989,Manizales,Caldas,2023-08-15,redes_sociales
3990,Bogotá,Cundinamarca,2024-04-08,publicidad_pago
3991,Bogotá,Cundinamarca,2023-01-22,redes_sociales
3992,Pereira,Risaralda,2024-03-28,orgánico
3993,Cartagena,Bolívar,2023-11-06,publicidad_pago
3994,Medellín,Antioquia,2023-07-11,publicidad_pago
3995,Barranquilla,Atlántico,2023-03-04,orgánico
3996,Bogotá,Cundinamarca,2024-02-22,orgánico
3997,Bogotá,Cundinamarca,2023-01-01,referido
3998,Cali,Valle del Cauca,2023-10-25,publicidad_pago
3999,Medellín,Antioquia,2023-03-30,orgánico
4000,Barranquilla,Atlántico,2024-05-12,redes_sociales
4001,Bogotá,Cundinamarca,2023-04-10,redes_sociales
4002,Cartagena,Bolívar,2024-03-15,orgánico
4003,Bucaramanga,Santander,2023-11-11,orgánico
4004, Bogotá ,Cundinamarca,2023-01-23,referido
4005,Bogotá,Cundinamarca,2024-01-29,redes_sociales
4006,Medellín,Antioquia,2024-04-25,orgánico
4007,Bucaramanga,Santander,2023-05-02,publicidad_pago
4008,Barranquilla,Atlántico,2024-06-13,redes_sociales
4009,CARTAGENA,Bolívar,2024-03-12,redes_sociales
4010,Medellín,Antioquia,2024-02-10,orgánico
4011,Bogotá,Cundinamarca,2023-07-03,orgánico
4012,Cali,Valle del Cauca,2023-03-07,orgánico
4013,Bogotá,Cundinamarca,2023-08-23,referido
4014,Bucaramanga,Santander,2024-03-17,redes_sociales
4015,Bogotá,Cundinamarca,2023-11-17,publicidad_pago
4016,Medellín,Antioquia,2023-12-21,orgánico
4017,Cali,Valle del Cauca,2024-03-03,publicidad_pago
4018,Cali,Valle del Cauca,2023-07-05,redes_sociales
4019,Barranquilla,Atlántico,2023-01-21,publicidad_pago
4020,Medellín,Antioquia,2024-04-28,redes_sociales
4021,Manizales,Caldas,2023-12-02,redes_sociales
4022,Pereira,Risaralda,2023-11-06,orgánico
4023,Pereira,Risaralda,2023-11-10,orgánico
4024,BARRANQUILLA,Atlántico,2024-04-11,publicidad_pago
4025,,Atlántico,2024-02-25,orgánico
4026,Barranquilla,Atlántico,2024-01-02,orgánico
4027,Medellín,Antioquia,2024-03-03,referido
4028,Medellín,Antioquia,2023-06-07,orgánico
4029,Barranquilla,Atlántico,2024-01-25,redes_sociales
4030,Bogotá,Cundinamarca,2024-06-17,publicidad_pago
4031,Bogotá,Cundinamarca,2023-05-09,publicidad_pago
4032,Pereira,Risaralda,2023-11-09,orgánico
4033,Bogotá,Cundinamarca,2024-01-08,redes_sociales
4034,Cali,Valle del Cauca,2023-10-10,redes_sociales
4035,Barranquilla,Atlántico,2024-06-13,redes_sociales
4036,Bogotá,Cundinamarca,2023-08-09,publicidad_pago
4037,Manizales,Caldas,2023-04-30,referido
4038,Bogotá,Cundinamarca,2023-03-16,orgánico
4039,Manizales,Caldas,2024-04-09,orgánico
4040,Bucaramanga,Santander,2024-01-11,publicidad_pago
4041,,Cundinamarca,2023-11-13,redes_sociales
4042,Bogotá,Cundinamarca,2023-08-24,publicidad_pago
4043,Medellín,Antioquia,2023-08-13,orgánico
4044,Medellín,Antioquia,2024-05-26,orgánico
4045,Bogotá,Cundinamarca,2024-01-08,publicidad_pago
4046,Santa Marta,Magdalena,2024-06-11,referido
4047,Bogotá,Cundinamarca,2024-03-14,orgánico
4048,Pereira,Risaralda,2024-02-24,publicidad_pago
4049,Bogotá,Cundinamarca,2023-10-30,redes_sociales
4050,Santa Marta,Magdalena,2023-05-13,orgánico
4051,Bogotá,Cundinamarca,2023-12-24,redes_sociales
4052,Medellín,Antioquia,2024-01-27,orgánico
4053,Cali,Valle del Cauca,2023-10-13,publicidad_pago
4054, Bogotá ,Cundinamarca,2023-01-12,orgánico
4055,Ibagué,Tolima,2024-06-09,redes_sociales
4056,Bogotá,Cundinamarca,2024-03-28,orgánico
4057,Cali,Valle del Cauca,2023-07-12,publicidad_pago
4058,Cali,Valle del Cauca,2023-09-28,referido
4059,Barranquilla,Atlántico,2023-03-09,redes_sociales
4060,Bogotá,Cundinamarca,2024-05-27,redes_sociales
4061,Bogotá,Cundinamarca,2023-05-07,referido
4062,Bogotá,Cundinamarca,2023-07-26,orgánico
4063,,Antioquia,2023-08-23,publicidad_pago
4064,Bogotá,Cundinamarca,2023-05-24,redes_sociales
4065,Cúcuta,Norte de Santander,2023-12-14,publicidad_pago
4066,Cali,Valle del Cauca,2024-06-28,orgánico
4067,Barranquilla,Atlántico,2024-04-12,orgánico
4068,Medellín,Antioquia,2023-10-18,orgánico
4069,Bogotá,Cundinamarca,2023-03-13,orgánico
4070,Cali,Valle del Cauca,2024-04-17,orgánico
4071,Medellín,Antioquia,2023-05-21,referido
4072,Medellín,Antioquia,2024-05-13,orgánico
4073,Medellín,Antioquia,2023-08-05,orgánico
4074,Cali,Valle del Cauca,2023-10-11,orgánico
4075,Santa Marta,Magdalena,2023-08-27,redes_sociales
4076,Bogotá,Cundinamarca,2023-09-07,redes_sociales
4077,,Valle del Cauca,2023-04-01,orgánico
4078,Bogotá,Cundinamarca,2023-10-30,publicidad_pago
4079,Medellín,Antioquia,2023-08-09,publicidad_pago
4080,Cartagena,Bolívar,2024-04-08,orgánico
4081,Bogotá,Cundinamarca,2023-09-19,publicidad_pago
4082,Barranquilla,Atlántico,2024-06-11,redes_sociales
4083,Medellín,Antioquia,2023-06-12,redes_sociales
4084,Bogotá,Cundinamarca,2023-06-29,referido
4085,CÚCUTA,Norte de Santander,2023-01-21,publicidad_pago
4086,Medellín,Antioquia,2024-02-09,redes_sociales
4087,Ibagué,Tolima,2023-02-10,redes_sociales
4088,Medellín,Antioquia,2023-06-06,orgánico
4089,Cúcuta,Norte de Santander,2024-05-13,redes_sociales
4090,Medellín,Antioquia,2023-12-01,publicidad_pago
4091,Medellín,Antioquia,2023-11-02,orgánico
4092,Bucaramanga,Santander,2024-03-16,referido
4093,Medellín,Antioquia,2024-02-27,publicidad_pago
4094,Medellín,Antioquia,2024-04-29,orgánico
4095,Santa Marta,Magdalena,2023-12-30,publicidad_pago
4096,Cali,Valle del Cauca,2023-09-03,publicidad_pago
4097,Cartagena,Bolívar,2023-03-13,orgánico
4098,Barranquilla,Atlántico,2023-07-22,redes_sociales
4099,Ibagué,Tolima,2024-01-21,publicidad_pago
4100,Pereira,Risaralda,2023-05-19,referido
4101,Cali,Valle del Cauca,2024-01-03,orgánico
4102,Medellín,Antioquia,2023-03-14,publicidad_pago
4103,Bogotá,Cundinamarca,2023-02-03,publicidad_pago
4104,Barranquilla,Atlántico,2023-07-19,referido
4105,Ibagué,Tolima,2023-05-06,orgánico
4106,Medellín,Antioquia,2024-04-21,redes_sociales
4107,Bogotá,Cundinamarca,2023-07-26,publicidad_pago
4108,Medellín,Antioquia,2023-08-18,orgánico
4109,Cali,Valle del Cauca,2023-08-09,redes_sociales
4110,Pereira,Risaralda,2023-06-23,redes_sociales
4111,Bogotá,Cundinamarca,2024-05-16,redes_sociales
4112,Barranquilla,Atlántico,2024-02-09,publicidad_pago
4113,Bucaramanga,Santander,2023-03-28,orgánico
4114,Cúcuta,Norte de Santander,2023-04-28,publicidad_pago
4115,Bogotá,Cundinamarca,2023-02-14,orgánico
4116,Cúcuta,Norte de Santander,2023-05-21,publicidad_pago
4117,Barranquilla,Atlántico,2023-12-26,redes_sociales
4118,Bucaramanga,Santander,2024-05-26,orgánico
4119,Bogotá,Cundinamarca,2023-09-21,referido
4120,Cali,Valle del Cauca,2023-02-14,publicidad_pago
4121,Barranquilla,Atlántico,2023-01-26,orgánico
4122,Medellín,Antioquia,2023-08-15,orgánico
4123,Medellín,Antioquia,2023-05-25,redes_sociales
4124,Cali,Valle del Cauca,2023-11-12,referido
4125,Cali,Valle del Cauca,2023-03-06,orgánico
4126,Bogotá,Cundinamarca,2023-05-06,referido
4127,Medellín,Antioquia,2023-11-01,orgánico
4128,Bogotá,Cundinamarca,2023-06-03,publicidad_pago
4129,Manizales,Caldas,2023-07-19,redes_sociales
4130,Neiva,Huila,2023-05-02,orgánico
4131,Medellín,Antioquia,2023-01-29,referido
4132,Bogotá,Cundinamarca,2023-07-08,orgánico
4133,Bogotá,Cundinamarca,2023-06-30,referido
4134,Cali,Valle del Cauca,2024-05-06,orgánico
4135,Pereira,Risaralda,2024-05-03,orgánico
4136,Cali,Valle del Cauca,2023-08-25,referido
4137,BOGOTÁ,Cundinamarca,2023-06-07,publicidad_pago
4138,Bogotá,Cundinamarca,2023-08-17,orgánico
4139,Bogotá,Cundinamarca,2023-11-29,redes_sociales
4140,Pereira,Risaralda,2023-07-31,orgánico
4141,Barranquilla,Atlántico,2024-02-18,publicidad_pago
4142,Cali,Valle del Cauca,2024-06-11,orgánico
4143,Medellín,Antioquia,2023-08-09,redes_sociales
4144,Cúcuta,Norte de Santander,2023-03-06,orgánico
4145,Medellín,Antioquia,2023-03-08,publicidad_pago
4146, Pereira ,Risaralda,2024-04-21,referido
4147,Manizales,Caldas,2023-08-16,publicidad_pago
4148,Cali,Valle del Cauca,2023-06-28,redes_sociales
4149,Manizales,Caldas,2023-12-05,orgánico
4150,Bogotá,Cundinamarca,2024-06-07,orgánico
4151,Barranquilla,Atlántico,2023-08-21,publicidad_pago
4152,Bogotá,Cundinamarca,2023-06-22,orgánico
4153,Cali,Valle del Cauca,2024-04-16,redes_sociales
4154,Bogotá,Cundinamarca,2023-02-15,redes_sociales
4155,Bogotá,Cundinamarca,2024-04-06,referido
4156,Bogotá,Cundinamarca,2023-10-12,redes_sociales
4157,Medellín,Antioquia,2023-01-12,redes_sociales
4158,Barranquilla,Atlántico,2023-05-05,referido
4159,Medellín,Antioquia,2024-01-07,referido
4160,Medellín,Antioquia,2024-02-16,redes_sociales
4161,Santa Marta,Magdalena,2023-04-18,publicidad_pago
4162,CÚCUTA,Norte de Santander,2023-12-26,redes_sociales
4163,Bogotá,Cundinamarca,2024-06-25,redes_sociales
4164,Medellín,Antioquia,2024-01-11,orgánico
4165,Barranquilla,Atlántico,2024-01-20,publicidad_pago
4166,Bucaramanga,Santander,2023-04-16,publicidad_pago
4167,Medellín,Antioquia,2023-12-15,orgánico
4168,Bucaramanga,Santander,2024-01-23,orgánico
4169,Bogotá,Cundinamarca,2023-03-02,publicidad_pago
4170,Medellín,Antioquia,2023-06-20,orgánico
4171,Cartagena,Bolívar,2024-04-27,publicidad_pago
4172,Barranquilla,Atlántico,2024-06-30,publicidad_pago
4173,Pereira,Risaralda,2023-04-05,redes_sociales
4174,Bogotá,Cundinamarca,2024-02-05,orgánico
4175,Bogotá,Cundinamarca,2023-10-02,redes_sociales
4176,,Cundinamarca,2023-11-19,redes_sociales
4177,Bogotá,Cundinamarca,2023-10-07,redes_sociales
4178,Bogotá,Cundinamarca,2024-04-19,publicidad_pago
4179,Cali,Valle del Cauca,2023-09-01,publicidad_pago
4180,Cali,Valle del Cauca,2023-11-19,orgánico
4181,Barranquilla,Atlántico,2024-01-02,publicidad_pago
4182,Medellín,Antioquia,2023-10-30,orgánico
4183,Bogotá,Cundinamarca,2024-04-26,publicidad_pago
4184,Cartagena,Bolívar,2023-05-10,orgánico
4185,Bogotá,Cundinamarca,2024-06-02,redes_sociales
4186,Pereira,Risaralda,2024-01-06,redes_sociales
4187,Bogotá,Cundinamarca,2024-06-09,orgánico
4188,Cali,Valle del Cauca,2023-07-24,referido
4189,Manizales,Caldas,2023-09-19,orgánico
4190,Cali,Valle del Cauca,2023-01-24,orgánico
4191,Barranquilla,Atlántico,2024-05-20,redes_sociales
4192,Cartagena,Bolívar,2024-03-22,redes_sociales
4193,Bogotá,Cundinamarca,2023-06-12,orgánico
4194,Cartagena,Bolívar,2023-01-29,orgánico
4195,Manizales,Caldas,2024-01-17,orgánico
4196,Neiva,Huila,2024-01-03,publicidad_pago
4197,Medellín,Antioquia,2023-10-16,redes_sociales
4198,Medellín,Antioquia,2023-03-27,orgánico
4199,Bucaramanga,Santander,2024-05-17,redes_sociales
4200,Cali,Valle del Cauca,2023-08-25,referido
4201,Bogotá,Cundinamarca,2024-02-01,publicidad_pago
4202,Bogotá,Cundinamarca,2024-04-14,orgánico
4203,Bogotá,Cundinamarca,2023-10-27,publicidad_pago
4204,Medellín,Antioquia,2023-02-21,orgánico
4205,Bogotá,Cundinamarca,2024-04-30,orgánico
4206,Bogotá,Cundinamarca,2023-12-31,publicidad_pago
4207,Bogotá,Cundinamarca,2024-05-04,publicidad_pago
4208,Cúcuta,Norte de Santander,2023-12-02,orgánico
4209,Bogotá,Cundinamarca,2024-05-11,publicidad_pago
4210,Bogotá,Cundinamarca,2024-04-19,publicidad_pago
4211,Medellín,Antioquia,2023-04-28,publicidad_pago
4212,Bogotá,Cundinamarca,2023-04-05,publicidad_pago
4213,Neiva,Huila,2023-03-29,redes_sociales
4214,Manizales,Caldas,2024-03-13,referido
4215,Medellín,Antioquia,2023-05-12,orgánico
4216,Medellín,Antioquia,2023-09-04,redes_sociales
4217,Medellín,Antioquia,2024-03-07,orgánico
4218,Bogotá,Cundinamarca,2023-08-23,publicidad_pago
4219,Medellín,Antioquia,2023-02-03,orgánico
4220,BOGOTÁ,Cundinamarca,2023-07-17,redes_sociales
4221,Bogotá,Cundinamarca,2023-02-21,publicidad_pago
4222,Cali,Valle del Cauca,2023-07-30,orgánico
4223,Bogotá,Cundinamarca,2024-02-07,orgánico
4224,Bogotá,Cundinamarca,2023-10-12,orgánico
4225,Cali,Valle del Cauca,2024-01-05,publicidad_pago
4226,Medellín,Antioquia,2023-02-28,orgánico
4227,Bogotá,Cundinamarca,2024-02-15,redes_sociales
4228,Bogotá,Cundinamarca,2023-08-21,redes_sociales
4229,Bogotá,Cundinamarca,2023-06-06,referido
4230,Bogotá,Cundinamarca,2023-12-23,publicidad_pago
4231,Ibagué,Tolima,2023-03-15,orgánico
4232,MANIZALES,Caldas,2023-09-30,publicidad_pago
4233,Medellín,Antioquia,2023-08-19,publicidad_pago
4234,Medellín,Antioquia,2023-04-01,publicidad_pago
4235,Cartagena,Bolívar,2024-06-04,redes_sociales
4236,Barranquilla,Atlántico,2023-07-18,orgánico
4237,Bogotá,Cundinamarca,2023-01-23,publicidad_pago
4238,Bogotá,Cundinamarca,2023-08-31,redes_sociales
4239,Medellín,Antioquia,2024-06-12,orgánico
4240,Cali,Valle del Cauca,2024-01-01,orgánico
4241,Bogotá,Cundinamarca,2023-12-15,orgánico
4242,Medellín,Antioquia,2024-05-07,redes_sociales
4243,Medellín,Antioquia,2023-02-15,orgánico
4244,Bogotá,Cundinamarca,2023-10-29,publicidad_pago
4245,Cali,Valle del Cauca,2023-06-25,publicidad_pago
4246,Barranquilla,Atlántico,2024-01-05,orgánico
4247,Cali,Valle del Cauca,2024-04-11,orgánico
4248,Bogotá,Cundinamarca,2023-02-12,orgánico
4249,Bogotá,Cundinamarca,2023-03-28,redes_sociales
4250,Ibagué,Tolima,2024-06-06,publicidad_pago
4251,Cali,Valle del Cauca,2023-09-27,redes_sociales
4252,Bogotá,Cundinamarca,2023-06-22,publicidad_pago
4253,Bogotá,Cundinamarca,2023-03-25,referido
4254, Ibagué ,Tolima,2023-07-13,orgánico
4255,Bucaramanga,Santander,2023-01-03,publicidad_pago
4256,Pereira,Risaralda,2023-05-02,redes_sociales
4257,Barranquilla,Atlántico,2023-04-11,redes_sociales
4258,Medellín,Antioquia,2023-02-16,orgánico
4259,MEDELLÍN,Antioquia,2024-06-14,orgánico
4260,Bogotá,Cundinamarca,2024-03-08,publicidad_pago
4261,Barranquilla,Atlántico,2024-05-29,redes_sociales
4262,Barranquilla,Atlántico,2023-05-12,orgánico
4263,Bogotá,Cundinamarca,2023-06-07,orgánico
4264,Manizales,Caldas,2023-06-04,redes_sociales
4265,Medellín,Antioquia,2023-11-02,publicidad_pago
4266,Bogotá,Cundinamarca,2023-04-10,redes_sociales
4267,Medellín,Antioquia,2023-05-09,orgánico
4268,Pereira,Risaralda,2024-06-17,orgánico
4269,Manizales,Caldas,2023-07-12,publicidad_pago
4270,Cali,Valle del Cauca,2024-03-03,publicidad_pago
4271,Neiva,Huila,2023-05-06,orgánico
4272,Pereira,Risaralda,2024-05-23,redes_sociales
4273,Ibagué,Tolima,2024-01-15,redes_sociales
4274,Pereira,Risaralda,2024-04-16,publicidad_pago
4275, Medellín ,Antioquia,2023-10-10,orgánico
4276,Bucaramanga,Santander,2024-05-10,redes_sociales
4277,Cali,Valle del Cauca,2023-07-18,referido
4278,Cartagena,Bolívar,2023-09-20,redes_sociales
4279,Bogotá,Cundinamarca,2023-02-03,orgánico
4280,Bucaramanga,Santander,2023-04-04,orgánico
4281,Neiva,Huila,2024-02-26,orgánico
4282,Medellín,Antioquia,2023-06-28,referido
4283,Santa Marta,Magdalena,2023-02-25,referido
4284,Medellín,Antioquia,2023-06-09,orgánico
4285,Bogotá,Cundinamarca,2023-07-12,referido
4286,Bogotá,Cundinamarca,2024-01-28,orgánico
4287,Ibagué,Tolima,2023-02-19,redes_sociales
4288,Cali,Valle del Cauca,2023-01-15,publicidad_pago
4289,Medellín,Antioquia,2024-02-01,redes_sociales
4290,Barranquilla,Atlántico,2023-03-19,redes_sociales
4291,Medellín,Antioquia,2023-08-18,redes_sociales
4292,Medellín,Antioquia,2024-01-09,orgánico
4293,Pereira,Risaralda,2023-10-09,referido
4294,Cartagena,Bolívar,2023-03-09,orgánico
4295,Bucaramanga,Santander,2024-01-31,orgánico
4296,Barranquilla,Atlántico,2023-01-27,referido
4297,Santa Marta,Magdalena,2023-05-08,redes_sociales
4298,Bogotá,Cundinamarca,2023-03-01,redes_sociales
4299,Bogotá,Cundinamarca,2023-10-08,orgánico
4300,Bogotá,Cundinamarca,2024-01-13,orgánico
4301,Cali,Valle del Cauca,2023-12-22,orgánico
4302,Barranquilla,Atlántico,2023-03-18,redes_sociales
4303,Bucaramanga,Santander,2023-07-07,redes_sociales
4304,Medellín,Antioquia,2023-03-22,redes_sociales
4305,Bogotá,Cundinamarca,2023-07-07,publicidad_pago
4306,Barranquilla,Atlántico,2023-05-06,referido
4307,Santa Marta,Magdalena,2024-02-09,orgánico
4308,Medellín,Antioquia,2024-02-15,referido
4309,Bogotá,Cundinamarca,2024-03-23,publicidad_pago
4310, Medellín ,Antioquia,2023-04-20,referido
4311,Medellín,Antioquia,2023-01-08,publicidad_pago
4312,Bogotá,Cundinamarca,2023-01-20,orgánico
4313,Medellín,Antioquia,2024-04-06,orgánico
4314,Barranquilla,Atlántico,2024-05-10,referido
4315,Medellín,Antioquia,2023-04-26,redes_sociales
4316,Medellín,Antioquia,2024-04-24,publicidad_pago
4317,Bogotá,Cundinamarca,2023-10-17,publicidad_pago
4318,Manizales,Caldas,2023-04-12,orgánico
4319,Medellín,Antioquia,2023-06-21,redes_sociales
4320,Medellín,Antioquia,2023-05-26,referido
4321,Bogotá,Cundinamarca,2024-02-22,orgánico
4322,Barranquilla,Atlántico,2023-04-14,publicidad_pago
4323,Pereira,Risaralda,2023-04-11,referido
4324,Bogotá,Cundinamarca,2024-01-29,orgánico
4325,Bogotá,Cundinamarca,2023-06-15,orgánico
4326,BOGOTÁ,Cundinamarca,2023-05-17,redes_sociales
4327,Barranquilla,Atlántico,2024-03-17,publicidad_pago
4328,Cúcuta,Norte de Santander,2024-05-24,redes_sociales
4329,Medellín,Antioquia,2023-10-31,orgánico
4330,Medellín,Antioquia,2024-03-28,orgánico
4331,Bucaramanga,Santander,2024-04-05,redes_sociales
4332,Bucaramanga,Santander,2023-11-18,orgánico
4333,Bogotá,Cundinamarca,2024-03-29,orgánico
4334,Bogotá,Cundinamarca,2023-01-05,publicidad_pago
4335,Medellín,Antioquia,2023-01-20,orgánico
4336, Bucaramanga ,Santander,2024-04-28,publicidad_pago
4337,Cartagena,Bolívar,2023-03-18,referido
4338,Cartagena,Bolívar,2024-02-03,redes_sociales
4339,Ibagué,Tolima,2023-08-18,redes_sociales
4340,Bogotá,Cundinamarca,2024-03-06,orgánico
4341,Medellín,Antioquia,2023-12-30,redes_sociales
4342,Bogotá,Cundinamarca,2023-02-09,redes_sociales
4343,Pereira,Risaralda,2023-07-04,orgánico
4344,Barranquilla,Atlántico,2024-01-23,redes_sociales
4345,Medellín,Antioquia,2024-05-19,orgánico
4346,Bogotá,Cundinamarca,2024-03-16,orgánico
4347,Bucaramanga,Santander,2024-05-02,publicidad_pago
4348,Bucaramanga,Santander,2024-06-07,redes_sociales
4349,Cartagena,Bolívar,2024-05-04,orgánico
4350,Bogotá,Cundinamarca,2023-11-14,orgánico
4351,Manizales,Caldas,2023-07-03,orgánico
4352,Bucaramanga,Santander,2023-10-05,redes_sociales
4353,Barranquilla,Atlántico,2024-03-11,redes_sociales
4354,Barranquilla,Atlántico,2023-08-21,orgánico
4355,Manizales,Caldas,2024-03-30,redes_sociales
4356,Cúcuta,Norte de Santander,2024-01-19,referido
4357,Barranquilla,Atlántico,2023-04-25,redes_sociales
4358,Medellín,Antioquia,2024-05-18,redes_sociales
4359,Medellín,Antioquia,2024-04-07,redes_sociales
4360,Ibagué,Tolima,2023-11-25,publicidad_pago
4361,Barranquilla,Atlántico,2023-04-17,referido
4362,Bogotá,Cundinamarca,2023-05-05,orgánico
4363,Bogotá,Cundinamarca,2024-04-04,orgánico
4364,Manizales,Caldas,2023-01-10,orgánico
4365,Manizales,Caldas,2023-09-22,publicidad_pago
4366,Neiva,Huila,2023-12-05,orgánico
4367,Medellín,Antioquia,2023-05-08,referido
4368,Ibagué,Tolima,2024-04-17,orgánico
4369,Ibagué,Tolima,2023-10-13,redes_sociales
4370,Medellín,Antioquia,2023-02-06,orgánico
4371,Bogotá,Cundinamarca,2023-06-25,redes_sociales
4372,Santa Marta,Magdalena,2023-08-06,redes_sociales
4373,Bogotá,Cundinamarca,2023-05-02,publicidad_pago
4374,Barranquilla,Atlántico,2024-05-29,redes_sociales
4375, Barranquilla ,Atlántico,2023-07-17,redes_sociales
4376,Cartagena,Bolívar,2023-10-02,publicidad_pago
4377,Bogotá,Cundinamarca,2023-10-20,referido
4378,Bucaramanga,Santander,2023-05-01,publicidad_pago
4379,Bogotá,Cundinamarca,2023-11-07,publicidad_pago
4380,Ibagué,Tolima,2023-07-13,redes_sociales
4381,Bogotá,Cundinamarca,2023-01-06,referido
4382,Cartagena,Bolívar,2023-08-12,redes_sociales
4383,Ibagué,Tolima,2023-11-16,referido
4384,BOGOTÁ,Cundinamarca,2023-03-06,publicidad_pago
4385,Bogotá,Cundinamarca,2024-03-02,orgánico
4386,Bucaramanga,Santander,2023-12-28,orgánico
4387,Bogotá,Cundinamarca,2023-06-19,publicidad_pago
4388,Bogotá,Cundinamarca,2023-11-20,publicidad_pago
4389,Medellín,Antioquia,2023-06-16,redes_sociales
4390,Cúcuta,Norte de Santander,2023-12-21,referido
4391,Cali,Valle del Cauca,2023-03-26,redes_sociales
4392,Medellín,Antioquia,2023-12-01,orgánico
4393,Neiva,Huila,2023-01-31,redes_sociales
4394,Cali,Valle del Cauca,2023-01-10,orgánico
4395,Medellín,Antioquia,2023-05-20,redes_sociales
4396, Medellín ,Antioquia,2023-04-06,referido
4397,MEDELLÍN,Antioquia,2023-09-26,orgánico
4398,Medellín,Antioquia,2023-04-01,publicidad_pago
4399,Cartagena,Bolívar,2023-05-14,publicidad_pago
4400,Bogotá,Cundinamarca,2023-02-23,orgánico
4401,Cartagena,Bolívar,2024-04-30,publicidad_pago
4402,Bogotá,Cundinamarca,2024-02-07,publicidad_pago
4403,Medellín,Antioquia,2023-04-30,redes_sociales
4404,Bogotá,Cundinamarca,2023-03-07,orgánico
4405,Cali,Valle del Cauca,2024-04-10,orgánico
4406,Bucaramanga,Santander,2024-01-01,redes_sociales
4407,Medellín,Antioquia,2024-04-29,orgánico
4408,Bogotá,Cundinamarca,2023-04-08,orgánico
4409,Bogotá,Cundinamarca,2023-07-16,referido
4410,Ibagué,Tolima,2023-03-06,publicidad_pago
4411,Bogotá,Cundinamarca,2023-08-20,publicidad_pago
4412,Bucaramanga,Santander,2023-03-30,referido
4413,Medellín,Antioquia,2023-01-03,orgánico
4414,Bogotá,Cundinamarca,2023-10-06,orgánico
4415,,Santander,2024-06-19,publicidad_pago
4416,Cali,Valle del Cauca,2023-12-20,redes_sociales
4417,Bogotá,Cundinamarca,2024-02-19,orgánico
4418,Neiva,Huila,2024-03-20,publicidad_pago
4419,Bogotá,Cundinamarca,2024-06-15,orgánico
4420,Medellín,Antioquia,2023-03-12,redes_sociales
4421,Medellín,Antioquia,2023-05-18,redes_sociales
4422,Cali,Valle del Cauca,2023-12-04,redes_sociales
4423, Ibagué ,Tolima,2024-03-25,orgánico
4424, Bogotá ,Cundinamarca,2024-02-28,orgánico
4425,Cúcuta,Norte de Santander,2024-02-03,publicidad_pago
4426,Barranquilla,Atlántico,2023-06-20,referido
4427,Neiva,Huila,2023-07-19,redes_sociales
4428,Ibagué,Tolima,2023-02-13,orgánico
4429,Cúcuta,Norte de Santander,2023-06-21,redes_sociales
4430,Barranquilla,Atlántico,2023-03-27,orgánico
4431,Medellín,Antioquia,2024-05-28,orgánico
4432,Medellín,Antioquia,2023-02-20,orgánico
4433,Barranquilla,Atlántico,2023-07-18,orgánico
4434,Medellín,Antioquia,2024-04-30,orgánico
4435,Bucaramanga,Santander,2024-06-06,orgánico
4436,Bogotá,Cundinamarca,2023-07-26,publicidad_pago
4437,Ibagué,Tolima,2023-09-12,redes_sociales
4438,Bogotá,Cundinamarca,2023-10-14,redes_sociales
4439,Cúcuta,Norte de Santander,2024-03-25,orgánico
4440,Bogotá,Cundinamarca,2024-02-25,publicidad_pago
4441,Bogotá,Cundinamarca,2023-10-14,orgánico
4442,Ibagué,Tolima,2023-07-23,orgánico
4443,Ibagué,Tolima,2023-07-23,redes_sociales
4444,Bucaramanga,Santander,2023-12-22,publicidad_pago
4445,Neiva,Huila,2024-04-01,publicidad_pago
4446,Bogotá,Cundinamarca,2023-02-11,redes_sociales
4447,Ibagué,Tolima,2024-02-25,orgánico
4448,Medellín,Antioquia,2023-09-21,orgánico
4449,Cali,Valle del Cauca,2023-03-21,redes_sociales
4450,Medellín,Antioquia,2023-02-22,orgánico
4451,Bogotá,Cundinamarca,2023-07-04,orgánico
4452,,Valle del Cauca,2023-05-16,orgánico
4453,Bucaramanga,Santander,2023-02-26,referido
4454,Bogotá,Cundinamarca,2023-06-10,orgánico
4455,,Norte de Santander,2024-04-01,orgánico
4456,Cali,Valle del Cauca,2024-01-28,referido
4457,Bogotá,Cundinamarca,2023-04-25,publicidad_pago
4458,Barranquilla,Atlántico,2024-01-04,redes_sociales
4459,Bogotá,Cundinamarca,2023-09-05,publicidad_pago
4460,Bogotá,Cundinamarca,2024-02-13,orgánico
4461,Cartagena,Bolívar,2023-05-16,publicidad_pago
4462,Bogotá,Cundinamarca,2023-02-03,orgánico
4463,Bogotá,Cundinamarca,2023-06-21,referido
4464,,Santander,2024-06-27,orgánico
4465,Bogotá,Cundinamarca,2023-11-01,redes_sociales
4466,Ibagué,Tolima,2023-01-30,redes_sociales
4467,Ibagué,Tolima,2024-06-17,orgánico
4468,Bogotá,Cundinamarca,2024-03-27,redes_sociales
4469,CALI,Valle del Cauca,2023-10-25,publicidad_pago
4470,Bogotá,Cundinamarca,2024-02-09,orgánico
4471,Barranquilla,Atlántico,2023-04-12,referido
4472,Bogotá,Cundinamarca,2023-11-20,orgánico
4473,Cúcuta,Norte de Santander,2024-05-14,redes_sociales
4474,Bogotá,Cundinamarca,2023-08-29,redes_sociales
4475,Cartagena,Bolívar,2023-01-22,redes_sociales
4476,Bogotá,Cundinamarca,2024-02-19,publicidad_pago
4477,Bogotá,Cundinamarca,2024-02-04,publicidad_pago
4478,Medellín,Antioquia,2024-02-09,redes_sociales
4479,Cali,Valle del Cauca,2023-12-21,redes_sociales
4480,Santa Marta,Magdalena,2023-03-17,redes_sociales
4481,Bogotá,Cundinamarca,2023-03-04,redes_sociales
4482,Bogotá,Cundinamarca,2024-03-09,orgánico
4483,Medellín,Antioquia,2024-04-12,orgánico
4484,Medellín,Antioquia,2023-02-12,redes_sociales
4485,Manizales,Caldas,2023-11-14,referido
4486,Manizales,Caldas,2023-10-01,orgánico
4487,Manizales,Caldas,2023-07-11,redes_sociales
4488,Bogotá,Cundinamarca,2023-12-19,orgánico
4489,Medellín,Antioquia,2024-05-15,redes_sociales
4490,Bucaramanga,Santander,2024-03-25,publicidad_pago
4491,Medellín,Antioquia,2023-03-25,publicidad_pago
4492, Cartagena ,Bolívar,2023-09-11,publicidad_pago
4493,Bogotá,Cundinamarca,2024-05-26,publicidad_pago
4494,Medellín,Antioquia,2023-05-10,orgánico
4495,Pereira,Risaralda,2024-04-12,redes_sociales
4496,Bogotá,Cundinamarca,2023-09-26,orgánico
4497,Neiva,Huila,2023-10-13,referido
4498,Medellín,Antioquia,2023-05-17,publicidad_pago
4499,BOGOTÁ,Cundinamarca,2024-05-17,orgánico
4500,Bogotá,Cundinamarca,2023-10-17,orgánico
4501,Bogotá,Cundinamarca,2023-11-11,redes_sociales
4502,Cali,Valle del Cauca,2023-09-10,referido
4503,Bogotá,Cundinamarca,2023-02-18,orgánico
4504,Barranquilla,Atlántico,2024-03-02,redes_sociales
4505,Pereira,Risaralda,2023-06-29,orgánico
4506,MEDELLÍN,Antioquia,2023-05-12,redes_sociales
4507,Bogotá,Cundinamarca,2024-03-03,redes_sociales
4508,Medellín,Antioquia,2023-04-20,orgánico
4509,Ibagué,Tolima,2024-01-09,publicidad_pago
4510,Barranquilla,Atlántico,2023-09-17,orgánico
4511,Bogotá,Cundinamarca,2024-03-13,publicidad_pago
4512,Cali,Valle del Cauca,2023-01-28,orgánico
4513,Cali,Valle del Cauca,2024-02-28,redes_sociales
4514,Medellín,Antioquia,2023-05-06,orgánico
4515,Bogotá,Cundinamarca,2024-04-21,redes_sociales
4516,Santa Marta,Magdalena,2023-07-13,orgánico
4517,Bogotá,Cundinamarca,2023-01-04,redes_sociales
4518,Bogotá,Cundinamarca,2023-09-24,orgánico
4519,Bogotá,Cundinamarca,2023-01-30,redes_sociales
4520,Cali,Valle del Cauca,2023-05-28,publicidad_pago
4521,Medellín,Antioquia,2024-01-28,redes_sociales
4522,Bogotá,Cundinamarca,2023-11-03,redes_sociales
4523,Medellín,Antioquia,2024-01-23,redes_sociales
4524, Cartagena ,Bolívar,2024-04-25,redes_sociales
4525,Medellín,Antioquia,2023-09-13,publicidad_pago
4526,Manizales,Caldas,2023-10-25,redes_sociales
4527,Medellín,Antioquia,2023-02-01,referido
4528,Bogotá,Cundinamarca,2023-06-06,publicidad_pago
4529,Neiva,Huila,2024-02-01,redes_sociales
4530,Ibagué,Tolima,2023-02-03,redes_sociales
4531,Medellín,Antioquia,2023-07-16,publicidad_pago
4532,Pereira,Risaralda,2023-03-16,publicidad_pago
4533,Cali,Valle del Cauca,2024-04-13,orgánico
4534,Medellín,Antioquia,2023-11-03,orgánico
4535,Pereira,Risaralda,2023-12-19,orgánico
4536,Bucaramanga,Santander,2024-01-09,publicidad_pago
4537,Medellín,Antioquia,2023-05-03,publicidad_pago
4538,Barranquilla,Atlántico,2023-01-28,orgánico
4539,Medellín,Antioquia,2023-08-06,redes_sociales
4540,Bogotá,Cundinamarca,2023-04-12,publicidad_pago
4541,Neiva,Huila,2023-06-26,referido
4542,Cali,Valle del Cauca,2023-06-24,orgánico
4543,Barranquilla,Atlántico,2024-03-03,orgánico
4544,Barranquilla,Atlántico,2023-06-24,orgánico
4545,,Valle del Cauca,2023-03-24,redes_sociales
4546,Medellín,Antioquia,2024-06-08,orgánico
4547,Neiva,Huila,2023-01-27,orgánico
4548,Barranquilla,Atlántico,2023-04-22,publicidad_pago
4549,Cartagena,Bolívar,2023-07-09,redes_sociales
4550,Medellín,Antioquia,2023-02-04,orgánico
4551,Medellín,Antioquia,2024-05-06,redes_sociales
4552,Bogotá,Cundinamarca,2023-07-13,orgánico
4553,Medellín,Antioquia,2024-03-03,redes_sociales
4554,Bogotá,Cundinamarca,2023-03-15,redes_sociales
4555,Cartagena,Bolívar,2023-10-13,orgánico
4556,Pereira,Risaralda,2023-03-11,orgánico
4557,Medellín,Antioquia,2023-05-07,publicidad_pago
4558,Medellín,Antioquia,2023-08-11,publicidad_pago
4559,Cartagena,Bolívar,2024-04-16,orgánico
4560,Bogotá,Cundinamarca,2023-06-17,redes_sociales
4561,Cúcuta,Norte de Santander,2024-02-17,orgánico
4562,Medellín,Antioquia,2023-02-20,publicidad_pago
4563,Bogotá,Cundinamarca,2023-05-18,publicidad_pago
4564,Bogotá,Cundinamarca,2023-11-27,redes_sociales
4565,Cúcuta,Norte de Santander,2023-09-14,redes_sociales
4566,Bogotá,Cundinamarca,2023-10-02,redes_sociales
4567,Cartagena,Bolívar,2024-01-07,orgánico
4568,,Cundinamarca,2023-02-12,redes_sociales
4569,Bogotá,Cundinamarca,2024-01-16,orgánico
4570,Pereira,Risaralda,2024-04-16,publicidad_pago
4571,Bogotá,Cundinamarca,2024-02-24,redes_sociales
4572,Bogotá,Cundinamarca,2023-06-05,orgánico
4573,Cali,Valle del Cauca,2023-07-11,redes_sociales
4574,Pereira,Risaralda,2024-06-09,publicidad_pago
4575,Medellín,Antioquia,2024-03-08,redes_sociales
4576,Bogotá,Cundinamarca,2024-05-24,redes_sociales
4577,Santa Marta,Magdalena,2024-05-14,publicidad_pago
4578,Cartagena,Bolívar,2023-08-26,orgánico
4579,Pereira,Risaralda,2023-03-12,redes_sociales
4580,Bucaramanga,Santander,2023-05-06,redes_sociales
4581,Cartagena,Bolívar,2023-06-10,orgánico
4582,Medellín,Antioquia,2024-04-01,referido
4583,Medellín,Antioquia,2023-06-01,redes_sociales
4584,Cartagena,Bolívar,2023-07-17,orgánico
4585,Cartagena,Bolívar,2024-04-10,orgánico
4586,Neiva,Huila,2023-03-31,referido
4587,Cali,Valle del Cauca,2023-12-29,publicidad_pago
4588,Medellín,Antioquia,2023-10-29,orgánico
4589,Cali,Valle del Cauca,2024-06-22,redes_sociales
4590,Barranquilla,Atlántico,2023-09-25,orgánico
4591,Medellín,Antioquia,2023-10-13,publicidad_pago
4592,Ibagué,Tolima,2024-04-09,redes_sociales
4593,Barranquilla,Atlántico,2024-06-26,orgánico
4594,Bogotá,Cundinamarca,2024-02-03,redes_sociales
4595,Cali,Valle del Cauca,2024-01-17,referido
4596,Barranquilla,Atlántico,2024-04-24,orgánico
4597,Manizales,Caldas,2024-06-19,orgánico
4598,Medellín,Antioquia,2024-02-06,referido
4599, Cali ,Valle del Cauca,2023-06-09,orgánico
4600,Cali,Valle del Cauca,2023-12-18,redes_sociales
4601,Cali,Valle del Cauca,2023-05-10,redes_sociales
4602,Bogotá,Cundinamarca,2023-10-01,orgánico
4603,Manizales,Caldas,2023-09-01,orgánico
4604,Manizales,Caldas,2024-06-24,orgánico
4605,Cali,Valle del Cauca,2023-10-31,orgánico
4606,Cali,Valle del Cauca,2024-06-08,redes_sociales
4607,Bogotá,Cundinamarca,2024-03-18,publicidad_pago
4608,Barranquilla,Atlántico,2024-04-09,orgánico
4609,Medellín,Antioquia,2023-04-03,publicidad_pago
4610,CARTAGENA,Bolívar,2024-02-29,redes_sociales
4611,Bogotá,Cundinamarca,2023-05-18,orgánico
4612,Cartagena,Bolívar,2023-11-12,redes_sociales
4613,Medellín,Antioquia,2023-09-23,orgánico
4614,Barranquilla,Atlántico,2023-05-23,redes_sociales
4615,Barranquilla,Atlántico,2024-06-22,orgánico
4616,Bogotá,Cundinamarca,2024-04-23,publicidad_pago
4617,Medellín,Antioquia,2023-11-11,referido
4618,Pereira,Risaralda,2023-01-06,orgánico
4619,Barranquilla,Atlántico,2023-04-11,referido
4620,Bogotá,Cundinamarca,2023-05-05,orgánico
4621,Medellín,Antioquia,2024-06-15,orgánico
4622,Medellín,Antioquia,2023-08-09,orgánico
4623,Barranquilla,Atlántico,2023-01-26,publicidad_pago
4624,Barranquilla,Atlántico,2023-11-17,publicidad_pago
4625,Bogotá,Cundinamarca,2024-06-03,referido
4626,Barranquilla,Atlántico,2023-11-03,publicidad_pago
4627,Bucaramanga,Santander,2023-08-31,redes_sociales
4628,Bucaramanga,Santander,2023-04-07,publicidad_pago
4629,Bogotá,Cundinamarca,2024-04-25,referido
4630,Medellín,Antioquia,2023-02-27,publicidad_pago
4631,Medellín,Antioquia,2024-05-25,redes_sociales
4632,Bogotá,Cundinamarca,2023-05-02,publicidad_pago
4633,Medellín,Antioquia,2023-03-17,orgánico
4634,Bogotá,Cundinamarca,2023-07-10,referido
4635,BOGOTÁ,Cundinamarca,2023-01-03,referido
4636, nan ,Bolívar,2023-01-08,publicidad_pago
4637,Bogotá,Cundinamarca,2023-04-13,orgánico
4638,CARTAGENA,Bolívar,2024-01-14,orgánico
4639,Bogotá,Cundinamarca,2024-03-21,referido
4640,Cali,Valle del Cauca,2023-05-16,publicidad_pago
4641,MEDELLÍN,Antioquia,2023-12-19,publicidad_pago
4642,Ibagué,Tolima,2023-07-12,referido
4643,Ibagué,Tolima,2023-08-25,redes_sociales
4644,Medellín,Antioquia,2023-07-03,publicidad_pago
4645,Barranquilla,Atlántico,2024-05-02,orgánico
4646,Bogotá,Cundinamarca,2023-10-07,orgánico
4647,Barranquilla,Atlántico,2023-10-04,redes_sociales
4648,Bogotá,Cundinamarca,2024-04-15,orgánico
4649,Medellín,Antioquia,2023-12-26,redes_sociales
4650,Bogotá,Cundinamarca,2023-03-23,publicidad_pago
4651,Manizales,Caldas,2023-04-14,orgánico
4652,Medellín,Antioquia,2023-07-06,publicidad_pago
4653,Barranquilla,Atlántico,2023-02-23,orgánico
4654,Medellín,Antioquia,2024-01-14,publicidad_pago
4655,Medellín,Antioquia,2023-09-28,orgánico
4656,Bogotá,Cundinamarca,2023-01-25,publicidad_pago
4657,Manizales,Caldas,2023-08-08,redes_sociales
4658,Ibagué,Tolima,2024-03-29,redes_sociales
4659,Bogotá,Cundinamarca,2024-05-11,orgánico
4660,Bucaramanga,Santander,2024-06-10,orgánico
4661,Medellín,Antioquia,2024-05-19,redes_sociales
4662,Bogotá,Cundinamarca,2023-11-29,orgánico
4663,Cali,Valle del Cauca,2024-05-22,orgánico
4664,Bogotá,Cundinamarca,2024-06-07,publicidad_pago
4665,Bogotá,Cundinamarca,2023-12-14,orgánico
4666,Cartagena,Bolívar,2023-08-14,orgánico
4667,Bogotá,Cundinamarca,2024-06-12,orgánico
4668,Manizales,Caldas,2023-08-16,redes_sociales
4669,,Atlántico,2023-04-02,redes_sociales
4670,Pereira,Risaralda,2023-02-28,publicidad_pago
4671,Barranquilla,Atlántico,2023-11-07,redes_sociales
4672,Pereira,Risaralda,2023-01-20,redes_sociales
4673,Medellín,Antioquia,2023-03-06,redes_sociales
4674, Cali ,Valle del Cauca,2023-05-14,orgánico
4675,Cali,Valle del Cauca,2023-10-17,publicidad_pago
4676,Manizales,Caldas,2023-09-19,orgánico
4677,Bogotá,Cundinamarca,2023-10-07,publicidad_pago
4678,Cali,Valle del Cauca,2023-10-05,redes_sociales
4679,Bucaramanga,Santander,2024-06-27,redes_sociales
4680,Medellín,Antioquia,2023-04-30,redes_sociales
4681,Pereira,Risaralda,2023-09-17,referido
4682,Medellín,Antioquia,2023-12-02,redes_sociales
4683,Bogotá,Cundinamarca,2023-05-30,redes_sociales
4684,Barranquilla,Atlántico,2023-04-10,publicidad_pago
4685,Medellín,Antioquia,2023-01-26,redes_sociales
4686,Bogotá,Cundinamarca,2023-06-28,redes_sociales
4687,Bogotá,Cundinamarca,2023-05-20,orgánico
4688,Bogotá,Cundinamarca,2023-04-18,orgánico
4689,Bucaramanga,Santander,2023-05-29,publicidad_pago
4690,Manizales,Caldas,2024-01-17,orgánico
4691,Cali,Valle del Cauca,2024-03-28,orgánico
4692,BOGOTÁ,Cundinamarca,2023-10-10,orgánico
4693,Cali,Valle del Cauca,2023-02-06,referido
4694,Pereira,Risaralda,2024-02-07,redes_sociales
4695,Bucaramanga,Santander,2023-03-25,redes_sociales
4696,Medellín,Antioquia,2023-02-01,referido
4697,Bogotá,Cundinamarca,2023-11-07,redes_sociales
4698,Manizales,Caldas,2023-08-21,publicidad_pago
4699,Pereira,Risaralda,2023-06-20,publicidad_pago
4700,Bogotá,Cundinamarca,2024-06-12,redes_sociales
4701,Ibagué,Tolima,2023-02-19,publicidad_pago
4702,Bogotá,Cundinamarca,2023-01-30,referido
4703,Bogotá,Cundinamarca,2023-11-18,orgánico
4704,Bucaramanga,Santander,2023-08-17,orgánico
4705,Cali,Valle del Cauca,2024-03-14,publicidad_pago
4706,Medellín,Antioquia,2023-01-23,redes_sociales
4707, Manizales ,Caldas,2023-08-18,redes_sociales
4708,Pereira,Risaralda,2023-03-22,orgánico
4709,Bogotá,Cundinamarca,2023-01-23,publicidad_pago
4710,Barranquilla,Atlántico,2023-09-11,publicidad_pago
4711,Bucaramanga,Santander,2024-02-06,referido
4712, Cali ,Valle del Cauca,2023-03-28,redes_sociales
4713,Santa Marta,Magdalena,2024-04-05,referido
4714,Cartagena,Bolívar,2023-10-11,redes_sociales
4715,Bogotá,Cundinamarca,2023-09-20,redes_sociales
4716,Bogotá,Cundinamarca,2024-05-19,publicidad_pago
4717,Ibagué,Tolima,2023-06-30,redes_sociales
4718,Santa Marta,Magdalena,2023-04-20,redes_sociales
4719,Bogotá,Cundinamarca,2024-03-06,orgánico
4720,Bogotá,Cundinamarca,2023-02-28,redes_sociales
4721,Bucaramanga,Santander,2024-04-22,publicidad_pago
4722,Bogotá,Cundinamarca,2024-03-27,orgánico
4723,Bogotá,Cundinamarca,2024-06-18,publicidad_pago
4724,Manizales,Caldas,2023-09-09,orgánico
4725,Ibagué,Tolima,2023-12-07,orgánico
4726,Manizales,Caldas,2024-04-27,publicidad_pago
4727,Barranquilla,Atlántico,2023-03-13,orgánico
4728,Medellín,Antioquia,2023-06-17,referido
4729,Manizales,Caldas,2023-09-16,referido
4730,Medellín,Antioquia,2023-12-10,redes_sociales
4731,Bogotá,Cundinamarca,2024-01-07,redes_sociales
4732,Manizales,Caldas,2024-05-20,orgánico
4733,Cartagena,Bolívar,2023-09-25,publicidad_pago
4734,Manizales,Caldas,2023-04-04,orgánico
4735,Bogotá,Cundinamarca,2023-04-14,referido
4736,Neiva,Huila,2024-03-13,referido
4737,Barranquilla,Atlántico,2023-09-10,orgánico
4738,Cartagena,Bolívar,2023-12-12,publicidad_pago
4739,Manizales,Caldas,2023-11-04,redes_sociales
4740,Medellín,Antioquia,2024-03-20,redes_sociales
4741,Cartagena,Bolívar,2023-04-30,orgánico
4742,Barranquilla,Atlántico,2023-04-04,publicidad_pago
4743,Ibagué,Tolima,2024-02-06,orgánico
4744,Manizales,Caldas,2023-08-26,publicidad_pago
4745,Cartagena,Bolívar,2024-03-22,redes_sociales
4746,Bogotá,Cundinamarca,2023-03-12,redes_sociales
4747,Bogotá,Cundinamarca,2023-05-29,referido
4748,Neiva,Huila,2024-06-09,publicidad_pago
4749,Neiva,Huila,2024-04-06,redes_sociales
4750,Neiva,Huila,2023-02-04,redes_sociales
4751,Bogotá,Cundinamarca,2024-03-22,redes_sociales
4752,Medellín,Antioquia,2023-02-05,orgánico
4753,Bucaramanga,Santander,2023-03-07,referido
4754,Bucaramanga,Santander,2024-05-06,orgánico
4755,Bogotá,Cundinamarca,2023-03-10,redes_sociales
4756,Barranquilla,Atlántico,2023-06-14,publicidad_pago
4757,,Cundinamarca,2023-03-16,redes_sociales
4758,Cali,Valle del Cauca,2023-11-23,publicidad_pago
4759,Bogotá,Cundinamarca,2023-02-01,orgánico
4760,Bogotá,Cundinamarca,2023-06-07,orgánico
4761,Bogotá,Cundinamarca,2023-06-28,redes_sociales
4762,Manizales,Caldas,2023-12-21,redes_sociales
4763,Bucaramanga,Santander,2023-09-29,referido
4764,Cúcuta,Norte de Santander,2023-04-16,redes_sociales
4765,Cali,Valle del Cauca,2023-09-11,orgánico
4766,Medellín,Antioquia,2023-09-09,orgánico
4767,Medellín,Antioquia,2023-07-13,redes_sociales
4768,Barranquilla,Atlántico,2023-10-19,redes_sociales
4769,Medellín,Antioquia,2023-06-28,orgánico
4770,Bucaramanga,Santander,2023-07-02,redes_sociales
4771,Ibagué,Tolima,2024-03-04,referido
4772,Pereira,Risaralda,2023-05-18,redes_sociales
4773,Bogotá,Cundinamarca,2023-06-29,publicidad_pago
4774,Cali,Valle del Cauca,2023-03-18,orgánico
4775,Bogotá,Cundinamarca,2024-01-17,publicidad_pago
4776,Bogotá,Cundinamarca,2024-01-22,orgánico
4777,Cartagena,Bolívar,2024-01-06,redes_sociales
4778,Cali,Valle del Cauca,2023-04-03,orgánico
4779,Bucaramanga,Santander,2023-09-05,orgánico
4780,Bogotá,Cundinamarca,2023-06-09,orgánico
4781,Santa Marta,Magdalena,2024-02-22,orgánico
4782,Santa Marta,Magdalena,2023-07-04,publicidad_pago
4783,Cali,Valle del Cauca,2023-08-16,orgánico
4784,Pereira,Risaralda,2023-09-06,referido
4785,Bogotá,Cundinamarca,2024-02-21,redes_sociales
4786,Bucaramanga,Santander,2024-01-20,orgánico
4787,Pereira,Risaralda,2024-03-24,redes_sociales
4788,Ibagué,Tolima,2023-08-23,orgánico
4789,Ibagué,Tolima,2024-03-24,publicidad_pago
4790,Cali,Valle del Cauca,2024-04-21,orgánico
4791,Ibagué,Tolima,2023-10-14,publicidad_pago
4792,Cartagena,Bolívar,2024-01-07,orgánico
4793,Bogotá,Cundinamarca,2024-05-12,orgánico
4794,Bogotá,Cundinamarca,2024-04-03,orgánico
4795,Bucaramanga,Santander,2023-06-01,publicidad_pago
4796,Barranquilla,Atlántico,2024-01-27,redes_sociales
4797,Cali,Valle del Cauca,2023-09-01,referido
4798,Manizales,Caldas,2023-03-23,redes_sociales
4799,Barranquilla,Atlántico,2023-07-23,orgánico
4800,Medellín,Antioquia,2024-06-18,publicidad_pago
4801,Medellín,Antioquia,2024-06-07,redes_sociales
4802,Barranquilla,Atlántico,2024-03-06,publicidad_pago
4803,Bucaramanga,Santander,2024-06-25,redes_sociales
4804,,Valle del Cauca,2023-11-10,publicidad_pago
4805,Cali,Valle del Cauca,2024-02-19,orgánico
4806,Bucaramanga,Santander,2023-04-01,referido
4807,Cartagena,Bolívar,2023-06-13,orgánico
4808,Pereira,Risaralda,2023-04-05,publicidad_pago
4809,Bogotá,Cundinamarca,2024-05-27,orgánico
4810,Bucaramanga,Santander,2023-12-03,publicidad_pago
4811,,Valle del Cauca,2024-05-25,publicidad_pago
4812,Bogotá,Cundinamarca,2023-08-16,publicidad_pago
4813,Cartagena,Bolívar,2023-08-09,redes_sociales
4814,Cartagena,Bolívar,2024-01-05,redes_sociales
4815,Cali,Valle del Cauca,2023-11-07,publicidad_pago
4816,Ibagué,Tolima,2023-07-23,redes_sociales
4817,Medellín,Antioquia,2023-06-23,redes_sociales
4818,Bogotá,Cundinamarca,2023-10-08,orgánico
4819,Medellín,Antioquia,2023-02-11,redes_sociales
4820,Medellín,Antioquia,2023-04-13,redes_sociales
4821,Cartagena,Bolívar,2023-01-24,publicidad_pago
4822,Pereira,Risaralda,2023-03-26,orgánico
4823,Bucaramanga,Santander,2023-04-19,redes_sociales
4824,Bogotá,Cundinamarca,2023-02-11,publicidad_pago
4825,Medellín,Antioquia,2023-01-31,redes_sociales
4826,Bogotá,Cundinamarca,2024-03-24,publicidad_pago
4827,Cartagena,Bolívar,2023-04-10,orgánico
4828,Bogotá,Cundinamarca,2023-10-31,redes_sociales
4829,CALI,Valle del Cauca,2023-02-23,redes_sociales
4830,Ibagué,Tolima,2024-06-02,redes_sociales
4831, Cartagena ,Bolívar,2023-05-11,publicidad_pago
4832,Medellín,Antioquia,2024-02-14,orgánico
4833,Medellín,Antioquia,2023-12-17,redes_sociales
4834,Barranquilla,Atlántico,2024-02-25,orgánico
4835,Cali,Valle del Cauca,2023-12-11,redes_sociales
4836,Bogotá,Cundinamarca,2023-10-06,publicidad_pago
4837,Pereira,Risaralda,2024-02-27,orgánico
4838,Cali,Valle del Cauca,2024-03-22,redes_sociales
4839,Cali,Valle del Cauca,2023-07-27,redes_sociales
4840,Bogotá,Cundinamarca,2024-05-30,publicidad_pago
4841,Medellín,Antioquia,2024-06-24,orgánico
4842,,Antioquia,2024-01-30,redes_sociales
4843,BOGOTÁ,Cundinamarca,2024-05-23,publicidad_pago
4844,Cali,Valle del Cauca,2023-02-27,redes_sociales
4845,Cali,Valle del Cauca,2023-10-23,publicidad_pago
4846,Manizales,Caldas,2023-12-23,redes_sociales
4847,Cúcuta,Norte de Santander,2024-05-22,referido
4848,Bogotá,Cundinamarca,2023-03-07,orgánico
4849,Bogotá,Cundinamarca,2024-03-16,orgánico
4850,Ibagué,Tolima,2023-02-12,redes_sociales
4851,Santa Marta,Magdalena,2023-07-15,redes_sociales
4852,Pereira,Risaralda,2024-01-15,redes_sociales
4853,Bogotá,Cundinamarca,2023-06-09,orgánico
4854,Bogotá,Cundinamarca,2024-04-01,orgánico
4855,Bogotá,Cundinamarca,2024-05-23,publicidad_pago
4856,Ibagué,Tolima,2023-03-28,orgánico
4857,Barranquilla,Atlántico,2023-05-22,publicidad_pago
4858,Cali,Valle del Cauca,2023-02-10,redes_sociales
4859,Cali,Valle del Cauca,2024-01-24,orgánico
4860,Bogotá,Cundinamarca,2024-04-29,publicidad_pago
4861,Barranquilla,Atlántico,2023-11-26,publicidad_pago
4862,Bogotá,Cundinamarca,2023-03-14,publicidad_pago
4863,Barranquilla,Atlántico,2023-04-06,orgánico
4864,Bucaramanga,Santander,2023-01-20,redes_sociales
4865,Cartagena,Bolívar,2023-09-26,referido
4866,Medellín,Antioquia,2024-01-30,redes_sociales
4867,Ibagué,Tolima,2023-03-24,orgánico
4868,Cartagena,Bolívar,2024-04-08,orgánico
4869,Bogotá,Cundinamarca,2023-05-19,publicidad_pago
4870,Bogotá,Cundinamarca,2023-10-09,publicidad_pago
4871,Barranquilla,Atlántico,2024-01-01,referido
4872,Medellín,Antioquia,2023-10-23,referido
4873,Bogotá,Cundinamarca,2023-09-19,orgánico
4874,Bogotá,Cundinamarca,2023-07-04,redes_sociales
4875,Bogotá,Cundinamarca,2023-08-24,orgánico
4876,Cali,Valle del Cauca,2023-05-11,orgánico
4877,Barranquilla,Atlántico,2023-06-11,orgánico
4878,Bogotá,Cundinamarca,2024-02-18,referido
4879,Cartagena,Bolívar,2024-04-27,orgánico
4880,Medellín,Antioquia,2024-04-09,redes_sociales
4881,Medellín,Antioquia,2023-07-01,redes_sociales
4882,Bogotá,Cundinamarca,2023-06-25,orgánico
4883,IBAGUÉ,Tolima,2023-02-01,redes_sociales
4884,Neiva,Huila,2023-05-30,orgánico
4885,Cali,Valle del Cauca,2023-11-17,redes_sociales
4886,Bogotá,Cundinamarca,2023-05-27,redes_sociales
4887,Bogotá,Cundinamarca,2024-02-06,publicidad_pago
4888,Bogotá,Cundinamarca,2023-01-28,publicidad_pago
4889,Pereira,Risaralda,2023-08-14,publicidad_pago
4890,Bogotá,Cundinamarca,2023-06-03,redes_sociales
4891,Neiva,Huila,2023-09-28,orgánico
4892,Barranquilla,Atlántico,2023-01-15,redes_sociales
4893,Cali,Valle del Cauca,2023-08-18,referido
4894,Pereira,Risaralda,2024-03-07,orgánico
4895,Bogotá,Cundinamarca,2024-04-13,orgánico
4896,Bucaramanga,Santander,2023-05-20,referido
4897,Bogotá,Cundinamarca,2023-08-23,referido
4898,Pereira,Risaralda,2024-01-13,orgánico
4899,Cali,Valle del Cauca,2023-09-11,publicidad_pago
4900,Bogotá,Cundinamarca,2023-10-25,redes_sociales
4901,Pereira,Risaralda,2023-07-06,redes_sociales
4902,Bogotá,Cundinamarca,2024-04-03,redes_sociales
4903,Bogotá,Cundinamarca,2023-12-12,referido
4904,Ibagué,Tolima,2024-06-09,orgánico
4905,Cali,Valle del Cauca,2024-03-02,publicidad_pago
4906,Manizales,Caldas,2023-07-20,orgánico
4907,Barranquilla,Atlántico,2023-06-29,redes_sociales
4908,Barranquilla,Atlántico,2023-02-18,publicidad_pago
4909,Medellín,Antioquia,2023-12-07,publicidad_pago
4910,Bogotá,Cundinamarca,2024-02-15,referido
4911,Neiva,Huila,2023-07-13,publicidad_pago
4912,Bogotá,Cundinamarca,2023-01-12,publicidad_pago
4913,Cali,Valle del Cauca,2024-03-27,orgánico
4914,Bogotá,Cundinamarca,2023-05-02,referido
4915,Bogotá,Cundinamarca,2023-11-15,redes_sociales
4916, nan ,Atlántico,2023-01-30,redes_sociales
4917,Ibagué,Tolima,2023-02-04,redes_sociales
4918,Bucaramanga,Santander,2024-05-06,redes_sociales
4919,Pereira,Risaralda,2024-01-03,redes_sociales
4920,Medellín,Antioquia,2023-01-03,orgánico
4921,Cali,Valle del Cauca,2023-02-25,orgánico
4922,Bogotá,Cundinamarca,2023-09-27,referido
4923,Bucaramanga,Santander,2024-01-08,referido
4924,Medellín,Antioquia,2023-08-20,redes_sociales
4925,Cali,Valle del Cauca,2024-04-22,referido
4926,Bogotá,Cundinamarca,2023-12-24,redes_sociales
4927,Ibagué,Tolima,2023-12-02,redes_sociales
4928,Ibagué,Tolima,2023-06-08,referido
4929,Pereira,Risaralda,2024-01-09,redes_sociales
4930,Bogotá,Cundinamarca,2024-04-22,publicidad_pago
4931,Santa Marta,Magdalena,2023-01-27,redes_sociales
4932,Bogotá,Cundinamarca,2024-02-06,redes_sociales
4933,Medellín,Antioquia,2024-04-26,orgánico
4934,Bogotá,Cundinamarca,2023-08-25,referido
4935,Bogotá,Cundinamarca,2024-02-23,orgánico
4936,Cali,Valle del Cauca,2023-07-15,redes_sociales
4937,Bogotá,Cundinamarca,2023-04-16,orgánico
4938, Medellín ,Antioquia,2024-03-22,redes_sociales
4939,Barranquilla,Atlántico,2023-06-20,redes_sociales
4940,Pereira,Risaralda,2024-02-19,publicidad_pago
4941,Cartagena,Bolívar,2023-06-22,redes_sociales
4942,Barranquilla,Atlántico,2023-08-07,orgánico
4943,Bogotá,Cundinamarca,2024-01-10,orgánico
4944,Ibagué,Tolima,2023-07-06,orgánico
4945,BOGOTÁ,Cundinamarca,2024-03-17,publicidad_pago
4946,Bogotá,Cundinamarca,2023-01-22,publicidad_pago
4947,Bogotá,Cundinamarca,2023-01-07,orgánico
4948, Cartagena ,Bolívar,2023-02-14,redes_sociales
4949,Medellín,Antioquia,2023-05-21,orgánico
4950,Barranquilla,Atlántico,2023-01-30,publicidad_pago
4951,Medellín,Antioquia,2023-07-28,referido
4952,Medellín,Antioquia,2023-01-14,publicidad_pago
4953,Medellín,Antioquia,2024-02-18,orgánico
4954,Bogotá,Cundinamarca,2023-03-25,redes_sociales
4955,Medellín,Antioquia,2024-06-15,referido
4956,Barranquilla,Atlántico,2024-04-13,orgánico
4957,Cali,Valle del Cauca,2024-01-15,publicidad_pago
4958,Bogotá,Cundinamarca,2024-03-12,referido
4959,Cartagena,Bolívar,2024-02-28,publicidad_pago
4960,Medellín,Antioquia,2024-04-07,redes_sociales
4961,Bogotá,Cundinamarca,2023-10-31,redes_sociales
4962,Bogotá,Cundinamarca,2023-12-08,referido
4963,Cali,Valle del Cauca,2023-09-14,redes_sociales
4964,Medellín,Antioquia,2023-12-08,referido
4965,Cartagena,Bolívar,2023-07-28,redes_sociales
4966,Bogotá,Cundinamarca,2023-03-09,publicidad_pago
4967,Bucaramanga,Santander,2024-05-24,referido
4968,Medellín,Antioquia,2024-01-18,redes_sociales
4969, Barranquilla ,Atlántico,2024-01-21,orgánico
4970,Ibagué,Tolima,2023-06-03,orgánico
4971,Medellín,Antioquia,2024-02-26,publicidad_pago
4972,BOGOTÁ,Cundinamarca,2023-10-12,redes_sociales
4973,Cali,Valle del Cauca,2023-02-11,orgánico
4974,Santa Marta,Magdalena,2024-06-06,publicidad_pago
4975,Neiva,Huila,2024-06-26,referido
4976,Bogotá,Cundinamarca,2024-04-21,publicidad_pago
4977,Bucaramanga,Santander,2023-09-17,redes_sociales
4978,Medellín,Antioquia,2023-05-08,referido
4979,Bogotá,Cundinamarca,2023-01-07,publicidad_pago
4980,Cartagena,Bolívar,2024-02-07,orgánico
4981,Cali,Valle del Cauca,2024-05-02,referido
4982,Cali,Valle del Cauca,2023-02-26,redes_sociales
4983,Ibagué,Tolima,2024-01-10,referido
4984,Medellín,Antioquia,2023-01-15,publicidad_pago
4985,Cartagena,Bolívar,2024-02-29,redes_sociales
4986,Medellín,Antioquia,2023-01-16,orgánico
4987,Bogotá,Cundinamarca,2024-06-17,orgánico
4988,Medellín,Antioquia,2023-04-04,orgánico
4989,Neiva,Huila,2023-08-07,publicidad_pago
4990,Cali,Valle del Cauca,2024-01-16,publicidad_pago
4991,Bogotá,Cundinamarca,2024-04-07,orgánico
4992,Cartagena,Bolívar,2023-07-18,orgánico
4993,Neiva,Huila,2024-06-20,publicidad_pago
4994,Manizales,Caldas,2023-01-09,orgánico
4995,CALI,Valle del Cauca,2023-09-15,orgánico
4996,Medellín,Antioquia,2024-06-24,orgánico
4997,BARRANQUILLA,Atlántico,2023-05-30,redes_sociales
4998,Ibagué,Tolima,2023-10-19,redes_sociales
4999,Pereira,Risaralda,2023-09-01,publicidad_pago
5000,Ibagué,Tolima,2023-08-04,orgánico
5001,Medellín,Antioquia,2024-02-24,orgánico
5002,Bogotá,Cundinamarca,2023-10-11,publicidad_pago
5003,Cali,Valle del Cauca,2024-01-26,referido
5004,Bogotá,Cundinamarca,2023-10-12,redes_sociales
5005,Bogotá,Cundinamarca,2024-06-29,publicidad_pago
5006,Cali,Valle del Cauca,2023-09-15,publicidad_pago
5007,Barranquilla,Atlántico,2024-03-11,referido
5008,Pereira,Risaralda,2023-12-02,redes_sociales
5009,Ibagué,Tolima,2024-03-14,orgánico
5010,Pereira,Risaralda,2024-04-29,orgánico
5011,Bucaramanga,Santander,2023-05-04,publicidad_pago
5012,Cartagena,Bolívar,2023-06-15,publicidad_pago
5013,Bogotá,Cundinamarca,2023-06-14,redes_sociales
5014,Barranquilla,Atlántico,2023-09-24,orgánico
5015,Bogotá,Cundinamarca,2023-09-27,orgánico
5016,Bogotá,Cundinamarca,2023-01-02,redes_sociales
5017,Bogotá,Cundinamarca,2024-05-04,referido
5018,IBAGUÉ,Tolima,2024-04-15,redes_sociales
5019,Bucaramanga,Santander,2023-11-25,publicidad_pago
5020,Cúcuta,Norte de Santander,2023-06-17,redes_sociales
5021,Neiva,Huila,2024-03-28,publicidad_pago
5022,MANIZALES,Caldas,2023-05-29,publicidad_pago
5023,Bogotá,Cundinamarca,2023-06-17,orgánico
5024,Pereira,Risaralda,2024-06-29,publicidad_pago
5025,Pereira,Risaralda,2024-05-20,publicidad_pago
5026,Pereira,Risaralda,2023-11-16,referido
5027,Bogotá,Cundinamarca,2023-04-03,redes_sociales
5028,Bogotá,Cundinamarca,2023-03-09,orgánico
5029,Cúcuta,Norte de Santander,2024-06-11,redes_sociales
5030,Bogotá,Cundinamarca,2023-05-26,publicidad_pago
5031,Medellín,Antioquia,2024-01-08,orgánico
5032,Medellín,Antioquia,2023-07-13,referido
5033,Bogotá,Cundinamarca,2023-09-29,orgánico
5034,Bogotá,Cundinamarca,2024-06-23,referido
5035,Santa Marta,Magdalena,2023-11-21,redes_sociales
5036,Pereira,Risaralda,2023-08-24,orgánico
5037,Manizales,Caldas,2023-08-16,redes_sociales
5038,Medellín,Antioquia,2023-05-06,redes_sociales
5039,Bogotá,Cundinamarca,2023-11-01,publicidad_pago
5040,Medellín,Antioquia,2023-11-08,redes_sociales
5041,MEDELLÍN,Antioquia,2023-02-21,orgánico
5042,Bogotá,Cundinamarca,2023-08-10,referido
5043,Bucaramanga,Santander,2023-12-19,redes_sociales
5044,Santa Marta,Magdalena,2023-01-31,orgánico
5045,Cali,Valle del Cauca,2024-06-18,publicidad_pago
5046,Medellín,Antioquia,2024-04-15,orgánico
5047,Medellín,Antioquia,2023-12-15,orgánico
5048,Bogotá,Cundinamarca,2023-01-09,redes_sociales
5049,Bogotá,Cundinamarca,2023-10-11,redes_sociales
5050,Cali,Valle del Cauca,2024-05-06,redes_sociales
5051,Medellín,Antioquia,2023-01-13,referido
5052,Cali,Valle del Cauca,2024-03-09,orgánico
5053,Pereira,Risaralda,2024-04-04,referido
5054,Bogotá,Cundinamarca,2023-02-11,orgánico
5055,Bogotá,Cundinamarca,2023-05-07,orgánico
5056,Bogotá,Cundinamarca,2024-01-31,orgánico
5057,Bogotá,Cundinamarca,2024-05-13,orgánico
5058,Cali,Valle del Cauca,2024-02-26,redes_sociales
5059,Ibagué,Tolima,2023-10-15,publicidad_pago
5060,Manizales,Caldas,2023-11-26,publicidad_pago
5061, Barranquilla ,Atlántico,2023-10-15,publicidad_pago
5062,Medellín,Antioquia,2023-11-12,orgánico
5063,Bogotá,Cundinamarca,2024-02-26,publicidad_pago
5064,Medellín,Antioquia,2023-01-28,redes_sociales
5065,Medellín,Antioquia,2023-04-25,publicidad_pago
5066,Pereira,Risaralda,2023-02-02,publicidad_pago
5067,CALI,Valle del Cauca,2024-03-11,orgánico
5068,Bogotá,Cundinamarca,2024-02-02,redes_sociales
5069,Medellín,Antioquia,2023-01-30,referido
5070,Bogotá,Cundinamarca,2023-02-27,orgánico
5071,Manizales,Caldas,2023-05-25,publicidad_pago
5072,Bogotá,Cundinamarca,2023-05-13,referido
5073,Bogotá,Cundinamarca,2023-10-12,redes_sociales
5074,Bogotá,Cundinamarca,2023-09-30,redes_sociales
5075,Ibagué,Tolima,2023-07-15,redes_sociales
5076,Cali,Valle del Cauca,2023-03-31,publicidad_pago
5077,Barranquilla,Atlántico,2023-12-22,redes_sociales
5078,Medellín,Antioquia,2024-03-08,redes_sociales
5079,Bogotá,Cundinamarca,2023-12-17,orgánico
5080,Pereira,Risaralda,2024-03-17,referido
5081,,Cundinamarca,2024-05-14,publicidad_pago
5082,Bogotá,Cundinamarca,2024-04-05,redes_sociales
5083,CALI,Valle del Cauca,2023-12-23,referido
5084,Bogotá,Cundinamarca,2023-01-28,publicidad_pago
5085,Bogotá,Cundinamarca,2023-07-02,referido
5086,Ibagué,Tolima,2023-08-23,orgánico
5087,Cali,Valle del Cauca,2024-01-25,orgánico
5088,Bogotá,Cundinamarca,2024-04-08,publicidad_pago
5089,Medellín,Antioquia,2023-12-17,redes_sociales
5090,Bucaramanga,Santander,2023-07-18,redes_sociales
5091,Bogotá,Cundinamarca,2024-03-06,publicidad_pago
5092,Bogotá,Cundinamarca,2024-01-16,redes_sociales
5093,Barranquilla,Atlántico,2024-03-12,orgánico
5094,Barranquilla,Atlántico,2023-11-19,redes_sociales
5095,Neiva,Huila,2023-12-20,redes_sociales
5096,Medellín,Antioquia,2023-07-09,orgánico
5097,Bogotá,Cundinamarca,2023-08-07,orgánico
5098,Cali,Valle del Cauca,2023-06-01,redes_sociales
5099,Barranquilla,Atlántico,2023-05-21,publicidad_pago
5100,Bogotá,Cundinamarca,2023-12-24,redes_sociales
5101,Cali,Valle del Cauca,2023-07-29,redes_sociales
5102,Bogotá,Cundinamarca,2023-03-15,publicidad_pago
5103,Pereira,Risaralda,2023-01-20,orgánico
5104,Pereira,Risaralda,2024-04-15,redes_sociales
5105,Medellín,Antioquia,2023-08-27,orgánico
5106,Neiva,Huila,2023-11-12,publicidad_pago
5107,Neiva,Huila,2024-05-09,orgánico
5108,Bogotá,Cundinamarca,2023-03-02,redes_sociales
5109,Medellín,Antioquia,2024-05-27,redes_sociales
5110,Barranquilla,Atlántico,2024-01-20,publicidad_pago
5111,Bogotá,Cundinamarca,2023-12-17,publicidad_pago
5112,Medellín,Antioquia,2023-08-24,referido
5113,Bogotá,Cundinamarca,2024-01-22,publicidad_pago
5114,Neiva,Huila,2023-04-22,orgánico
5115,Medellín,Antioquia,2023-06-15,orgánico
5116,Bucaramanga,Santander,2024-06-09,orgánico
5117,Medellín,Antioquia,2023-05-31,orgánico
5118,Bogotá,Cundinamarca,2024-01-29,orgánico
5119,Pereira,Risaralda,2024-05-23,redes_sociales
5120,Bogotá,Cundinamarca,2023-11-21,publicidad_pago
5121,Bogotá,Cundinamarca,2023-06-12,publicidad_pago
5122,Medellín,Antioquia,2024-04-09,orgánico
5123,Cartagena,Bolívar,2024-03-27,redes_sociales
5124,Medellín,Antioquia,2023-10-25,orgánico
5125,Bogotá,Cundinamarca,2023-03-04,redes_sociales
5126,Medellín,Antioquia,2023-08-30,redes_sociales
5127,Bogotá,Cundinamarca,2023-08-25,orgánico
5128,Bogotá,Cundinamarca,2023-04-14,orgánico
5129,Cali,Valle del Cauca,2023-08-08,referido
5130,Bogotá,Cundinamarca,2023-03-25,redes_sociales
5131,,Antioquia,2024-01-14,redes_sociales
5132,Barranquilla,Atlántico,2023-08-25,orgánico
5133,Bucaramanga,Santander,2024-02-04,orgánico
5134,Bogotá,Cundinamarca,2023-09-07,redes_sociales
5135,Medellín,Antioquia,2024-01-26,referido
5136,Bogotá,Cundinamarca,2024-02-06,orgánico
5137,Neiva,Huila,2023-03-29,orgánico
5138,Bogotá,Cundinamarca,2023-08-30,referido
5139,Bogotá,Cundinamarca,2024-02-15,redes_sociales
5140,Medellín,Antioquia,2023-11-21,orgánico
5141,BOGOTÁ,Cundinamarca,2023-05-02,redes_sociales
5142,Bogotá,Cundinamarca,2024-03-31,redes_sociales
5143,Bogotá,Cundinamarca,2023-04-20,referido
5144,Barranquilla,Atlántico,2024-06-27,orgánico
5145,Barranquilla,Atlántico,2024-01-22,publicidad_pago
5146,Barranquilla,Atlántico,2023-06-26,orgánico
5147,Bucaramanga,Santander,2023-04-17,publicidad_pago
5148,Medellín,Antioquia,2024-05-08,publicidad_pago
5149,Manizales,Caldas,2023-10-14,publicidad_pago
5150,Bucaramanga,Santander,2024-03-16,publicidad_pago
5151,Ibagué,Tolima,2024-03-30,publicidad_pago
5152,Bucaramanga,Santander,2023-02-07,orgánico
5153,Medellín,Antioquia,2024-01-10,orgánico
5154,Medellín,Antioquia,2023-07-02,orgánico
5155,Medellín,Antioquia,2024-05-11,redes_sociales
5156,Bogotá,Cundinamarca,2023-04-30,orgánico
5157,Medellín,Antioquia,2023-01-19,publicidad_pago
5158,Bogotá,Cundinamarca,2023-12-30,publicidad_pago
5159,Bogotá,Cundinamarca,2023-10-29,referido
5160,Cúcuta,Norte de Santander,2023-10-31,redes_sociales
5161,Cartagena,Bolívar,2023-05-25,publicidad_pago
5162,Cali,Valle del Cauca,2023-09-28,publicidad_pago
5163,Medellín,Antioquia,2024-06-11,referido
5164,Cali,Valle del Cauca,2024-02-22,publicidad_pago
5165,Manizales,Caldas,2024-06-22,orgánico
5166,Barranquilla,Atlántico,2023-07-02,orgánico
5167,Barranquilla,Atlántico,2024-04-21,referido
5168,Cali,Valle del Cauca,2023-07-29,publicidad_pago
5169,Medellín,Antioquia,2024-05-26,publicidad_pago
5170,Cartagena,Bolívar,2024-04-18,publicidad_pago
5171,Santa Marta,Magdalena,2023-04-01,publicidad_pago
5172,Medellín,Antioquia,2024-06-15,publicidad_pago
5173,Medellín,Antioquia,2023-11-29,referido
5174,Medellín,Antioquia,2024-02-29,referido
5175,Medellín,Antioquia,2023-11-13,redes_sociales
5176,Santa Marta,Magdalena,2023-04-29,orgánico
5177,Cartagena,Bolívar,2024-06-22,orgánico
5178,Medellín,Antioquia,2023-03-03,redes_sociales
5179,Medellín,Antioquia,2024-03-18,publicidad_pago
5180,Medellín,Antioquia,2023-04-25,publicidad_pago
5181,Bogotá,Cundinamarca,2024-03-05,redes_sociales
5182,Cali,Valle del Cauca,2023-08-20,orgánico
5183,Ibagué,Tolima,2023-05-10,redes_sociales
5184,Cartagena,Bolívar,2023-05-10,publicidad_pago
5185,Bogotá,Cundinamarca,2023-06-24,redes_sociales
5186,Bucaramanga,Santander,2024-05-07,orgánico
5187,Cartagena,Bolívar,2024-02-25,redes_sociales
5188,Bogotá,Cundinamarca,2024-01-02,redes_sociales
5189,Barranquilla,Atlántico,2023-12-11,redes_sociales
5190,Barranquilla,Atlántico,2023-08-16,publicidad_pago
5191,Pereira,Risaralda,2024-05-08,referido
5192,Bogotá,Cundinamarca,2023-05-30,orgánico
5193,Bogotá,Cundinamarca,2024-05-30,orgánico
5194,Cali,Valle del Cauca,2023-07-28,redes_sociales
5195,Bogotá,Cundinamarca,2023-07-06,orgánico
5196,Medellín,Antioquia,2023-09-18,redes_sociales
5197,Ibagué,Tolima,2024-02-14,orgánico
5198,Bogotá,Cundinamarca,2024-01-26,orgánico
5199, Medellín ,Antioquia,2024-02-24,publicidad_pago
5200,Santa Marta,Magdalena,2023-02-18,orgánico
5201,Cali,Valle del Cauca,2023-03-30,publicidad_pago
5202,Cali,Valle del Cauca,2024-04-09,orgánico
5203,Cali,Valle del Cauca,2024-06-20,orgánico
5204,Bogotá,Cundinamarca,2023-03-11,orgánico
5205,BOGOTÁ,Cundinamarca,2024-05-09,orgánico
5206,Cartagena,Bolívar,2023-05-24,redes_sociales
5207,Medellín,Antioquia,2024-06-19,publicidad_pago
5208,Medellín,Antioquia,2024-06-27,referido
5209,Bogotá,Cundinamarca,2023-12-15,orgánico
5210,Pereira,Risaralda,2023-04-15,orgánico
5211,Bogotá,Cundinamarca,2024-03-07,orgánico
5212,Bucaramanga,Santander,2023-02-25,publicidad_pago
5213,Medellín,Antioquia,2023-07-02,orgánico
5214,Barranquilla,Atlántico,2023-12-16,orgánico
5215,Bogotá,Cundinamarca,2023-02-06,publicidad_pago
5216,,Cundinamarca,2023-08-04,publicidad_pago
5217,Cali,Valle del Cauca,2024-03-12,publicidad_pago
5218,Cartagena,Bolívar,2023-02-20,orgánico
5219,Bogotá,Cundinamarca,2023-07-20,redes_sociales
5220,Medellín,Antioquia,2023-01-03,orgánico
5221,Medellín,Antioquia,2023-12-27,publicidad_pago
5222,Bogotá,Cundinamarca,2023-02-13,publicidad_pago
5223,Cali,Valle del Cauca,2023-06-03,orgánico
5224,Bogotá,Cundinamarca,2023-10-13,publicidad_pago
5225,Cali,Valle del Cauca,2023-04-28,redes_sociales
5226,Bogotá,Cundinamarca,2023-05-07,publicidad_pago
5227,Cali,Valle del Cauca,2024-04-01,orgánico
5228,Medellín,Antioquia,2024-03-01,redes_sociales
5229,Medellín,Antioquia,2023-02-14,orgánico
5230,Medellín,Antioquia,2024-04-14,publicidad_pago
5231,Manizales,Caldas,2023-09-14,orgánico
5232,,Valle del Cauca,2023-03-21,orgánico
5233,Ibagué,Tolima,2024-05-10,publicidad_pago
5234,Bogotá,Cundinamarca,2023-07-04,publicidad_pago
5235,Medellín,Antioquia,2023-06-28,redes_sociales
5236, Bogotá ,Cundinamarca,2023-03-22,publicidad_pago
5237,Medellín,Antioquia,2024-04-29,publicidad_pago
5238,Cartagena,Bolívar,2023-06-06,redes_sociales
5239,Pereira,Risaralda,2023-11-21,orgánico
5240,Cali,Valle del Cauca,2023-05-11,orgánico
5241,BARRANQUILLA,Atlántico,2024-05-04,redes_sociales
5242,Bogotá,Cundinamarca,2024-03-06,orgánico
5243,Bogotá,Cundinamarca,2023-10-03,redes_sociales
5244,Ibagué,Tolima,2023-07-08,redes_sociales
5245,Bogotá,Cundinamarca,2023-12-25,orgánico
5246,Bogotá,Cundinamarca,2023-09-29,publicidad_pago
5247,Cúcuta,Norte de Santander,2024-05-29,publicidad_pago
5248,Neiva,Huila,2024-01-04,redes_sociales
5249,Barranquilla,Atlántico,2023-01-15,referido
5250,Medellín,Antioquia,2024-03-25,orgánico
5251,Pereira,Risaralda,2023-04-16,orgánico
5252,Bogotá,Cundinamarca,2023-06-14,orgánico
5253,Medellín,Antioquia,2023-08-27,redes_sociales
5254,Medellín,Antioquia,2023-04-25,orgánico
5255,Manizales,Caldas,2024-05-30,publicidad_pago
5256,Manizales,Caldas,2024-06-19,orgánico
5257,Barranquilla,Atlántico,2023-03-27,redes_sociales
5258,Bogotá,Cundinamarca,2023-06-25,redes_sociales
5259,Cali,Valle del Cauca,2023-07-22,orgánico
5260,Bogotá,Cundinamarca,2024-01-03,publicidad_pago
5261,Manizales,Caldas,2023-11-23,publicidad_pago
5262,Bogotá,Cundinamarca,2024-01-06,publicidad_pago
5263,Bogotá,Cundinamarca,2023-01-17,redes_sociales
5264,Cartagena,Bolívar,2023-10-09,redes_sociales
5265,,Antioquia,2023-04-26,redes_sociales
5266,Pereira,Risaralda,2023-05-05,publicidad_pago
5267,Bogotá,Cundinamarca,2024-02-28,redes_sociales
5268,Ibagué,Tolima,2023-03-19,redes_sociales
5269,Bogotá,Cundinamarca,2023-01-18,orgánico
5270,Bogotá,Cundinamarca,2023-09-24,publicidad_pago
5271,Cali,Valle del Cauca,2024-02-07,orgánico
5272,Bogotá,Cundinamarca,2023-10-07,referido
5273,Barranquilla,Atlántico,2023-03-30,orgánico
5274,Bogotá,Cundinamarca,2024-02-28,redes_sociales
5275,Bogotá,Cundinamarca,2023-07-28,orgánico
5276,Bucaramanga,Santander,2024-01-24,orgánico
5277,Bogotá,Cundinamarca,2023-04-21,orgánico
5278,Barranquilla,Atlántico,2024-05-13,publicidad_pago
5279,Bucaramanga,Santander,2023-06-05,orgánico
5280,Bogotá,Cundinamarca,2024-06-15,orgánico
5281,Bucaramanga,Santander,2023-07-26,orgánico
5282,Bogotá,Cundinamarca,2024-02-03,orgánico
5283,Medellín,Antioquia,2023-10-02,referido
5284,BOGOTÁ,Cundinamarca,2023-02-11,redes_sociales
5285,Pereira,Risaralda,2023-02-23,publicidad_pago
5286,Cali,Valle del Cauca,2023-08-10,redes_sociales
5287,Cali,Valle del Cauca,2023-04-16,redes_sociales
5288,Neiva,Huila,2023-11-30,publicidad_pago
5289,Medellín,Antioquia,2023-03-17,orgánico
5290,Manizales,Caldas,2023-11-19,publicidad_pago
5291,Cartagena,Bolívar,2023-04-23,redes_sociales
5292,Cúcuta,Norte de Santander,2023-04-10,redes_sociales
5293,MANIZALES,Caldas,2023-07-20,referido
5294,Santa Marta,Magdalena,2023-11-15,orgánico
5295,,Cundinamarca,2023-08-07,referido
5296,Ibagué,Tolima,2023-07-11,referido
5297,Ibagué,Tolima,2023-07-06,orgánico
5298,Barranquilla,Atlántico,2023-07-05,orgánico
5299,Bogotá,Cundinamarca,2023-08-09,publicidad_pago
5300,Neiva,Huila,2024-04-01,orgánico
5301,Bogotá,Cundinamarca,2023-11-13,publicidad_pago
5302,Cali,Valle del Cauca,2023-08-19,orgánico
5303,Cali,Valle del Cauca,2024-02-14,orgánico
5304,Bogotá,Cundinamarca,2023-10-16,redes_sociales
5305,Bucaramanga,Santander,2024-06-03,publicidad_pago
5306,Bogotá,Cundinamarca,2023-11-04,publicidad_pago
5307,Cartagena,Bolívar,2023-04-29,redes_sociales
5308,Pereira,Risaralda,2023-11-04,orgánico
5309,Medellín,Antioquia,2024-02-28,redes_sociales
5310,Cartagena,Bolívar,2023-04-27,orgánico
5311,Bogotá,Cundinamarca,2023-04-21,orgánico
5312,Pereira,Risaralda,2023-11-24,orgánico
5313,Neiva,Huila,2024-04-28,redes_sociales
5314,Bogotá,Cundinamarca,2023-07-03,orgánico
5315,Cartagena,Bolívar,2023-10-05,orgánico
5316,CALI,Valle del Cauca,2023-12-25,publicidad_pago
5317,Cali,Valle del Cauca,2023-12-29,orgánico
5318,Cartagena,Bolívar,2023-03-21,referido
5319,Cali,Valle del Cauca,2023-08-05,redes_sociales
5320,Barranquilla,Atlántico,2024-06-27,orgánico
5321,Bogotá,Cundinamarca,2024-05-01,publicidad_pago
5322,Medellín,Antioquia,2024-02-27,redes_sociales
5323,Pereira,Risaralda,2023-01-14,publicidad_pago
5324,Bogotá,Cundinamarca,2023-08-17,redes_sociales
5325,Barranquilla,Atlántico,2023-01-28,redes_sociales
5326,Bogotá,Cundinamarca,2023-06-14,publicidad_pago
5327,Pereira,Risaralda,2024-04-18,redes_sociales
5328,Cali,Valle del Cauca,2023-08-01,redes_sociales
5329,Medellín,Antioquia,2023-04-03,orgánico
5330,Bogotá,Cundinamarca,2024-01-30,orgánico
5331,Medellín,Antioquia,2024-02-20,orgánico
5332,Neiva,Huila,2023-12-25,publicidad_pago
5333,Cali,Valle del Cauca,2024-03-18,orgánico
5334,Cali,Valle del Cauca,2024-01-20,referido
5335,Bucaramanga,Santander,2023-12-14,orgánico
5336,Medellín,Antioquia,2024-05-01,redes_sociales
5337,Medellín,Antioquia,2023-06-27,orgánico
5338,Medellín,Antioquia,2023-09-07,publicidad_pago
5339,Bogotá,Cundinamarca,2023-11-05,publicidad_pago
5340,Cartagena,Bolívar,2024-01-02,redes_sociales
5341,Pereira,Risaralda,2023-09-18,redes_sociales
5342,Manizales,Caldas,2023-08-30,publicidad_pago
5343,Manizales,Caldas,2023-04-01,orgánico
5344,Medellín,Antioquia,2023-12-16,redes_sociales
5345,Medellín,Antioquia,2023-03-09,publicidad_pago
5346,Barranquilla,Atlántico,2023-09-17,orgánico
5347,Neiva,Huila,2023-08-12,publicidad_pago
5348,Bucaramanga,Santander,2024-02-29,publicidad_pago
5349,Cali,Valle del Cauca,2023-09-18,orgánico
5350,Cartagena,Bolívar,2023-01-03,orgánico
5351,Bucaramanga,Santander,2023-10-04,redes_sociales
5352,Manizales,Caldas,2023-04-28,publicidad_pago
5353,Bucaramanga,Santander,2023-07-27,redes_sociales
5354,Medellín,Antioquia,2023-06-12,redes_sociales
5355,Bogotá,Cundinamarca,2023-04-02,orgánico
5356,Cali,Valle del Cauca,2024-06-01,orgánico
5357,Medellín,Antioquia,2023-05-19,orgánico
5358,Cúcuta,Norte de Santander,2023-10-05,orgánico
5359,Cali,Valle del Cauca,2024-03-28,orgánico
5360,Cali,Valle del Cauca,2023-07-19,orgánico
5361,Medellín,Antioquia,2024-05-27,redes_sociales
5362,Barranquilla,Atlántico,2023-08-10,redes_sociales
5363,Cali,Valle del Cauca,2024-06-01,orgánico
5364,BOGOTÁ,Cundinamarca,2023-09-05,redes_sociales
5365,Pereira,Risaralda,2023-01-08,orgánico
5366,Medellín,Antioquia,2024-04-19,redes_sociales
5367,Medellín,Antioquia,2024-04-17,referido
5368,Bogotá,Cundinamarca,2024-06-10,redes_sociales
5369,Cali,Valle del Cauca,2023-03-09,orgánico
5370,Cartagena,Bolívar,2024-04-06,orgánico
5371,Manizales,Caldas,2023-07-06,publicidad_pago
5372,Bogotá,Cundinamarca,2024-04-05,orgánico
5373,Neiva,Huila,2024-06-11,referido
5374,Cartagena,Bolívar,2023-04-19,redes_sociales
5375,Medellín,Antioquia,2023-07-23,orgánico
5376,Bogotá,Cundinamarca,2023-05-27,redes_sociales
5377,Medellín,Antioquia,2023-06-16,publicidad_pago
5378,Pereira,Risaralda,2023-11-23,redes_sociales
5379,Medellín,Antioquia,2023-08-14,referido
5380,Cali,Valle del Cauca,2023-12-25,referido
5381,Cartagena,Bolívar,2024-01-04,orgánico
5382, Pereira ,Risaralda,2023-04-21,orgánico
5383,Barranquilla,Atlántico,2023-01-25,orgánico
5384,Bucaramanga,Santander,2024-02-13,redes_sociales
5385, Bogotá ,Cundinamarca,2023-04-10,redes_sociales
5386,Pereira,Risaralda,2023-04-20,orgánico
5387,Bogotá,Cundinamarca,2023-11-25,referido
5388,Bogotá,Cundinamarca,2023-05-24,orgánico
5389,Neiva,Huila,2023-04-14,publicidad_pago
5390,Bogotá,Cundinamarca,2023-06-17,publicidad_pago
5391,Bogotá,Cundinamarca,2023-10-13,orgánico
5392,Barranquilla,Atlántico,2024-04-07,orgánico
5393,Medellín,Antioquia,2024-06-24,orgánico
5394,Bogotá,Cundinamarca,2024-02-05,referido
5395,Barranquilla,Atlántico,2024-05-06,redes_sociales
5396,Bucaramanga,Santander,2023-10-18,publicidad_pago
5397,Ibagué,Tolima,2023-08-12,redes_sociales
5398,Bogotá,Cundinamarca,2024-03-24,redes_sociales
5399,Cali,Valle del Cauca,2023-06-15,referido
5400, Ibagué ,Tolima,2024-03-20,redes_sociales
5401,Bogotá,Cundinamarca,2024-06-30,publicidad_pago
5402,Bogotá,Cundinamarca,2023-08-02,redes_sociales
5403,Bogotá,Cundinamarca,2023-12-13,orgánico
5404,Cali,Valle del Cauca,2024-03-03,orgánico
5405, Bogotá ,Cundinamarca,2024-03-04,orgánico
5406,Bucaramanga,Santander,2023-04-23,publicidad_pago
5407,Neiva,Huila,2024-06-10,redes_sociales
5408,Bogotá,Cundinamarca,2023-10-03,redes_sociales
5409,Barranquilla,Atlántico,2023-01-23,orgánico
5410,Bogotá,Cundinamarca,2023-03-06,redes_sociales
5411,Bogotá,Cundinamarca,2024-02-02,publicidad_pago
5412,BUCARAMANGA,Santander,2023-08-22,redes_sociales
5413,Medellín,Antioquia,2023-03-01,referido
5414,Cúcuta,Norte de Santander,2023-10-12,orgánico
5415,Cali,Valle del Cauca,2023-11-24,orgánico
5416,Bogotá,Cundinamarca,2023-02-13,redes_sociales
5417,Medellín,Antioquia,2023-07-11,orgánico
5418,,Cundinamarca,2023-09-11,publicidad_pago
5419,Pereira,Risaralda,2024-03-02,publicidad_pago
5420,Cartagena,Bolívar,2023-12-23,orgánico
5421,Medellín,Antioquia,2023-02-17,referido
5422,Cali,Valle del Cauca,2023-12-02,orgánico
5423, Cartagena ,Bolívar,2024-05-08,publicidad_pago
5424,Ibagué,Tolima,2023-01-30,redes_sociales
5425,Bogotá,Cundinamarca,2024-06-23,publicidad_pago
5426,Bogotá,Cundinamarca,2023-02-22,orgánico
5427, Bogotá ,Cundinamarca,2023-12-07,referido
5428,Medellín,Antioquia,2023-07-12,referido
5429,Cali,Valle del Cauca,2024-02-04,redes_sociales
5430,Bogotá,Cundinamarca,2024-04-05,redes_sociales
5431,Medellín,Antioquia,2024-04-10,redes_sociales
5432,Medellín,Antioquia,2024-04-20,redes_sociales
5433,Bogotá,Cundinamarca,2024-03-22,redes_sociales
5434,Manizales,Caldas,2023-06-19,redes_sociales
5435,Barranquilla,Atlántico,2023-09-12,publicidad_pago
5436,Medellín,Antioquia,2024-01-29,redes_sociales
5437,Cali,Valle del Cauca,2023-04-03,orgánico
5438,Medellín,Antioquia,2023-11-12,referido
5439,Pereira,Risaralda,2023-10-18,orgánico
5440,Cali,Valle del Cauca,2024-06-21,orgánico
5441,Cali,Valle del Cauca,2023-01-28,referido
5442,Manizales,Caldas,2023-02-21,orgánico
5443,Pereira,Risaralda,2023-01-17,orgánico
5444,Ibagué,Tolima,2023-10-27,redes_sociales
5445,Bogotá,Cundinamarca,2023-10-29,publicidad_pago
5446,Bogotá,Cundinamarca,2023-11-21,orgánico
5447,Cartagena,Bolívar,2023-05-13,redes_sociales
5448,Cali,Valle del Cauca,2023-06-18,orgánico
5449,,Bolívar,2023-08-17,redes_sociales
5450,Bucaramanga,Santander,2023-01-26,orgánico
5451,Medellín,Antioquia,2024-02-16,orgánico
5452,MEDELLÍN,Antioquia,2023-01-29,referido
5453,Cali,Valle del Cauca,2023-12-31,redes_sociales
5454,Bogotá,Cundinamarca,2023-09-06,publicidad_pago
5455,Cartagena,Bolívar,2024-06-30,referido
5456,Bucaramanga,Santander,2024-01-14,referido
5457,Cali,Valle del Cauca,2023-09-18,publicidad_pago
5458,Bucaramanga,Santander,2024-01-18,orgánico
5459,Cali,Valle del Cauca,2023-03-06,publicidad_pago
5460,Cartagena,Bolívar,2023-04-09,redes_sociales
5461,Bogotá,Cundinamarca,2023-09-30,orgánico
5462,Bucaramanga,Santander,2024-04-14,redes_sociales
5463,Cartagena,Bolívar,2024-03-24,orgánico
5464,Bogotá,Cundinamarca,2023-07-26,redes_sociales
5465,Cali,Valle del Cauca,2023-06-05,publicidad_pago
5466,Pereira,Risaralda,2024-06-11,redes_sociales
5467,Bogotá,Cundinamarca,2023-11-06,orgánico
5468,Bucaramanga,Santander,2023-03-06,orgánico
5469,Neiva,Huila,2023-05-04,publicidad_pago
5470,Pereira,Risaralda,2024-04-02,redes_sociales
5471,Medellín,Antioquia,2024-05-06,redes_sociales
5472,Barranquilla,Atlántico,2024-05-11,publicidad_pago
5473,Santa Marta,Magdalena,2023-01-04,publicidad_pago
5474,Cali,Valle del Cauca,2024-03-26,redes_sociales
5475,Bogotá,Cundinamarca,2023-03-03,redes_sociales
5476,Bogotá,Cundinamarca,2024-03-18,orgánico
5477,Ibagué,Tolima,2024-04-27,referido
5478,Medellín,Antioquia,2023-07-17,redes_sociales
5479,Bogotá,Cundinamarca,2023-04-16,publicidad_pago
5480,Medellín,Antioquia,2024-01-26,orgánico
5481,Bucaramanga,Santander,2023-02-07,redes_sociales
5482,Cali,Valle del Cauca,2023-11-13,redes_sociales
5483,Pereira,Risaralda,2023-07-01,redes_sociales
5484,Bucaramanga,Santander,2023-08-21,publicidad_pago
5485,Neiva,Huila,2024-03-27,publicidad_pago
5486,Manizales,Caldas,2024-06-27,orgánico
5487,Bogotá,Cundinamarca,2023-08-08,publicidad_pago
5488,Barranquilla,Atlántico,2023-06-08,orgánico
5489,Bogotá,Cundinamarca,2024-04-01,redes_sociales
5490,Santa Marta,Magdalena,2023-08-14,orgánico
5491,Bogotá,Cundinamarca,2023-04-20,orgánico
5492,Cartagena,Bolívar,2024-05-08,publicidad_pago
5493,Pereira,Risaralda,2024-06-26,orgánico
5494,Bogotá,Cundinamarca,2023-06-08,referido
5495,Pereira,Risaralda,2023-03-28,orgánico
5496,Bogotá,Cundinamarca,2023-03-25,publicidad_pago
5497,Medellín,Antioquia,2023-11-24,orgánico
5498,Cali,Valle del Cauca,2023-06-19,redes_sociales
5499,Medellín,Antioquia,2023-12-07,referido
5500,Barranquilla,Atlántico,2024-02-20,redes_sociales
5501,Manizales,Caldas,2023-01-04,redes_sociales
5502,Medellín,Antioquia,2024-04-15,publicidad_pago
5503,CALI,Valle del Cauca,2023-01-16,publicidad_pago
5504,Pereira,Risaralda,2023-03-04,orgánico
5505,Bucaramanga,Santander,2024-02-01,publicidad_pago
5506,Bogotá,Cundinamarca,2023-12-07,publicidad_pago
5507,Cúcuta,Norte de Santander,2024-06-19,publicidad_pago
5508,Bogotá,Cundinamarca,2023-11-07,orgánico
5509,Barranquilla,Atlántico,2023-08-17,redes_sociales
5510,Cali,Valle del Cauca,2024-01-01,referido
5511,Ibagué,Tolima,2024-02-21,redes_sociales
5512,Bogotá,Cundinamarca,2024-01-03,redes_sociales
5513,Bogotá,Cundinamarca,2023-07-22,referido
5514,Bucaramanga,Santander,2024-06-08,orgánico
5515,Bogotá,Cundinamarca,2023-06-14,redes_sociales
5516,Cali,Valle del Cauca,2023-07-09,publicidad_pago
5517,Bucaramanga,Santander,2023-06-01,publicidad_pago
5518,Barranquilla,Atlántico,2023-06-13,referido
5519,BOGOTÁ,Cundinamarca,2023-04-27,publicidad_pago
5520,Medellín,Antioquia,2023-11-14,orgánico
5521,Neiva,Huila,2024-02-03,redes_sociales
5522,Medellín,Antioquia,2023-08-23,orgánico
5523,Bogotá,Cundinamarca,2024-05-19,referido
5524,Bogotá,Cundinamarca,2023-09-17,orgánico
5525,Medellín,Antioquia,2023-09-13,redes_sociales
5526,Santa Marta,Magdalena,2023-02-07,redes_sociales
5527, Medellín ,Antioquia,2024-05-09,orgánico
5528,Bogotá,Cundinamarca,2023-03-23,orgánico
5529,Cali,Valle del Cauca,2023-03-31,redes_sociales
5530,Bogotá,Cundinamarca,2024-05-26,orgánico
5531,Bogotá,Cundinamarca,2023-10-12,referido
5532,Santa Marta,Magdalena,2023-02-07,referido
5533,Cartagena,Bolívar,2023-08-30,orgánico
5534,Bogotá,Cundinamarca,2023-11-19,publicidad_pago
5535,Medellín,Antioquia,2023-01-06,orgánico
5536,Bogotá,Cundinamarca,2024-02-17,orgánico
5537,Bogotá,Cundinamarca,2024-01-01,orgánico
5538,Barranquilla,Atlántico,2023-01-07,publicidad_pago
5539,Cali,Valle del Cauca,2023-12-05,publicidad_pago
5540,Bucaramanga,Santander,2023-05-02,orgánico
5541,Manizales,Caldas,2024-02-06,publicidad_pago
5542,Bogotá,Cundinamarca,2023-07-26,publicidad_pago
5543,Cúcuta,Norte de Santander,2023-04-21,publicidad_pago
5544,Cali,Valle del Cauca,2023-10-05,redes_sociales
5545,Bogotá,Cundinamarca,2023-08-31,publicidad_pago
5546,Pereira,Risaralda,2023-07-06,redes_sociales
5547,Bogotá,Cundinamarca,2024-04-25,orgánico
5548,Cali,Valle del Cauca,2023-12-22,publicidad_pago
5549,Bucaramanga,Santander,2023-09-24,orgánico
5550,Bogotá,Cundinamarca,2023-05-04,publicidad_pago
5551,Pereira,Risaralda,2023-11-08,publicidad_pago
5552,Bogotá,Cundinamarca,2023-01-14,orgánico
5553,Pereira,Risaralda,2024-04-28,orgánico
5554,Bogotá,Cundinamarca,2023-01-01,publicidad_pago
5555,Bogotá,Cundinamarca,2024-01-18,publicidad_pago
5556,Medellín,Antioquia,2023-07-08,publicidad_pago
5557,Pereira,Risaralda,2024-01-29,redes_sociales
5558,Bogotá,Cundinamarca,2023-07-17,orgánico
5559,PEREIRA,Risaralda,2023-01-15,orgánico
5560,Bogotá,Cundinamarca,2024-06-02,publicidad_pago
5561,Medellín,Antioquia,2024-02-23,redes_sociales
5562,Medellín,Antioquia,2023-01-25,publicidad_pago
5563,Bogotá,Cundinamarca,2023-01-18,orgánico
5564,Cúcuta,Norte de Santander,2023-10-17,orgánico
5565,,Antioquia,2024-06-07,redes_sociales
5566,Cartagena,Bolívar,2023-11-13,redes_sociales
5567,Cali,Valle del Cauca,2023-01-06,redes_sociales
5568,Cali,Valle del Cauca,2024-01-18,orgánico
5569, Barranquilla ,Atlántico,2023-08-22,publicidad_pago
5570,Manizales,Caldas,2023-12-16,redes_sociales
5571,Cartagena,Bolívar,2023-07-11,publicidad_pago
5572,Cali,Valle del Cauca,2023-01-05,redes_sociales
5573,Barranquilla,Atlántico,2023-01-11,redes_sociales
5574,Barranquilla,Atlántico,2023-12-12,publicidad_pago
5575,Medellín,Antioquia,2023-12-14,redes_sociales
5576,Barranquilla,Atlántico,2023-06-26,redes_sociales
5577,Medellín,Antioquia,2023-02-15,redes_sociales
5578,Bucaramanga,Santander,2024-02-27,orgánico
5579,Neiva,Huila,2023-03-24,referido
5580,Neiva,Huila,2023-04-14,orgánico
5581,Ibagué,Tolima,2023-09-05,orgánico
5582,Barranquilla,Atlántico,2024-01-27,publicidad_pago
5583,Bucaramanga,Santander,2024-06-28,orgánico
5584,Bogotá,Cundinamarca,2023-12-09,referido
5585,Cali,Valle del Cauca,2024-06-09,redes_sociales
5586,Bogotá,Cundinamarca,2023-12-23,orgánico
5587,Bogotá,Cundinamarca,2024-04-08,orgánico
5588,Neiva,Huila,2023-04-07,orgánico
5589,Pereira,Risaralda,2023-01-31,orgánico
5590,Cali,Valle del Cauca,2024-01-02,orgánico
5591,Bogotá,Cundinamarca,2024-06-17,orgánico
5592,Cartagena,Bolívar,2024-02-08,orgánico
5593,MEDELLÍN,Antioquia,2023-07-07,redes_sociales
5594,Ibagué,Tolima,2023-09-25,orgánico
5595,Santa Marta,Magdalena,2023-03-03,orgánico
5596,Medellín,Antioquia,2023-07-06,orgánico
5597,Bogotá,Cundinamarca,2024-01-09,orgánico
5598,Bogotá,Cundinamarca,2023-04-02,orgánico
5599,Bogotá,Cundinamarca,2023-09-21,orgánico
5600,Medellín,Antioquia,2023-06-08,redes_sociales
5601,,Cundinamarca,2023-09-26,referido
5602,Bogotá,Cundinamarca,2024-02-22,orgánico
5603,Bogotá,Cundinamarca,2024-04-29,orgánico
5604,Bogotá,Cundinamarca,2023-08-12,publicidad_pago
5605,Bucaramanga,Santander,2024-03-28,redes_sociales
5606,Bogotá,Cundinamarca,2024-01-20,orgánico
5607,Pereira,Risaralda,2024-05-19,publicidad_pago
5608,Bogotá,Cundinamarca,2024-02-09,publicidad_pago
5609,BOGOTÁ,Cundinamarca,2023-10-29,referido
5610,Bogotá,Cundinamarca,2024-01-04,referido
5611,Cartagena,Bolívar,2023-06-23,redes_sociales
5612,Bogotá,Cundinamarca,2024-01-04,publicidad_pago
5613,Cali,Valle del Cauca,2024-01-23,redes_sociales
5614,Bogotá,Cundinamarca,2023-12-01,publicidad_pago
5615,Santa Marta,Magdalena,2023-02-26,redes_sociales
5616,Bogotá,Cundinamarca,2023-10-11,orgánico
5617,Medellín,Antioquia,2024-01-24,orgánico
5618,Pereira,Risaralda,2023-04-19,redes_sociales
5619,Bogotá,Cundinamarca,2024-03-06,redes_sociales
5620,Bogotá,Cundinamarca,2024-04-06,publicidad_pago
5621,Ibagué,Tolima,2023-10-22,orgánico
5622,Bogotá,Cundinamarca,2024-06-11,publicidad_pago
5623,Bogotá,Cundinamarca,2024-04-14,orgánico
5624,Medellín,Antioquia,2023-09-13,redes_sociales
5625,Bogotá,Cundinamarca,2024-04-28,redes_sociales
5626,Manizales,Caldas,2024-05-25,orgánico
5627,Barranquilla,Atlántico,2023-03-01,redes_sociales
5628,Barranquilla,Atlántico,2024-06-29,orgánico
5629,Bogotá,Cundinamarca,2023-01-03,orgánico
5630,Cartagena,Bolívar,2023-09-23,publicidad_pago
5631,Cartagena,Bolívar,2024-05-28,orgánico
5632,Bogotá,Cundinamarca,2024-02-01,publicidad_pago
5633,Manizales,Caldas,2023-05-26,publicidad_pago
5634,Cali,Valle del Cauca,2023-12-19,orgánico
5635,Ibagué,Tolima,2023-04-28,publicidad_pago
5636,Bogotá,Cundinamarca,2023-05-10,publicidad_pago
5637,Bogotá,Cundinamarca,2024-05-13,publicidad_pago
5638,Cartagena,Bolívar,2023-01-26,publicidad_pago
5639,Ibagué,Tolima,2024-06-10,redes_sociales
5640,Medellín,Antioquia,2023-09-05,referido
5641,Bogotá,Cundinamarca,2023-02-05,orgánico
5642,Ibagué,Tolima,2024-03-06,orgánico
5643,Bogotá,Cundinamarca,2023-01-27,publicidad_pago
5644,Medellín,Antioquia,2023-06-27,orgánico
5645,Barranquilla,Atlántico,2023-05-12,redes_sociales
5646,Bogotá,Cundinamarca,2024-03-05,redes_sociales
5647,Bogotá,Cundinamarca,2023-08-05,orgánico
5648,Bogotá,Cundinamarca,2023-12-25,publicidad_pago
5649,Manizales,Caldas,2023-02-09,orgánico
5650,Medellín,Antioquia,2024-01-16,orgánico
5651,Cartagena,Bolívar,2024-01-24,publicidad_pago
5652,Santa Marta,Magdalena,2023-06-06,publicidad_pago
5653,Cartagena,Bolívar,2024-04-27,publicidad_pago
5654,Cali,Valle del Cauca,2023-09-15,orgánico
5655,Cali,Valle del Cauca,2023-12-31,publicidad_pago
5656,Medellín,Antioquia,2023-04-10,redes_sociales
5657,Barranquilla,Atlántico,2024-05-25,publicidad_pago
5658,Neiva,Huila,2023-05-15,orgánico
5659,Ibagué,Tolima,2023-12-09,redes_sociales
5660,Medellín,Antioquia,2023-02-19,redes_sociales
5661,Medellín,Antioquia,2023-01-25,redes_sociales
5662,Manizales,Caldas,2023-03-11,orgánico
5663,Bogotá,Cundinamarca,2024-05-30,redes_sociales
5664,Pereira,Risaralda,2023-04-26,publicidad_pago
5665,Bogotá,Cundinamarca,2024-04-26,redes_sociales
5666,Cartagena,Bolívar,2023-11-14,redes_sociales
5667,Ibagué,Tolima,2023-02-18,orgánico
5668,Cali,Valle del Cauca,2023-08-30,publicidad_pago
5669,Bogotá,Cundinamarca,2023-09-20,redes_sociales
5670,Pereira,Risaralda,2023-05-27,redes_sociales
5671,Medellín,Antioquia,2023-11-27,referido
5672,Medellín,Antioquia,2024-04-16,publicidad_pago
5673,Cali,Valle del Cauca,2024-04-28,orgánico
5674,Medellín,Antioquia,2023-10-15,redes_sociales
5675,,Bolívar,2024-05-03,referido
5676,Bogotá,Cundinamarca,2024-05-19,orgánico
5677,Medellín,Antioquia,2023-02-18,redes_sociales
5678,Manizales,Caldas,2023-12-14,orgánico
5679,Bogotá,Cundinamarca,2024-02-27,publicidad_pago
5680,Medellín,Antioquia,2023-01-09,redes_sociales
5681,Cartagena,Bolívar,2023-11-27,referido
5682,Manizales,Caldas,2024-05-14,publicidad_pago
5683,Barranquilla,Atlántico,2023-05-27,orgánico
5684,Ibagué,Tolima,2024-04-14,redes_sociales
5685,Bogotá,Cundinamarca,2024-05-25,referido
5686,Medellín,Antioquia,2023-12-14,orgánico
5687,Cúcuta,Norte de Santander,2023-12-11,orgánico
5688, Manizales ,Caldas,2023-10-20,publicidad_pago
5689,Cali,Valle del Cauca,2023-08-12,redes_sociales
5690,Cali,Valle del Cauca,2023-09-05,orgánico
5691, Medellín ,Antioquia,2023-10-13,orgánico
5692,Bogotá,Cundinamarca,2023-09-21,orgánico
5693,Manizales,Caldas,2024-03-27,publicidad_pago
5694,Ibagué,Tolima,2024-02-25,redes_sociales
5695,Medellín,Antioquia,2023-07-10,redes_sociales
5696,Bogotá,Cundinamarca,2023-10-08,publicidad_pago
5697,Medellín,Antioquia,2023-04-28,orgánico
5698,Bogotá,Cundinamarca,2023-04-07,publicidad_pago
5699,Bucaramanga,Santander,2023-07-21,redes_sociales
5700,Cali,Valle del Cauca,2023-02-01,redes_sociales
5701,Bogotá,Cundinamarca,2024-04-12,redes_sociales
5702,Barranquilla,Atlántico,2023-03-11,publicidad_pago
5703,Neiva,Huila,2023-06-28,referido
5704,Bogotá,Cundinamarca,2023-05-18,orgánico
5705,Medellín,Antioquia,2023-04-24,orgánico
5706,Cali,Valle del Cauca,2023-07-21,redes_sociales
5707,Bogotá,Cundinamarca,2024-01-29,redes_sociales
5708,Cali,Valle del Cauca,2024-05-03,orgánico
5709,Barranquilla,Atlántico,2023-04-14,publicidad_pago
5710,Bogotá,Cundinamarca,2023-05-11,publicidad_pago
5711,Bogotá,Cundinamarca,2023-09-14,redes_sociales
5712,Pereira,Risaralda,2023-06-24,redes_sociales
5713,Medellín,Antioquia,2024-03-13,orgánico
5714,Barranquilla,Atlántico,2023-05-02,redes_sociales
5715,Barranquilla,Atlántico,2023-08-09,redes_sociales
5716,Pereira,Risaralda,2023-10-26,publicidad_pago
5717,Bucaramanga,Santander,2023-07-28,redes_sociales
5718,Pereira,Risaralda,2023-12-04,orgánico
5719,Barranquilla,Atlántico,2024-03-13,orgánico
5720,Medellín,Antioquia,2023-10-19,orgánico
5721,Medellín,Antioquia,2023-09-07,referido
5722,Medellín,Antioquia,2024-06-04,publicidad_pago
5723,Medellín,Antioquia,2024-06-21,publicidad_pago
5724, Bogotá ,Cundinamarca,2024-06-28,publicidad_pago
5725, Medellín ,Antioquia,2023-01-09,orgánico
5726,Medellín,Antioquia,2024-04-03,publicidad_pago
5727,Bogotá,Cundinamarca,2024-05-06,publicidad_pago
5728,Bogotá,Cundinamarca,2024-03-16,orgánico
5729,Bucaramanga,Santander,2024-02-15,redes_sociales
5730,Cali,Valle del Cauca,2023-07-20,publicidad_pago
5731,Ibagué,Tolima,2024-02-02,publicidad_pago
5732,Cali,Valle del Cauca,2023-11-14,orgánico
5733,Pereira,Risaralda,2024-03-30,publicidad_pago
5734,Ibagué,Tolima,2023-07-12,referido
5735,Bogotá,Cundinamarca,2024-02-11,referido
5736,Neiva,Huila,2024-03-05,orgánico
5737,BOGOTÁ,Cundinamarca,2024-04-01,orgánico
5738,Barranquilla,Atlántico,2023-04-04,publicidad_pago
5739,Ibagué,Tolima,2024-04-17,orgánico
5740,Medellín,Antioquia,2023-04-29,orgánico
5741,BARRANQUILLA,Atlántico,2024-05-27,publicidad_pago
5742,Medellín,Antioquia,2023-01-22,orgánico
5743,Bogotá,Cundinamarca,2023-05-03,redes_sociales
5744,Bogotá,Cundinamarca,2023-11-30,referido
5745,Bogotá,Cundinamarca,2023-10-25,redes_sociales
5746,BOGOTÁ,Cundinamarca,2024-01-12,referido
5747, Barranquilla ,Atlántico,2023-08-09,redes_sociales
5748,Cali,Valle del Cauca,2023-01-02,orgánico
5749,Medellín,Antioquia,2023-12-04,orgánico
5750,Cartagena,Bolívar,2023-10-07,redes_sociales
5751,Bogotá,Cundinamarca,2023-10-06,orgánico
5752,Bogotá,Cundinamarca,2023-07-26,publicidad_pago
5753,Bucaramanga,Santander,2024-05-02,referido
5754,,Caldas,2024-03-09,orgánico
5755,Medellín,Antioquia,2023-04-10,orgánico
5756,Bogotá,Cundinamarca,2023-01-22,redes_sociales
5757,Ibagué,Tolima,2023-04-10,redes_sociales
5758,Manizales,Caldas,2023-01-27,orgánico
5759,Medellín,Antioquia,2024-01-23,orgánico
5760,Bogotá,Cundinamarca,2023-12-06,orgánico
5761,Bogotá,Cundinamarca,2023-09-11,redes_sociales
5762,Barranquilla,Atlántico,2023-11-20,orgánico
5763,Manizales,Caldas,2024-03-18,publicidad_pago
5764,CARTAGENA,Bolívar,2024-03-30,orgánico
5765,Medellín,Antioquia,2023-08-26,redes_sociales
5766,Barranquilla,Atlántico,2023-11-20,redes_sociales
5767,,Risaralda,2023-11-12,orgánico
5768,Cali,Valle del Cauca,2024-06-03,publicidad_pago
5769,Ibagué,Tolima,2024-02-21,publicidad_pago
5770,Medellín,Antioquia,2023-06-21,publicidad_pago
5771,Medellín,Antioquia,2024-04-30,redes_sociales
5772,Barranquilla,Atlántico,2023-08-06,redes_sociales
5773,Cali,Valle del Cauca,2024-02-19,orgánico
5774,Neiva,Huila,2024-06-18,redes_sociales
5775,Cali,Valle del Cauca,2024-03-18,redes_sociales
5776,Medellín,Antioquia,2023-02-28,redes_sociales
5777,MEDELLÍN,Antioquia,2023-04-23,orgánico
5778,Cali,Valle del Cauca,2024-03-11,orgánico
5779,Medellín,Antioquia,2023-03-09,orgánico
5780,Bucaramanga,Santander,2023-01-07,orgánico
5781,Medellín,Antioquia,2023-05-22,redes_sociales
5782,Medellín,Antioquia,2023-09-24,referido
5783,Barranquilla,Atlántico,2023-03-12,orgánico
5784,Bogotá,Cundinamarca,2023-03-25,orgánico
5785,Barranquilla,Atlántico,2023-07-05,orgánico
5786,Cali,Valle del Cauca,2023-11-24,orgánico
5787,Medellín,Antioquia,2023-10-25,publicidad_pago
5788,Cartagena,Bolívar,2024-03-12,orgánico
5789,Bucaramanga,Santander,2024-06-20,referido
5790,,Risaralda,2023-01-19,publicidad_pago
5791,MEDELLÍN,Antioquia,2024-01-12,redes_sociales
5792,Medellín,Antioquia,2023-03-31,referido
5793,Cartagena,Bolívar,2023-07-17,redes_sociales
5794,Barranquilla,Atlántico,2023-07-07,referido
5795,Barranquilla,Atlántico,2024-01-19,orgánico
5796,Cali,Valle del Cauca,2023-05-20,referido
5797,Bucaramanga,Santander,2024-05-04,orgánico
5798,Bogotá,Cundinamarca,2023-07-29,redes_sociales
5799,Cali,Valle del Cauca,2024-03-21,referido
5800,Bogotá,Cundinamarca,2024-06-04,redes_sociales
5801,MEDELLÍN,Antioquia,2023-10-07,orgánico
5802,Cartagena,Bolívar,2023-02-25,orgánico
5803,Cali,Valle del Cauca,2024-01-19,orgánico
5804,Medellín,Antioquia,2023-08-20,redes_sociales
5805,Manizales,Caldas,2023-07-05,redes_sociales
5806,Bucaramanga,Santander,2023-09-08,redes_sociales
5807,Cali,Valle del Cauca,2023-06-13,publicidad_pago
5808,Neiva,Huila,2023-06-03,orgánico
5809,Medellín,Antioquia,2024-06-25,publicidad_pago
5810,Ibagué,Tolima,2023-06-02,redes_sociales
5811,Bogotá,Cundinamarca,2023-09-08,publicidad_pago
5812,Medellín,Antioquia,2024-01-26,publicidad_pago
5813,Medellín,Antioquia,2023-05-01,referido
5814,Bogotá,Cundinamarca,2023-12-04,orgánico
5815,Cali,Valle del Cauca,2024-05-04,redes_sociales
5816,Bogotá,Cundinamarca,2024-03-20,referido
5817,Barranquilla,Atlántico,2023-01-16,publicidad_pago
5818,Bogotá,Cundinamarca,2023-08-10,orgánico
5819,Bogotá,Cundinamarca,2023-01-01,redes_sociales
5820,Neiva,Huila,2023-11-28,publicidad_pago
5821, Barranquilla ,Atlántico,2023-06-27,orgánico
5822, Cúcuta ,Norte de Santander,2024-05-03,redes_sociales
5823,Cali,Valle del Cauca,2023-04-07,publicidad_pago
5824,Bogotá,Cundinamarca,2024-04-10,redes_sociales
5825,Cali,Valle del Cauca,2023-07-07,orgánico
5826,Cali,Valle del Cauca,2024-05-18,redes_sociales
5827,Bogotá,Cundinamarca,2023-04-20,redes_sociales
5828,Pereira,Risaralda,2023-05-28,redes_sociales
5829,Barranquilla,Atlántico,2023-07-12,publicidad_pago
5830,Bucaramanga,Santander,2024-06-23,redes_sociales
5831,Cali,Valle del Cauca,2024-02-06,publicidad_pago
5832,Barranquilla,Atlántico,2024-03-22,publicidad_pago
5833,Bogotá,Cundinamarca,2023-10-30,publicidad_pago
5834,Neiva,Huila,2024-03-10,redes_sociales
5835,Medellín,Antioquia,2023-12-09,orgánico
5836,Bogotá,Cundinamarca,2024-01-01,publicidad_pago
5837,Bogotá,Cundinamarca,2024-04-02,orgánico
5838,Barranquilla,Atlántico,2024-06-21,redes_sociales
5839,Santa Marta,Magdalena,2023-11-11,orgánico
5840,Manizales,Caldas,2023-08-30,redes_sociales
5841,Cartagena,Bolívar,2023-12-24,publicidad_pago
5842,Santa Marta,Magdalena,2024-02-10,redes_sociales
5843,Bucaramanga,Santander,2024-06-23,redes_sociales
5844,Medellín,Antioquia,2024-01-18,orgánico
5845,Barranquilla,Atlántico,2024-06-06,orgánico
5846,Bogotá,Cundinamarca,2024-02-05,redes_sociales
5847,Bogotá,Cundinamarca,2024-06-04,publicidad_pago
5848,Medellín,Antioquia,2024-02-16,publicidad_pago
5849,Bogotá,Cundinamarca,2024-04-29,referido
5850,Neiva,Huila,2023-04-15,orgánico
5851,Santa Marta,Magdalena,2024-06-26,orgánico
5852,Medellín,Antioquia,2023-07-10,redes_sociales
5853,Cartagena,Bolívar,2024-03-12,redes_sociales
5854,Medellín,Antioquia,2023-08-03,publicidad_pago
5855,Bogotá,Cundinamarca,2023-09-08,publicidad_pago
5856,Medellín,Antioquia,2024-02-14,redes_sociales
5857,Bogotá,Cundinamarca,2023-10-23,redes_sociales
5858,Medellín,Antioquia,2024-01-27,referido
5859,Bogotá,Cundinamarca,2023-02-13,orgánico
5860,Bogotá,Cundinamarca,2024-03-31,publicidad_pago
5861,Bogotá,Cundinamarca,2023-08-12,publicidad_pago
5862,Manizales,Caldas,2024-03-07,orgánico
5863,Bogotá,Cundinamarca,2023-06-06,referido
5864,Medellín,Antioquia,2023-11-23,publicidad_pago
5865,Cali,Valle del Cauca,2023-11-18,publicidad_pago
5866,Medellín,Antioquia,2023-03-18,orgánico
5867,Cali,Valle del Cauca,2023-09-17,orgánico
5868,Bogotá,Cundinamarca,2023-12-14,publicidad_pago
5869,BARRANQUILLA,Atlántico,2024-04-02,orgánico
5870,Cali,Valle del Cauca,2024-04-30,orgánico
5871,Cartagena,Bolívar,2023-07-30,redes_sociales
5872,Cali,Valle del Cauca,2023-12-18,orgánico
5873,Medellín,Antioquia,2023-04-06,publicidad_pago
5874,Medellín,Antioquia,2024-05-04,redes_sociales
5875,Bogotá,Cundinamarca,2024-04-19,orgánico
5876,Cali,Valle del Cauca,2024-06-30,redes_sociales
5877,Bogotá,Cundinamarca,2023-09-23,orgánico
5878,Medellín,Antioquia,2023-07-16,orgánico
5879,Cartagena,Bolívar,2024-02-19,redes_sociales
5880,Bogotá,Cundinamarca,2024-01-31,redes_sociales
5881,Bogotá,Cundinamarca,2023-04-26,orgánico
5882,Barranquilla,Atlántico,2023-10-23,redes_sociales
5883,Medellín,Antioquia,2023-12-19,redes_sociales
5884,Ibagué,Tolima,2023-09-06,redes_sociales
5885,Cúcuta,Norte de Santander,2023-07-23,orgánico
5886,Neiva,Huila,2023-05-12,publicidad_pago
5887,Medellín,Antioquia,2023-08-14,redes_sociales
5888,Bogotá,Cundinamarca,2023-05-15,orgánico
5889,Barranquilla,Atlántico,2023-06-14,publicidad_pago
5890,Barranquilla,Atlántico,2023-04-12,publicidad_pago
5891,Barranquilla,Atlántico,2023-07-25,orgánico
5892,Medellín,Antioquia,2023-12-12,redes_sociales
5893,Bogotá,Cundinamarca,2023-07-26,publicidad_pago
5894,Bogotá,Cundinamarca,2023-03-19,orgánico
5895,BOGOTÁ,Cundinamarca,2024-03-14,referido
5896, Bogotá ,Cundinamarca,2023-08-24,redes_sociales
5897,Cúcuta,Norte de Santander,2023-11-16,publicidad_pago
5898,Bogotá,Cundinamarca,2023-10-14,publicidad_pago
5899,Barranquilla,Atlántico,2023-10-04,referido
5900,Cúcuta,Norte de Santander,2023-08-28,redes_sociales
5901,,Antioquia,2024-02-18,publicidad_pago
5902,Cali,Valle del Cauca,2024-04-12,orgánico
5903,Cartagena,Bolívar,2024-05-09,orgánico
5904,Medellín,Antioquia,2023-08-31,publicidad_pago
5905,Cali,Valle del Cauca,2023-07-06,redes_sociales
5906,Ibagué,Tolima,2023-02-15,publicidad_pago
5907,Bucaramanga,Santander,2023-08-31,orgánico
5908,Ibagué,Tolima,2024-06-26,orgánico
5909,Santa Marta,Magdalena,2023-05-23,orgánico
5910,Medellín,Antioquia,2024-04-07,redes_sociales
5911,Bucaramanga,Santander,2024-02-18,orgánico
5912,Barranquilla,Atlántico,2023-12-28,orgánico
5913,Cartagena,Bolívar,2023-11-06,referido
5914,Bucaramanga,Santander,2024-02-18,publicidad_pago
5915,Bucaramanga,Santander,2023-02-23,publicidad_pago
5916,Manizales,Caldas,2023-03-12,orgánico
5917,Medellín,Antioquia,2023-04-18,redes_sociales
5918,Barranquilla,Atlántico,2024-02-23,publicidad_pago
5919,Medellín,Antioquia,2023-08-25,orgánico
5920,Barranquilla,Atlántico,2023-04-24,redes_sociales
5921,Bucaramanga,Santander,2023-01-25,referido
5922,Ibagué,Tolima,2023-09-25,orgánico
5923,Medellín,Antioquia,2023-08-07,referido
5924,Cali,Valle del Cauca,2023-04-08,orgánico
5925,Medellín,Antioquia,2023-01-13,orgánico
5926,Bogotá,Cundinamarca,2024-02-17,orgánico
5927,Bogotá,Cundinamarca,2024-03-02,referido
5928,Manizales,Caldas,2023-05-15,redes_sociales
5929,Medellín,Antioquia,2023-09-28,publicidad_pago
5930,Neiva,Huila,2023-05-19,redes_sociales
5931, Bogotá ,Cundinamarca,2023-08-12,publicidad_pago
5932,Bucaramanga,Santander,2023-03-01,redes_sociales
5933,Cali,Valle del Cauca,2024-06-01,redes_sociales
5934, Cartagena ,Bolívar,2024-01-30,publicidad_pago
5935,Barranquilla,Atlántico,2024-05-07,publicidad_pago
5936,Cartagena,Bolívar,2023-06-11,publicidad_pago
5937,Manizales,Caldas,2024-04-22,orgánico
5938,Cali,Valle del Cauca,2023-10-11,publicidad_pago
5939,Bogotá,Cundinamarca,2023-04-19,orgánico
5940,Bogotá,Cundinamarca,2023-07-01,referido
5941,Cartagena,Bolívar,2024-03-19,redes_sociales
5942,Cali,Valle del Cauca,2024-02-28,orgánico
5943,Cali,Valle del Cauca,2024-01-29,orgánico
5944,Barranquilla,Atlántico,2023-05-04,redes_sociales
5945,Medellín,Antioquia,2023-12-21,redes_sociales
5946,Bucaramanga,Santander,2024-05-29,publicidad_pago
5947,Bucaramanga,Santander,2023-01-27,publicidad_pago
5948,Cartagena,Bolívar,2023-06-25,orgánico
5949,Cartagena,Bolívar,2023-02-13,redes_sociales
5950,Manizales,Caldas,2023-02-26,publicidad_pago
5951,Barranquilla,Atlántico,2024-06-29,publicidad_pago
5952,Neiva,Huila,2023-05-12,redes_sociales
5953,Bogotá,Cundinamarca,2023-04-09,referido
5954,Barranquilla,Atlántico,2023-02-10,orgánico
5955,CARTAGENA,Bolívar,2024-06-20,publicidad_pago
5956,Cali,Valle del Cauca,2023-09-14,publicidad_pago
5957,Medellín,Antioquia,2024-03-08,redes_sociales
5958,,Valle del Cauca,2023-05-17,orgánico
5959,Medellín,Antioquia,2023-12-17,publicidad_pago
5960,Manizales,Caldas,2024-04-29,orgánico
5961, Medellín ,Antioquia,2024-01-03,orgánico
5962, Bogotá ,Cundinamarca,2023-10-10,orgánico
5963,Cali,Valle del Cauca,2023-04-26,publicidad_pago
5964,Medellín,Antioquia,2023-05-08,orgánico
5965,Bogotá,Cundinamarca,2023-11-23,redes_sociales
5966,Cali,Valle del Cauca,2023-09-04,referido
5967,Cali,Valle del Cauca,2023-01-26,publicidad_pago
5968,Bogotá,Cundinamarca,2023-04-18,redes_sociales
5969,Barranquilla,Atlántico,2023-08-25,redes_sociales
5970,Cali,Valle del Cauca,2023-04-08,orgánico
5971,Bucaramanga,Santander,2023-10-31,redes_sociales
5972,Medellín,Antioquia,2023-06-14,orgánico
5973,Bogotá,Cundinamarca,2023-06-09,orgánico
5974,Neiva,Huila,2023-03-01,orgánico
5975,Cali,Valle del Cauca,2023-10-03,redes_sociales
5976, Bogotá ,Cundinamarca,2023-04-14,orgánico
5977,Ibagué,Tolima,2023-12-11,orgánico
5978,Bogotá,Cundinamarca,2024-05-28,publicidad_pago
5979,Ibagué,Tolima,2024-05-13,orgánico
5980,Cartagena,Bolívar,2023-12-31,publicidad_pago
5981,Neiva,Huila,2024-03-17,redes_sociales
5982,Neiva,Huila,2024-05-18,redes_sociales
5983,Bogotá,Cundinamarca,2024-01-08,orgánico
5984,Bucaramanga,Santander,2023-05-21,orgánico
5985,Medellín,Antioquia,2023-10-01,publicidad_pago
5986,Barranquilla,Atlántico,2024-04-13,redes_sociales
5987,Barranquilla,Atlántico,2024-01-01,orgánico
5988,Bogotá,Cundinamarca,2023-07-18,orgánico
5989,Bogotá,Cundinamarca,2023-04-03,redes_sociales
5990,Bogotá,Cundinamarca,2023-03-20,orgánico
5991,Bogotá,Cundinamarca,2023-07-26,redes_sociales
5992,Bogotá,Cundinamarca,2024-03-16,redes_sociales
5993,,Caldas,2023-10-30,redes_sociales
5994,Cali,Valle del Cauca,2023-02-02,publicidad_pago
5995,Ibagué,Tolima,2024-05-17,redes_sociales
5996,Pereira,Risaralda,2023-08-10,publicidad_pago
5997,Bucaramanga,Santander,2023-08-02,redes_sociales
5998,Medellín,Antioquia,2024-03-24,redes_sociales
5999,Pereira,Risaralda,2023-07-26,publicidad_pago
6000,Bucaramanga,Santander,2023-12-04,redes_sociales
6001,Bucaramanga,Santander,2024-05-18,orgánico
6002,Manizales,Caldas,2023-10-11,referido
6003,Barranquilla,Atlántico,2023-12-02,referido
6004,Cali,Valle del Cauca,2023-07-13,orgánico
6005,Manizales,Caldas,2024-05-02,redes_sociales
6006,Medellín,Antioquia,2023-02-11,publicidad_pago
6007,Ibagué,Tolima,2023-06-01,referido
6008,Bogotá,Cundinamarca,2024-06-26,redes_sociales
6009,Bogotá,Cundinamarca,2023-09-22,orgánico
6010,Cali,Valle del Cauca,2023-04-06,publicidad_pago
6011,Bogotá,Cundinamarca,2023-08-15,orgánico
6012, Neiva ,Huila,2023-05-20,publicidad_pago
6013,Bogotá,Cundinamarca,2023-10-15,redes_sociales
6014,Cartagena,Bolívar,2023-05-10,redes_sociales
6015,Bogotá,Cundinamarca,2023-08-07,orgánico
6016, Neiva ,Huila,2024-05-11,redes_sociales
6017,,Antioquia,2023-02-15,redes_sociales
6018,Bogotá,Cundinamarca,2024-02-22,orgánico
6019,Bogotá,Cundinamarca,2023-02-12,orgánico
6020,Cali,Valle del Cauca,2023-09-08,orgánico
6021, Santa Marta ,Magdalena,2024-01-01,publicidad_pago
6022,Neiva,Huila,2024-06-06,redes_sociales
6023,Medellín,Antioquia,2023-05-17,publicidad_pago
6024,Cali,Valle del Cauca,2023-01-29,redes_sociales
6025,Bogotá,Cundinamarca,2024-02-15,publicidad_pago
6026,Cali,Valle del Cauca,2024-05-03,redes_sociales
6027,Barranquilla,Atlántico,2023-11-06,orgánico
6028,Bogotá,Cundinamarca,2023-02-03,orgánico
6029,Barranquilla,Atlántico,2023-10-01,orgánico
6030,Manizales,Caldas,2023-08-02,publicidad_pago
6031,Bogotá,Cundinamarca,2023-09-04,publicidad_pago
6032,Bogotá,Cundinamarca,2023-01-30,publicidad_pago
6033,Bogotá,Cundinamarca,2023-06-23,publicidad_pago
6034,Bogotá,Cundinamarca,2024-06-30,publicidad_pago
6035,Bogotá,Cundinamarca,2023-01-26,referido
6036,Barranquilla,Atlántico,2024-05-15,publicidad_pago
6037,Bogotá,Cundinamarca,2023-10-11,orgánico
6038,Bucaramanga,Santander,2023-11-16,orgánico
6039,Manizales,Caldas,2024-05-25,redes_sociales
6040,Cúcuta,Norte de Santander,2023-04-30,publicidad_pago
6041,Cartagena,Bolívar,2024-06-22,redes_sociales
6042,Bogotá,Cundinamarca,2023-06-01,orgánico
6043,Bogotá,Cundinamarca,2023-07-10,publicidad_pago
6044,Bogotá,Cundinamarca,2023-09-03,redes_sociales
6045,Neiva,Huila,2023-11-26,orgánico
6046,Neiva,Huila,2023-06-26,publicidad_pago
6047,Medellín,Antioquia,2024-03-09,redes_sociales
6048,Medellín,Antioquia,2023-01-12,orgánico
6049,Cali,Valle del Cauca,2023-12-31,orgánico
6050,MEDELLÍN,Antioquia,2023-12-25,redes_sociales
6051,Neiva,Huila,2023-10-20,redes_sociales
6052,Bogotá,Cundinamarca,2023-12-02,orgánico
6053,Medellín,Antioquia,2024-02-13,redes_sociales
6054,Medellín,Antioquia,2024-05-09,publicidad_pago
6055,Bogotá,Cundinamarca,2023-04-30,orgánico
6056,Medellín,Antioquia,2023-09-18,redes_sociales
6057,Pereira,Risaralda,2023-11-04,redes_sociales
6058,Bogotá,Cundinamarca,2023-07-08,orgánico
6059,Barranquilla,Atlántico,2024-06-16,orgánico
6060,Medellín,Antioquia,2023-10-07,orgánico
6061,Bogotá,Cundinamarca,2023-11-21,redes_sociales
6062,Bogotá,Cundinamarca,2023-04-17,publicidad_pago
6063,Bogotá,Cundinamarca,2023-08-16,redes_sociales
6064,Bogotá,Cundinamarca,2023-12-09,referido
6065,Medellín,Antioquia,2023-08-23,redes_sociales
6066,Ibagué,Tolima,2024-02-26,publicidad_pago
6067,Cartagena,Bolívar,2023-03-16,redes_sociales
6068,Cúcuta,Norte de Santander,2023-03-25,publicidad_pago
6069,Medellín,Antioquia,2023-07-05,publicidad_pago
6070,Cartagena,Bolívar,2023-06-24,redes_sociales
6071,Cartagena,Bolívar,2024-03-22,redes_sociales
6072,,Cundinamarca,2024-04-19,referido
6073,Medellín,Antioquia,2023-09-16,referido
6074,Cali,Valle del Cauca,2023-10-04,referido
6075,Ibagué,Tolima,2023-06-11,orgánico
6076,Cali,Valle del Cauca,2023-10-18,orgánico
6077,Bogotá,Cundinamarca,2024-01-22,redes_sociales
6078,Santa Marta,Magdalena,2024-01-31,publicidad_pago
6079,,Cundinamarca,2024-06-14,orgánico
6080,Neiva,Huila,2023-11-13,redes_sociales
6081, Ibagué ,Tolima,2023-07-06,redes_sociales
6082,Pereira,Risaralda,2023-02-08,orgánico
6083,Ibagué,Tolima,2024-01-12,publicidad_pago
6084,Bogotá,Cundinamarca,2024-03-15,orgánico
6085,Barranquilla,Atlántico,2023-10-30,publicidad_pago
6086,Bucaramanga,Santander,2024-05-19,orgánico
6087,Bucaramanga,Santander,2023-06-23,redes_sociales
6088,Bogotá,Cundinamarca,2023-01-30,redes_sociales
6089,Bogotá,Cundinamarca,2023-12-13,orgánico
6090,Medellín,Antioquia,2023-03-08,redes_sociales
6091,Cali,Valle del Cauca,2023-02-16,publicidad_pago
6092,Cali,Valle del Cauca,2024-01-19,redes_sociales
6093,Pereira,Risaralda,2023-08-26,orgánico
6094,Bucaramanga,Santander,2023-11-27,publicidad_pago
6095,Cartagena,Bolívar,2024-02-13,orgánico
6096,Bogotá,Cundinamarca,2023-07-29,redes_sociales
6097,Cali,Valle del Cauca,2023-12-01,redes_sociales
6098,Medellín,Antioquia,2023-10-22,redes_sociales
6099,Bogotá,Cundinamarca,2023-11-14,orgánico
6100,Bogotá,Cundinamarca,2024-01-20,orgánico
6101,Medellín,Antioquia,2023-07-28,orgánico
6102,Bogotá,Cundinamarca,2023-10-03,redes_sociales
6103,Cali,Valle del Cauca,2023-11-20,redes_sociales
6104,Bogotá,Cundinamarca,2023-03-18,publicidad_pago
6105,Bogotá,Cundinamarca,2023-04-26,orgánico
6106,Bogotá,Cundinamarca,2023-02-18,orgánico
6107,Barranquilla,Atlántico,2023-04-19,publicidad_pago
6108,Cali,Valle del Cauca,2023-08-29,redes_sociales
6109,Medellín,Antioquia,2024-05-27,publicidad_pago
6110,,Cundinamarca,2024-05-19,orgánico
6111,Neiva,Huila,2024-02-22,orgánico
6112,Barranquilla,Atlántico,2023-11-02,redes_sociales
6113,Cartagena,Bolívar,2023-04-21,redes_sociales
6114,Cali,Valle del Cauca,2023-07-15,redes_sociales
6115,Ibagué,Tolima,2024-02-24,orgánico
6116,Manizales,Caldas,2024-05-12,orgánico
6117,Medellín,Antioquia,2024-06-10,publicidad_pago
6118,CARTAGENA,Bolívar,2023-08-01,orgánico
6119,Bogotá,Cundinamarca,2023-09-24,publicidad_pago
6120,Barranquilla,Atlántico,2023-10-06,orgánico
6121,Medellín,Antioquia,2023-01-31,orgánico
6122,Bogotá,Cundinamarca,2023-03-05,orgánico
6123,Neiva,Huila,2023-01-25,referido
6124,Pereira,Risaralda,2024-02-08,orgánico
6125,Medellín,Antioquia,2023-05-03,orgánico
6126,Santa Marta,Magdalena,2024-01-19,publicidad_pago
6127, Medellín ,Antioquia,2023-07-25,orgánico
6128,Medellín,Antioquia,2024-03-10,orgánico
6129, Pereira ,Risaralda,2023-03-05,orgánico
6130,Medellín,Antioquia,2023-06-27,publicidad_pago
6131,Medellín,Antioquia,2023-04-23,redes_sociales
6132,Cartagena,Bolívar,2023-08-27,publicidad_pago
6133,Bogotá,Cundinamarca,2023-11-04,publicidad_pago
6134,Medellín,Antioquia,2023-04-03,redes_sociales
6135,Medellín,Antioquia,2023-12-31,orgánico
6136,Cartagena,Bolívar,2024-06-11,publicidad_pago
6137,Bogotá,Cundinamarca,2023-01-24,publicidad_pago
6138,Bogotá,Cundinamarca,2023-02-17,publicidad_pago
6139,Cartagena,Bolívar,2024-06-04,orgánico
6140,Bogotá,Cundinamarca,2023-12-22,publicidad_pago
6141,Medellín,Antioquia,2024-05-18,publicidad_pago
6142,Cartagena,Bolívar,2024-01-21,referido
6143,Bucaramanga,Santander,2024-01-28,orgánico
6144,Bogotá,Cundinamarca,2023-03-28,publicidad_pago
6145,Pereira,Risaralda,2023-10-07,publicidad_pago
6146,Bucaramanga,Santander,2023-07-19,publicidad_pago
6147,Medellín,Antioquia,2024-03-31,publicidad_pago
6148,Bucaramanga,Santander,2023-01-24,publicidad_pago
6149,Bucaramanga,Santander,2023-01-10,redes_sociales
6150,Barranquilla,Atlántico,2023-11-01,orgánico
6151,Cali,Valle del Cauca,2024-06-14,redes_sociales
6152,Bucaramanga,Santander,2024-06-28,publicidad_pago
6153,Santa Marta,Magdalena,2023-11-21,orgánico
6154,Cali,Valle del Cauca,2023-08-24,redes_sociales
6155,Ibagué,Tolima,2023-05-30,referido
6156,Bucaramanga,Santander,2024-06-25,publicidad_pago
6157,Pereira,Risaralda,2023-04-11,publicidad_pago
6158,Neiva,Huila,2023-03-11,publicidad_pago
6159,Bogotá,Cundinamarca,2023-10-06,orgánico
6160,Bogotá,Cundinamarca,2023-08-03,redes_sociales
6161,Barranquilla,Atlántico,2023-09-29,redes_sociales
6162,Medellín,Antioquia,2024-05-08,publicidad_pago
6163,Cali,Valle del Cauca,2023-05-28,orgánico
6164,Ibagué,Tolima,2024-04-24,orgánico
6165,Cúcuta,Norte de Santander,2023-04-26,publicidad_pago
6166,Medellín,Antioquia,2023-06-27,redes_sociales
6167,Cartagena,Bolívar,2023-01-03,publicidad_pago
6168,Bogotá,Cundinamarca,2024-01-07,redes_sociales
6169,Cali,Valle del Cauca,2024-04-14,publicidad_pago
6170,Bogotá,Cundinamarca,2024-04-29,redes_sociales
6171,Cali,Valle del Cauca,2023-04-02,publicidad_pago
6172,,Valle del Cauca,2024-02-24,publicidad_pago
6173,,Santander,2023-03-19,orgánico
6174,Barranquilla,Atlántico,2023-12-10,orgánico
6175,Medellín,Antioquia,2024-01-20,publicidad_pago
6176, Bogotá ,Cundinamarca,2023-03-25,orgánico
6177,Bogotá,Cundinamarca,2023-03-02,publicidad_pago
6178, Neiva ,Huila,2023-02-09,orgánico
6179,Cúcuta,Norte de Santander,2024-01-23,publicidad_pago
6180,Medellín,Antioquia,2023-12-03,orgánico
6181,Bogotá,Cundinamarca,2023-03-07,redes_sociales
6182,MEDELLÍN,Antioquia,2023-10-01,redes_sociales
6183,Cartagena,Bolívar,2024-03-11,orgánico
6184,Medellín,Antioquia,2023-05-11,redes_sociales
6185,Bogotá,Cundinamarca,2023-11-28,publicidad_pago
6186,Medellín,Antioquia,2023-06-10,publicidad_pago
6187,Bogotá,Cundinamarca,2023-05-23,referido
6188,Medellín,Antioquia,2023-08-03,publicidad_pago
6189,Bogotá,Cundinamarca,2023-07-12,redes_sociales
6190,Barranquilla,Atlántico,2023-09-29,redes_sociales
6191,Cali,Valle del Cauca,2023-04-23,referido
6192,Bogotá,Cundinamarca,2023-08-02,redes_sociales
6193,Cali,Valle del Cauca,2023-12-07,redes_sociales
6194,Cali,Valle del Cauca,2023-07-31,publicidad_pago
6195,IBAGUÉ,Tolima,2023-12-26,referido
6196,Neiva,Huila,2023-03-05,redes_sociales
6197,Bogotá,Cundinamarca,2023-03-17,orgánico
6198,Manizales,Caldas,2024-04-18,redes_sociales
6199,Cartagena,Bolívar,2023-09-10,publicidad_pago
6200,Cartagena,Bolívar,2023-11-30,redes_sociales
6201, Medellín ,Antioquia,2024-02-09,publicidad_pago
6202,Medellín,Antioquia,2023-03-21,redes_sociales
6203,Bogotá,Cundinamarca,2024-06-15,orgánico
6204,Santa Marta,Magdalena,2023-08-20,redes_sociales
6205,Barranquilla,Atlántico,2024-05-01,redes_sociales
6206,Medellín,Antioquia,2023-08-16,publicidad_pago
6207,Cali,Valle del Cauca,2023-08-10,orgánico
6208, Bogotá ,Cundinamarca,2023-11-25,publicidad_pago
6209,Bogotá,Cundinamarca,2023-04-15,orgánico
6210,Barranquilla,Atlántico,2023-11-30,referido
6211,Cali,Valle del Cauca,2024-06-21,publicidad_pago
6212,Ibagué,Tolima,2023-12-19,orgánico
6213,Barranquilla,Atlántico,2023-02-08,referido
6214,Barranquilla,Atlántico,2024-01-17,redes_sociales
6215,Ibagué,Tolima,2023-01-19,redes_sociales
6216,Bogotá,Cundinamarca,2023-02-26,referido
6217,Cartagena,Bolívar,2023-06-05,referido
6218,Cartagena,Bolívar,2023-06-16,publicidad_pago
6219,Bogotá,Cundinamarca,2023-01-02,referido
6220,Bogotá,Cundinamarca,2023-01-10,orgánico
6221,Bogotá,Cundinamarca,2024-03-07,orgánico
6222,Bogotá,Cundinamarca,2023-09-06,orgánico
6223,Cali,Valle del Cauca,2023-04-20,orgánico
6224,Bogotá,Cundinamarca,2023-08-23,redes_sociales
6225,Barranquilla,Atlántico,2024-01-15,orgánico
6226,Bogotá,Cundinamarca,2024-02-06,redes_sociales
6227,Bogotá,Cundinamarca,2023-06-07,orgánico
6228,Medellín,Antioquia,2023-04-02,redes_sociales
6229,BOGOTÁ,Cundinamarca,2024-06-08,publicidad_pago
6230,Santa Marta,Magdalena,2023-12-12,orgánico
6231,Medellín,Antioquia,2024-06-21,publicidad_pago
6232,Bogotá,Cundinamarca,2023-06-17,publicidad_pago
6233,Bogotá,Cundinamarca,2023-03-02,redes_sociales
6234,Medellín,Antioquia,2023-07-28,publicidad_pago
6235,Barranquilla,Atlántico,2023-06-29,referido
6236,Ibagué,Tolima,2024-01-29,orgánico
6237,Medellín,Antioquia,2024-01-27,publicidad_pago
6238,Barranquilla,Atlántico,2023-02-09,orgánico
6239,Cali,Valle del Cauca,2023-11-18,redes_sociales
6240,Pereira,Risaralda,2023-07-07,redes_sociales
6241, Cali ,Valle del Cauca,2023-12-03,publicidad_pago
6242,Medellín,Antioquia,2023-08-03,publicidad_pago
6243,Cartagena,Bolívar,2023-10-21,publicidad_pago
6244,Ibagué,Tolima,2024-01-27,publicidad_pago
6245,Cali,Valle del Cauca,2023-06-10,redes_sociales
6246,Santa Marta,Magdalena,2023-04-19,orgánico
6247,Pereira,Risaralda,2024-01-22,orgánico
6248,Bogotá,Cundinamarca,2024-06-02,redes_sociales
6249, Ibagué ,Tolima,2023-08-31,publicidad_pago
6250,Barranquilla,Atlántico,2024-06-29,orgánico
6251,CALI,Valle del Cauca,2023-04-12,redes_sociales
6252,Cali,Valle del Cauca,2024-03-23,orgánico
6253,Pereira,Risaralda,2024-06-24,redes_sociales
6254,Barranquilla,Atlántico,2023-06-13,redes_sociales
6255,Cali,Valle del Cauca,2023-03-22,orgánico
6256,Bogotá,Cundinamarca,2023-12-30,orgánico
6257,Medellín,Antioquia,2024-04-20,orgánico
6258,MANIZALES,Caldas,2023-02-15,redes_sociales
6259,Cartagena,Bolívar,2023-12-17,referido
6260,Bogotá,Cundinamarca,2024-04-21,orgánico
6261,Manizales,Caldas,2023-01-18,redes_sociales
6262,Ibagué,Tolima,2023-10-10,redes_sociales
6263, Cali ,Valle del Cauca,2023-02-12,redes_sociales
6264,Bogotá,Cundinamarca,2023-04-07,orgánico
6265,Cali,Valle del Cauca,2023-09-24,orgánico
6266,BOGOTÁ,Cundinamarca,2023-06-29,referido
6267,Medellín,Antioquia,2023-02-16,referido
6268,Barranquilla,Atlántico,2024-03-14,redes_sociales
6269,Manizales,Caldas,2023-04-22,redes_sociales
6270,Medellín,Antioquia,2024-04-21,orgánico
6271,Pereira,Risaralda,2023-04-07,orgánico
6272,Manizales,Caldas,2023-10-12,orgánico
6273,Bogotá,Cundinamarca,2024-02-02,publicidad_pago
6274,Bogotá,Cundinamarca,2023-09-20,orgánico
6275,Cartagena,Bolívar,2023-08-17,orgánico
6276,Bucaramanga,Santander,2024-02-15,orgánico
6277,Medellín,Antioquia,2023-01-07,orgánico
6278,Barranquilla,Atlántico,2024-03-27,redes_sociales
6279,Barranquilla,Atlántico,2024-01-13,redes_sociales
6280,Bucaramanga,Santander,2024-02-23,redes_sociales
6281,Cartagena,Bolívar,2023-08-19,redes_sociales
6282,Bogotá,Cundinamarca,2023-07-30,redes_sociales
6283,Bogotá,Cundinamarca,2023-11-09,publicidad_pago
6284,Bogotá,Cundinamarca,2023-12-18,orgánico
6285,Cúcuta,Norte de Santander,2024-05-21,orgánico
6286,Manizales,Caldas,2024-04-13,publicidad_pago
6287,Ibagué,Tolima,2023-01-30,publicidad_pago
6288,Bogotá,Cundinamarca,2023-03-25,redes_sociales
6289,Cali,Valle del Cauca,2024-06-01,orgánico
6290,Bogotá,Cundinamarca,2023-08-01,orgánico
6291,Medellín,Antioquia,2023-11-14,orgánico
6292,Bogotá,Cundinamarca,2023-01-31,publicidad_pago
6293,Ibagué,Tolima,2023-02-27,redes_sociales
6294,,Cundinamarca,2023-08-12,orgánico
6295,Barranquilla,Atlántico,2024-01-28,orgánico
6296,Santa Marta,Magdalena,2024-02-27,orgánico
6297,Cartagena,Bolívar,2024-05-04,orgánico
6298,Bogotá,Cundinamarca,2023-04-18,redes_sociales
6299,Manizales,Caldas,2023-04-21,redes_sociales
6300,BARRANQUILLA,Atlántico,2023-10-24,publicidad_pago
6301,Medellín,Antioquia,2023-10-27,publicidad_pago
6302,Barranquilla,Atlántico,2023-01-21,referido
6303,Pereira,Risaralda,2023-09-02,publicidad_pago
6304,Cali,Valle del Cauca,2024-05-06,referido
6305,Cali,Valle del Cauca,2023-03-31,referido
6306,Medellín,Antioquia,2024-03-24,orgánico
6307,Bogotá,Cundinamarca,2023-09-02,orgánico
6308,Ibagué,Tolima,2023-10-14,orgánico
6309,Bogotá,Cundinamarca,2023-12-17,redes_sociales
6310,Medellín,Antioquia,2024-01-22,publicidad_pago
6311,Medellín,Antioquia,2023-12-15,orgánico
6312,Medellín,Antioquia,2023-02-26,publicidad_pago
6313,Medellín,Antioquia,2023-06-11,publicidad_pago
6314,Barranquilla,Atlántico,2024-04-07,redes_sociales
6315,Medellín,Antioquia,2023-01-22,redes_sociales
6316,Bogotá,Cundinamarca,2024-01-27,orgánico
6317,Pereira,Risaralda,2023-10-12,redes_sociales
6318,Neiva,Huila,2023-03-07,orgánico
6319,Medellín,Antioquia,2023-03-09,redes_sociales
6320,Medellín,Antioquia,2024-06-20,orgánico
6321,Bogotá,Cundinamarca,2023-01-17,orgánico
6322,Bogotá,Cundinamarca,2023-01-13,redes_sociales
6323,Medellín,Antioquia,2023-01-10,redes_sociales
6324,Cúcuta,Norte de Santander,2023-12-10,redes_sociales
6325,Bucaramanga,Santander,2024-05-21,referido
6326,Medellín,Antioquia,2023-04-04,orgánico
6327,Neiva,Huila,2024-03-11,referido
6328,Medellín,Antioquia,2024-01-29,orgánico
6329,Bogotá,Cundinamarca,2023-05-06,orgánico
6330, Medellín ,Antioquia,2023-02-08,referido
6331,Bogotá,Cundinamarca,2023-09-24,publicidad_pago
6332,Manizales,Caldas,2023-02-14,redes_sociales
6333,Medellín,Antioquia,2023-03-04,publicidad_pago
6334,Barranquilla,Atlántico,2023-09-13,redes_sociales
6335,Medellín,Antioquia,2024-03-22,publicidad_pago
6336, Manizales ,Caldas,2024-06-27,orgánico
6337,Barranquilla,Atlántico,2023-12-10,publicidad_pago
6338,Cali,Valle del Cauca,2023-06-01,referido
6339,Bogotá,Cundinamarca,2023-06-29,publicidad_pago
6340,Manizales,Caldas,2023-12-02,publicidad_pago
6341,Cali,Valle del Cauca,2023-04-05,publicidad_pago
6342,Medellín,Antioquia,2023-10-11,redes_sociales
6343,,Risaralda,2024-02-25,redes_sociales
6344,Bogotá,Cundinamarca,2024-04-05,publicidad_pago
6345,Medellín,Antioquia,2023-02-02,redes_sociales
6346,Cali,Valle del Cauca,2023-06-07,redes_sociales
6347,Medellín,Antioquia,2023-05-20,publicidad_pago
6348,Cali,Valle del Cauca,2023-10-31,orgánico
6349,Bogotá,Cundinamarca,2023-04-12,publicidad_pago
6350,Bogotá,Cundinamarca,2024-06-03,publicidad_pago
6351,Bogotá,Cundinamarca,2024-05-16,orgánico
6352,Bogotá,Cundinamarca,2023-07-01,orgánico
6353,Neiva,Huila,2023-08-11,publicidad_pago
6354,Cali,Valle del Cauca,2023-08-29,orgánico
6355,Cali,Valle del Cauca,2023-01-24,referido
6356,Medellín,Antioquia,2024-05-01,orgánico
6357,Cartagena,Bolívar,2024-03-02,orgánico
6358,Bogotá,Cundinamarca,2023-07-01,orgánico
6359,Bogotá,Cundinamarca,2023-10-27,publicidad_pago
6360,Barranquilla,Atlántico,2023-07-28,redes_sociales
6361,Cali,Valle del Cauca,2023-05-05,publicidad_pago
6362,Bucaramanga,Santander,2023-06-16,referido
6363,Manizales,Caldas,2023-02-28,redes_sociales
6364,Ibagué,Tolima,2024-03-18,orgánico
6365,Bogotá,Cundinamarca,2023-12-25,orgánico
6366, Bogotá ,Cundinamarca,2024-05-23,publicidad_pago
6367,Bogotá,Cundinamarca,2023-01-04,orgánico
6368,Ibagué,Tolima,2023-12-12,publicidad_pago
6369,Manizales,Caldas,2023-11-03,publicidad_pago
6370,Cúcuta,Norte de Santander,2023-12-08,redes_sociales
6371,Medellín,Antioquia,2024-06-25,redes_sociales
6372,Pereira,Risaralda,2023-08-02,referido
6373,Cali,Valle del Cauca,2023-03-19,publicidad_pago
6374,Ibagué,Tolima,2023-01-07,publicidad_pago
6375,Cali,Valle del Cauca,2023-09-27,redes_sociales
6376,Bogotá,Cundinamarca,2023-04-06,redes_sociales
6377,Bogotá,Cundinamarca,2023-03-19,redes_sociales
6378,Neiva,Huila,2023-03-22,referido
6379,Medellín,Antioquia,2023-06-01,redes_sociales
6380,Medellín,Antioquia,2023-03-05,publicidad_pago
6381,Medellín,Antioquia,2023-09-23,orgánico
6382,Medellín,Antioquia,2023-12-24,publicidad_pago
6383,Cúcuta,Norte de Santander,2023-06-08,redes_sociales
6384,Bogotá,Cundinamarca,2023-03-16,publicidad_pago
6385,Bogotá,Cundinamarca,2023-11-10,orgánico
6386, Ibagué ,Tolima,2023-02-16,publicidad_pago
6387,Cali,Valle del Cauca,2024-02-08,publicidad_pago
6388,Bogotá,Cundinamarca,2023-07-29,redes_sociales
6389,Bogotá,Cundinamarca,2023-08-13,orgánico
6390,Bogotá,Cundinamarca,2023-05-17,orgánico
6391,Bogotá,Cundinamarca,2023-06-04,orgánico
6392,Bogotá,Cundinamarca,2023-03-21,orgánico
6393,Bogotá,Cundinamarca,2023-11-02,redes_sociales
6394,Bucaramanga,Santander,2023-03-21,redes_sociales
6395, Pereira ,Risaralda,2024-01-08,redes_sociales
6396,Manizales,Caldas,2023-05-21,publicidad_pago
6397,Medellín,Antioquia,2023-11-06,redes_sociales
6398,Medellín,Antioquia,2023-10-21,orgánico
6399,Santa Marta,Magdalena,2023-12-13,publicidad_pago
6400,Bucaramanga,Santander,2024-02-19,redes_sociales
6401,Cali,Valle del Cauca,2023-11-03,publicidad_pago
6402,Bogotá,Cundinamarca,2024-04-11,referido
6403,Medellín,Antioquia,2023-05-22,publicidad_pago
6404,,Valle del Cauca,2024-02-16,redes_sociales
6405,Cali,Valle del Cauca,2023-07-07,redes_sociales
6406,Bogotá,Cundinamarca,2023-12-10,publicidad_pago
6407, Neiva ,Huila,2023-09-27,publicidad_pago
6408,Cali,Valle del Cauca,2024-05-11,orgánico
6409,Barranquilla,Atlántico,2023-05-29,redes_sociales
6410,Bogotá,Cundinamarca,2023-10-12,publicidad_pago
6411,Bucaramanga,Santander,2023-03-31,publicidad_pago
6412,Bucaramanga,Santander,2023-12-13,orgánico
6413,Bogotá,Cundinamarca,2023-01-21,redes_sociales
6414,Barranquilla,Atlántico,2023-08-14,redes_sociales
6415,Barranquilla,Atlántico,2023-01-06,orgánico
6416,Pereira,Risaralda,2023-06-29,publicidad_pago
6417,Bogotá,Cundinamarca,2023-09-22,redes_sociales
6418,Pereira,Risaralda,2023-07-01,orgánico
6419,Cali,Valle del Cauca,2023-07-31,orgánico
6420,Bogotá,Cundinamarca,2023-03-23,publicidad_pago
6421,Bogotá,Cundinamarca,2024-01-26,publicidad_pago
6422,Bogotá,Cundinamarca,2024-03-11,publicidad_pago
6423,Medellín,Antioquia,2023-09-06,referido
6424,Cali,Valle del Cauca,2023-01-31,referido
6425,Bucaramanga,Santander,2023-02-04,redes_sociales
6426,Bogotá,Cundinamarca,2024-01-05,orgánico
6427,Santa Marta,Magdalena,2024-05-23,publicidad_pago
6428,Bogotá,Cundinamarca,2024-04-17,redes_sociales
6429,Barranquilla,Atlántico,2023-08-10,redes_sociales
6430,Cúcuta,Norte de Santander,2023-09-30,referido
6431,Pereira,Risaralda,2023-03-31,orgánico
6432,Barranquilla,Atlántico,2023-02-08,referido
6433,Cartagena,Bolívar,2024-02-23,redes_sociales
6434,Bogotá,Cundinamarca,2023-08-23,orgánico
6435,Bogotá,Cundinamarca,2023-09-29,publicidad_pago
6436,Medellín,Antioquia,2023-07-07,publicidad_pago
6437,Bogotá,Cundinamarca,2023-06-21,redes_sociales
6438,Medellín,Antioquia,2024-06-23,redes_sociales
6439,Bogotá,Cundinamarca,2024-03-22,orgánico
6440,Manizales,Caldas,2024-01-14,orgánico
6441,Manizales,Caldas,2023-08-01,orgánico
6442,Ibagué,Tolima,2024-01-30,orgánico
6443,Cartagena,Bolívar,2023-07-05,orgánico
6444,Bogotá,Cundinamarca,2023-10-10,redes_sociales
6445,Bogotá,Cundinamarca,2023-03-21,orgánico
6446,Barranquilla,Atlántico,2024-01-24,redes_sociales
6447,Barranquilla,Atlántico,2023-02-03,orgánico
6448,Medellín,Antioquia,2024-01-31,orgánico
6449,Cali,Valle del Cauca,2023-11-27,referido
6450,Cali,Valle del Cauca,2023-02-06,referido
6451,Bogotá,Cundinamarca,2023-10-04,publicidad_pago
6452,Medellín,Antioquia,2023-05-02,orgánico
6453,Medellín,Antioquia,2023-09-18,publicidad_pago
6454,Barranquilla,Atlántico,2023-01-08,orgánico
6455,Neiva,Huila,2024-01-30,redes_sociales
6456,Cali,Valle del Cauca,2023-10-06,publicidad_pago
6457,Bucaramanga,Santander,2023-07-18,redes_sociales
6458,Ibagué,Tolima,2024-04-24,referido
6459,Bogotá,Cundinamarca,2023-12-19,publicidad_pago
6460,Barranquilla,Atlántico,2023-11-30,orgánico
6461,Cali,Valle del Cauca,2023-03-22,orgánico
6462,Cali,Valle del Cauca,2023-10-01,publicidad_pago
6463,Bogotá,Cundinamarca,2024-01-19,redes_sociales
6464,Manizales,Caldas,2024-05-21,orgánico
6465,Neiva,Huila,2023-11-27,orgánico
6466,Bogotá,Cundinamarca,2023-04-05,referido
6467,Bogotá,Cundinamarca,2024-01-06,orgánico
6468,Bogotá,Cundinamarca,2023-02-10,referido
6469,Ibagué,Tolima,2023-06-21,publicidad_pago
6470,Barranquilla,Atlántico,2024-05-16,orgánico
6471, Bogotá ,Cundinamarca,2024-03-14,redes_sociales
6472,Ibagué,Tolima,2024-05-08,publicidad_pago
6473,Medellín,Antioquia,2023-07-12,redes_sociales
6474,Cali,Valle del Cauca,2024-01-09,orgánico
6475,Medellín,Antioquia,2024-01-18,orgánico
6476,Cali,Valle del Cauca,2023-05-15,publicidad_pago
6477,Cali,Valle del Cauca,2024-05-30,publicidad_pago
6478,Bogotá,Cundinamarca,2024-06-14,redes_sociales
6479,Medellín,Antioquia,2023-03-02,orgánico
6480,Manizales,Caldas,2024-02-23,redes_sociales
6481,Cali,Valle del Cauca,2023-09-02,publicidad_pago
6482,Manizales,Caldas,2024-01-04,orgánico
6483,Cali,Valle del Cauca,2023-10-31,referido
6484,,Santander,2023-05-02,publicidad_pago
6485,Medellín,Antioquia,2023-02-22,orgánico
6486,Ibagué,Tolima,2023-10-08,publicidad_pago
6487,Bogotá,Cundinamarca,2024-04-02,publicidad_pago
6488,Bogotá,Cundinamarca,2024-03-25,publicidad_pago
6489,Bogotá,Cundinamarca,2023-05-31,orgánico
6490,Bogotá,Cundinamarca,2024-04-15,referido
6491,Cúcuta,Norte de Santander,2023-07-14,redes_sociales
6492,Santa Marta,Magdalena,2023-11-04,publicidad_pago
6493,Bucaramanga,Santander,2023-06-27,orgánico
6494,Bogotá,Cundinamarca,2023-10-13,orgánico
6495,Manizales,Caldas,2023-10-17,referido
6496,Bucaramanga,Santander,2024-01-17,redes_sociales
6497,Medellín,Antioquia,2023-09-16,orgánico
6498,Cali,Valle del Cauca,2023-10-16,publicidad_pago
6499,Cartagena,Bolívar,2023-12-23,orgánico
6500,Bogotá,Cundinamarca,2023-08-17,publicidad_pago
6501,Cali,Valle del Cauca,2023-10-14,referido
6502,Bucaramanga,Santander,2023-02-16,orgánico
6503,Bogotá,Cundinamarca,2024-04-20,redes_sociales
6504,Medellín,Antioquia,2023-03-10,referido
6505,Cali,Valle del Cauca,2024-04-22,referido
6506,Bucaramanga,Santander,2024-02-20,redes_sociales
6507,Neiva,Huila,2024-06-02,publicidad_pago
6508,Pereira,Risaralda,2023-01-14,redes_sociales
6509,Barranquilla,Atlántico,2023-04-29,orgánico
6510,Barranquilla,Atlántico,2023-01-29,publicidad_pago
6511,Barranquilla,Atlántico,2023-08-17,orgánico
6512,Cali,Valle del Cauca,2024-05-09,orgánico
6513,Bogotá,Cundinamarca,2024-02-24,redes_sociales
6514,Cartagena,Bolívar,2024-01-21,publicidad_pago
6515,Cartagena,Bolívar,2024-04-09,orgánico
6516,Cali,Valle del Cauca,2023-01-03,orgánico
6517,Pereira,Risaralda,2024-03-06,orgánico
6518,Cartagena,Bolívar,2023-06-20,orgánico
6519,Medellín,Antioquia,2024-01-13,referido
6520, Bogotá ,Cundinamarca,2024-02-22,redes_sociales
6521,Bogotá,Cundinamarca,2024-01-11,orgánico
6522,Medellín,Antioquia,2023-08-17,referido
6523,Cali,Valle del Cauca,2023-12-01,orgánico
6524,Bogotá,Cundinamarca,2023-09-14,redes_sociales
6525,Bogotá,Cundinamarca,2023-12-10,publicidad_pago
6526,Bogotá,Cundinamarca,2023-09-08,publicidad_pago
6527, Ibagué ,Tolima,2023-08-04,orgánico
6528,Bucaramanga,Santander,2023-04-21,publicidad_pago
6529,Medellín,Antioquia,2023-07-31,redes_sociales
6530,Bogotá,Cundinamarca,2024-01-30,publicidad_pago
6531,Bogotá,Cundinamarca,2024-04-21,orgánico
6532,Bogotá,Cundinamarca,2023-02-26,publicidad_pago
6533,Medellín,Antioquia,2023-04-10,redes_sociales
6534,Bogotá,Cundinamarca,2023-10-05,publicidad_pago
6535, Medellín ,Antioquia,2024-01-20,referido
6536,Neiva,Huila,2023-04-03,publicidad_pago
6537,Cali,Valle del Cauca,2023-06-27,publicidad_pago
6538,,Tolima,2023-01-26,orgánico
6539,Bogotá,Cundinamarca,2023-01-29,orgánico
6540,Bogotá,Cundinamarca,2023-03-20,redes_sociales
6541,Cúcuta,Norte de Santander,2024-02-03,orgánico
6542,Medellín,Antioquia,2024-04-20,publicidad_pago
6543,,Atlántico,2023-09-30,publicidad_pago
6544,Neiva,Huila,2023-04-07,redes_sociales
6545,Cali,Valle del Cauca,2024-05-19,orgánico
6546,Medellín,Antioquia,2023-06-02,publicidad_pago
6547,Cali,Valle del Cauca,2023-03-26,redes_sociales
6548,Bogotá,Cundinamarca,2023-03-17,redes_sociales
6549,Bogotá,Cundinamarca,2023-07-13,redes_sociales
6550,Bogotá,Cundinamarca,2024-02-07,orgánico
6551,Manizales,Caldas,2023-08-06,publicidad_pago
6552,Cartagena,Bolívar,2023-09-01,orgánico
6553,Medellín,Antioquia,2023-07-06,redes_sociales
6554,Bogotá,Cundinamarca,2024-05-31,orgánico
6555,Cartagena,Bolívar,2024-01-09,orgánico
6556,Manizales,Caldas,2023-12-30,orgánico
6557,Medellín,Antioquia,2023-08-28,orgánico
6558,Medellín,Antioquia,2023-10-18,publicidad_pago
6559,Pereira,Risaralda,2024-04-29,publicidad_pago
6560,Manizales,Caldas,2023-12-26,orgánico
6561,Manizales,Caldas,2024-03-21,orgánico
6562,Medellín,Antioquia,2023-01-23,publicidad_pago
6563,Bogotá,Cundinamarca,2024-04-15,orgánico
6564,Medellín,Antioquia,2024-06-04,redes_sociales
6565,Medellín,Antioquia,2024-01-01,orgánico
6566,Manizales,Caldas,2024-06-07,redes_sociales
6567,Bogotá,Cundinamarca,2023-11-07,referido
6568,Barranquilla,Atlántico,2023-06-01,orgánico
6569,Manizales,Caldas,2023-11-28,referido
6570,Neiva,Huila,2023-12-10,publicidad_pago
6571,Barranquilla,Atlántico,2023-03-21,referido
6572,Cúcuta,Norte de Santander,2023-04-21,publicidad_pago
6573,Bogotá,Cundinamarca,2023-06-09,publicidad_pago
6574,Medellín,Antioquia,2023-10-27,redes_sociales
6575,Bogotá,Cundinamarca,2023-03-22,publicidad_pago
6576,Santa Marta,Magdalena,2024-02-26,orgánico
6577,Manizales,Caldas,2023-03-01,publicidad_pago
6578,Bogotá,Cundinamarca,2024-05-29,redes_sociales
6579,Bogotá,Cundinamarca,2024-01-05,orgánico
6580,Medellín,Antioquia,2023-07-05,orgánico
6581,Bogotá,Cundinamarca,2023-07-23,orgánico
6582,Pereira,Risaralda,2024-01-15,redes_sociales
6583,Bogotá,Cundinamarca,2023-02-18,orgánico
6584,Ibagué,Tolima,2024-01-27,orgánico
6585,Cali,Valle del Cauca,2023-10-30,orgánico
6586,Medellín,Antioquia,2023-05-01,redes_sociales
6587,Bogotá,Cundinamarca,2024-05-05,orgánico
6588,Santa Marta,Magdalena,2023-12-11,orgánico
6589,Barranquilla,Atlántico,2023-03-31,orgánico
6590,Medellín,Antioquia,2023-12-25,redes_sociales
6591,Medellín,Antioquia,2023-08-13,orgánico
6592,Manizales,Caldas,2024-02-22,referido
6593,Ibagué,Tolima,2023-09-27,orgánico
6594,Ibagué,Tolima,2024-06-30,orgánico
6595,Barranquilla,Atlántico,2024-05-22,redes_sociales
6596,Manizales,Caldas,2023-01-23,publicidad_pago
6597,Medellín,Antioquia,2023-08-13,redes_sociales
6598,Cartagena,Bolívar,2023-04-21,orgánico
6599,Medellín,Antioquia,2023-09-04,redes_sociales
6600,Barranquilla,Atlántico,2023-03-21,redes_sociales
6601,Santa Marta,Magdalena,2023-10-21,redes_sociales
6602,Santa Marta,Magdalena,2023-03-26,referido
6603,Cali,Valle del Cauca,2023-12-07,referido
6604,Cali,Valle del Cauca,2023-09-06,redes_sociales
6605,Manizales,Caldas,2024-06-27,orgánico
6606,SANTA MARTA,Magdalena,2024-04-25,redes_sociales
6607,Bucaramanga,Santander,2023-11-25,referido
6608,,Cundinamarca,2023-09-03,referido
6609,MEDELLÍN,Antioquia,2024-01-27,orgánico
6610,,Caldas,2024-01-01,orgánico
6611,Bucaramanga,Santander,2023-03-18,orgánico
6612,Bucaramanga,Santander,2023-07-25,publicidad_pago
6613,Cartagena,Bolívar,2024-06-26,redes_sociales
6614,Medellín,Antioquia,2023-06-24,orgánico
6615,Medellín,Antioquia,2023-01-08,orgánico
6616,Ibagué,Tolima,2024-04-01,orgánico
6617,Medellín,Antioquia,2024-05-25,publicidad_pago
6618,Cartagena,Bolívar,2023-12-25,redes_sociales
6619,Bucaramanga,Santander,2023-12-14,orgánico
6620,Pereira,Risaralda,2023-07-11,publicidad_pago
6621,Medellín,Antioquia,2023-07-16,redes_sociales
6622,Bucaramanga,Santander,2024-05-15,publicidad_pago
6623,Bogotá,Cundinamarca,2024-04-14,publicidad_pago
6624,Bogotá,Cundinamarca,2023-09-30,orgánico
6625,Medellín,Antioquia,2023-06-21,orgánico
6626,Bogotá,Cundinamarca,2023-04-13,orgánico
6627,Cúcuta,Norte de Santander,2023-01-06,publicidad_pago
6628,Manizales,Caldas,2023-09-22,referido
6629,Bogotá,Cundinamarca,2023-10-30,orgánico
6630,Pereira,Risaralda,2024-01-05,publicidad_pago
6631,Cali,Valle del Cauca,2024-03-16,publicidad_pago
6632,Cartagena,Bolívar,2023-07-20,referido
6633,Manizales,Caldas,2023-04-02,redes_sociales
6634,Cali,Valle del Cauca,2024-04-06,orgánico
6635,Bogotá,Cundinamarca,2024-02-22,publicidad_pago
6636,Bogotá,Cundinamarca,2023-10-19,publicidad_pago
6637,Cali,Valle del Cauca,2023-01-22,publicidad_pago
6638,Cúcuta,Norte de Santander,2023-09-13,publicidad_pago
6639,Cali,Valle del Cauca,2023-12-05,redes_sociales
6640,Medellín,Antioquia,2024-04-14,publicidad_pago
6641,BOGOTÁ,Cundinamarca,2023-10-05,orgánico
6642,Manizales,Caldas,2023-09-11,redes_sociales
6643,Medellín,Antioquia,2023-07-27,orgánico
6644,Cartagena,Bolívar,2023-08-15,orgánico
6645,Cartagena,Bolívar,2023-01-09,orgánico
6646,Bogotá,Cundinamarca,2023-02-26,publicidad_pago
6647,Bogotá,Cundinamarca,2024-02-18,publicidad_pago
6648,Medellín,Antioquia,2023-07-18,orgánico
6649,Medellín,Antioquia,2024-04-10,redes_sociales
6650,Cartagena,Bolívar,2023-08-06,orgánico
6651,Ibagué,Tolima,2024-06-29,redes_sociales
6652,Bogotá,Cundinamarca,2023-04-09,orgánico
6653,Cali,Valle del Cauca,2023-04-13,redes_sociales
6654,Bogotá,Cundinamarca,2023-11-18,referido
6655,Bogotá,Cundinamarca,2024-03-15,redes_sociales
6656,Bucaramanga,Santander,2023-03-20,publicidad_pago
6657,Ibagué,Tolima,2023-10-03,publicidad_pago
6658,Bucaramanga,Santander,2023-05-03,orgánico
6659,Bogotá,Cundinamarca,2024-02-08,orgánico
6660,Cali,Valle del Cauca,2023-11-03,orgánico
6661,Medellín,Antioquia,2023-12-24,redes_sociales
6662,Santa Marta,Magdalena,2023-05-28,publicidad_pago
6663,Barranquilla,Atlántico,2023-06-08,redes_sociales
6664,Cúcuta,Norte de Santander,2023-12-16,redes_sociales
6665,Bogotá,Cundinamarca,2023-07-13,orgánico
6666,Medellín,Antioquia,2024-01-13,orgánico
6667,Bucaramanga,Santander,2023-03-26,referido
6668,Medellín,Antioquia,2023-06-14,orgánico
6669,Barranquilla,Atlántico,2023-02-25,publicidad_pago
6670,Cali,Valle del Cauca,2023-02-17,orgánico
6671, Santa Marta ,Magdalena,2023-05-24,orgánico
6672,Bogotá,Cundinamarca,2023-09-25,orgánico
6673,Cúcuta,Norte de Santander,2023-03-20,referido
6674,Medellín,Antioquia,2023-02-20,orgánico
6675,Cali,Valle del Cauca,2024-04-24,publicidad_pago
6676,Cali,Valle del Cauca,2023-10-09,orgánico
6677,Bogotá,Cundinamarca,2024-01-27,redes_sociales
6678,Neiva,Huila,2024-02-02,redes_sociales
6679,Manizales,Caldas,2023-02-25,redes_sociales
6680,Neiva,Huila,2023-12-06,orgánico
6681,Santa Marta,Magdalena,2024-04-15,orgánico
6682, Cartagena ,Bolívar,2023-09-03,publicidad_pago
6683,Medellín,Antioquia,2024-04-16,redes_sociales
6684,Pereira,Risaralda,2024-06-01,orgánico
6685,Bogotá,Cundinamarca,2023-10-26,redes_sociales
6686,Pereira,Risaralda,2023-02-25,orgánico
6687,Cali,Valle del Cauca,2023-12-04,redes_sociales
6688,Cartagena,Bolívar,2024-04-26,redes_sociales
6689,Medellín,Antioquia,2023-11-13,orgánico
6690,Medellín,Antioquia,2024-03-13,redes_sociales
6691,Bogotá,Cundinamarca,2023-10-20,redes_sociales
6692,Medellín,Antioquia,2023-08-18,referido
6693,Medellín,Antioquia,2024-06-01,publicidad_pago
6694, Bogotá ,Cundinamarca,2023-03-25,redes_sociales
6695,Bogotá,Cundinamarca,2023-09-02,publicidad_pago
6696,Barranquilla,Atlántico,2023-03-27,orgánico
6697,Medellín,Antioquia,2023-12-25,publicidad_pago
6698,Pereira,Risaralda,2024-05-19,orgánico
6699,Bogotá,Cundinamarca,2024-06-29,orgánico
6700,Cali,Valle del Cauca,2023-05-08,redes_sociales
6701,Bogotá,Cundinamarca,2024-02-03,orgánico
6702,Cali,Valle del Cauca,2024-04-23,publicidad_pago
6703,Cali,Valle del Cauca,2024-04-01,redes_sociales
6704,Barranquilla,Atlántico,2023-10-03,orgánico
6705,Medellín,Antioquia,2023-04-06,redes_sociales
6706,CALI,Valle del Cauca,2023-09-10,redes_sociales
6707,Bogotá,Cundinamarca,2024-02-29,publicidad_pago
6708,Cali,Valle del Cauca,2023-12-05,publicidad_pago
6709,Medellín,Antioquia,2023-08-01,orgánico
6710,Cartagena,Bolívar,2023-04-28,publicidad_pago
6711,Medellín,Antioquia,2023-12-23,redes_sociales
6712,Bucaramanga,Santander,2023-08-23,orgánico
6713,Medellín,Antioquia,2023-09-16,redes_sociales
6714,Bogotá,Cundinamarca,2024-05-28,orgánico
6715,Bogotá,Cundinamarca,2023-01-05,orgánico
6716,Bogotá,Cundinamarca,2023-05-11,orgánico
6717,Cali,Valle del Cauca,2024-05-18,publicidad_pago
6718,Pereira,Risaralda,2024-05-19,referido
6719,Bucaramanga,Santander,2023-06-15,referido
6720,Medellín,Antioquia,2024-06-27,orgánico
6721,Bogotá,Cundinamarca,2023-04-26,redes_sociales
6722,Pereira,Risaralda,2023-01-29,publicidad_pago
6723,Bogotá,Cundinamarca,2023-06-17,orgánico
6724,Medellín,Antioquia,2023-10-18,redes_sociales
6725,Pereira,Risaralda,2023-01-04,orgánico
6726,Medellín,Antioquia,2023-04-04,redes_sociales
6727,Bogotá,Cundinamarca,2024-03-08,publicidad_pago
6728,Bogotá,Cundinamarca,2023-12-07,orgánico
6729,Barranquilla,Atlántico,2023-11-28,orgánico
6730,Bogotá,Cundinamarca,2024-06-25,publicidad_pago
6731,Barranquilla,Atlántico,2023-05-05,redes_sociales
6732,Medellín,Antioquia,2024-05-05,orgánico
6733,Medellín,Antioquia,2023-07-14,orgánico
6734,Bogotá,Cundinamarca,2024-05-20,referido
6735,Ibagué,Tolima,2024-03-04,redes_sociales
6736,Medellín,Antioquia,2023-04-27,redes_sociales
6737,Bucaramanga,Santander,2023-04-25,redes_sociales
6738,Medellín,Antioquia,2023-10-24,referido
6739,Bogotá,Cundinamarca,2023-10-03,orgánico
6740,Medellín,Antioquia,2023-05-09,orgánico
6741,Cali,Valle del Cauca,2023-05-23,redes_sociales
6742,Medellín,Antioquia,2024-05-06,publicidad_pago
6743,Ibagué,Tolima,2024-02-17,orgánico
6744,Manizales,Caldas,2023-04-15,orgánico
6745,Ibagué,Tolima,2024-02-01,orgánico
6746,Barranquilla,Atlántico,2023-03-26,redes_sociales
6747,Cali,Valle del Cauca,2023-09-01,redes_sociales
6748,Barranquilla,Atlántico,2023-01-07,redes_sociales
6749,Medellín,Antioquia,2023-12-22,orgánico
6750,Ibagué,Tolima,2023-04-10,publicidad_pago
6751,Pereira,Risaralda,2023-05-10,orgánico
6752,Bogotá,Cundinamarca,2023-04-14,publicidad_pago
6753,Manizales,Caldas,2023-04-11,orgánico
6754,Pereira,Risaralda,2023-02-12,referido
6755,Medellín,Antioquia,2023-10-31,redes_sociales
6756,Manizales,Caldas,2024-04-19,redes_sociales
6757,Bogotá,Cundinamarca,2023-06-14,orgánico
6758,Bogotá,Cundinamarca,2024-03-02,orgánico
6759,Medellín,Antioquia,2023-10-25,publicidad_pago
6760,Cali,Valle del Cauca,2023-05-20,redes_sociales
6761,Medellín,Antioquia,2023-02-03,publicidad_pago
6762,Cúcuta,Norte de Santander,2024-03-04,redes_sociales
6763, Bogotá ,Cundinamarca,2023-01-13,redes_sociales
6764,Medellín,Antioquia,2023-08-19,publicidad_pago
6765,Barranquilla,Atlántico,2023-01-19,redes_sociales
6766,Bogotá,Cundinamarca,2024-02-29,publicidad_pago
6767,Bucaramanga,Santander,2024-06-25,redes_sociales
6768,Medellín,Antioquia,2023-06-26,orgánico
6769,Neiva,Huila,2023-06-21,publicidad_pago
6770,Cartagena,Bolívar,2023-11-05,orgánico
6771,Bogotá,Cundinamarca,2023-10-02,orgánico
6772,BOGOTÁ,Cundinamarca,2023-07-28,orgánico
6773,Bogotá,Cundinamarca,2023-07-20,redes_sociales
6774,NEIVA,Huila,2023-04-13,redes_sociales
6775,Cartagena,Bolívar,2023-05-18,orgánico
6776,Medellín,Antioquia,2023-11-17,orgánico
6777,Bogotá,Cundinamarca,2024-02-06,orgánico
6778,Pereira,Risaralda,2024-02-15,orgánico
6779,,Cundinamarca,2023-10-10,orgánico
6780,Cartagena,Bolívar,2024-02-16,orgánico
6781,Bucaramanga,Santander,2023-11-20,publicidad_pago
6782, Medellín ,Antioquia,2023-07-14,publicidad_pago
6783,Cali,Valle del Cauca,2023-07-13,orgánico
6784,Bogotá,Cundinamarca,2023-10-11,orgánico
6785,Medellín,Antioquia,2023-06-18,orgánico
6786,Neiva,Huila,2024-02-22,orgánico
6787,Cartagena,Bolívar,2023-04-12,redes_sociales
6788,Pereira,Risaralda,2023-01-30,referido
6789,Cali,Valle del Cauca,2023-09-26,publicidad_pago
6790,Bogotá,Cundinamarca,2023-02-09,redes_sociales
6791,Cartagena,Bolívar,2023-04-15,orgánico
6792,Cali,Valle del Cauca,2023-07-25,publicidad_pago
6793,Bogotá,Cundinamarca,2023-01-03,referido
6794,Medellín,Antioquia,2023-05-03,orgánico
6795,Barranquilla,Atlántico,2023-10-25,publicidad_pago
6796,BUCARAMANGA,Santander,2023-07-24,orgánico
6797,Bogotá,Cundinamarca,2024-05-05,publicidad_pago
6798,Pereira,Risaralda,2023-02-21,orgánico
6799,Medellín,Antioquia,2024-01-29,redes_sociales
6800,,Cundinamarca,2023-11-20,orgánico
6801,Bogotá,Cundinamarca,2023-12-19,redes_sociales
6802,Ibagué,Tolima,2024-01-03,redes_sociales
6803,,Antioquia,2023-01-29,redes_sociales
6804,Cali,Valle del Cauca,2024-03-09,publicidad_pago
6805,Bogotá,Cundinamarca,2023-07-01,orgánico
6806,Cartagena,Bolívar,2023-12-22,publicidad_pago
6807,Ibagué,Tolima,2023-06-10,orgánico
6808,Medellín,Antioquia,2023-08-05,publicidad_pago
6809,Cúcuta,Norte de Santander,2024-01-18,orgánico
6810,Bogotá,Cundinamarca,2024-05-26,redes_sociales
6811,Bogotá,Cundinamarca,2024-04-25,redes_sociales
6812,Barranquilla,Atlántico,2024-02-02,referido
6813,Cartagena,Bolívar,2023-10-22,redes_sociales
6814,Bogotá,Cundinamarca,2023-10-16,orgánico
6815,Cali,Valle del Cauca,2024-06-12,publicidad_pago
6816,Medellín,Antioquia,2023-04-24,orgánico
6817,Cali,Valle del Cauca,2024-06-05,orgánico
6818,Barranquilla,Atlántico,2023-12-21,redes_sociales
6819, Neiva ,Huila,2023-12-04,publicidad_pago
6820,Medellín,Antioquia,2023-11-20,referido
6821,BARRANQUILLA,Atlántico,2024-03-20,referido
6822,Cali,Valle del Cauca,2024-01-09,orgánico
6823,Medellín,Antioquia,2023-02-21,orgánico
6824,Bogotá,Cundinamarca,2024-03-03,publicidad_pago
6825,Santa Marta,Magdalena,2024-02-03,orgánico
6826,Bogotá,Cundinamarca,2024-05-15,redes_sociales
6827,Ibagué,Tolima,2024-05-27,referido
6828,Bogotá,Cundinamarca,2024-06-03,orgánico
6829,Ibagué,Tolima,2023-01-24,redes_sociales
6830,Bogotá,Cundinamarca,2023-12-11,publicidad_pago
6831,Neiva,Huila,2024-05-26,redes_sociales
6832,Cartagena,Bolívar,2024-06-12,referido
6833,Bogotá,Cundinamarca,2023-10-28,redes_sociales
6834,Cartagena,Bolívar,2024-05-13,orgánico
6835,Barranquilla,Atlántico,2024-04-26,publicidad_pago
6836,Medellín,Antioquia,2023-01-02,publicidad_pago
6837,Bogotá,Cundinamarca,2024-04-29,referido
6838,Cartagena,Bolívar,2023-12-15,redes_sociales
6839,Bucaramanga,Santander,2023-11-10,redes_sociales
6840,Medellín,Antioquia,2023-04-08,orgánico
6841,Pereira,Risaralda,2024-05-17,orgánico
6842,Bogotá,Cundinamarca,2023-06-11,referido
6843,Bogotá,Cundinamarca,2023-08-17,referido
6844,Barranquilla,Atlántico,2023-06-12,redes_sociales
6845,Bogotá,Cundinamarca,2024-06-14,referido
6846,Bogotá,Cundinamarca,2023-09-22,redes_sociales
6847,Cali,Valle del Cauca,2023-03-04,publicidad_pago
6848,Medellín,Antioquia,2023-01-06,redes_sociales
6849,Bogotá,Cundinamarca,2024-06-20,publicidad_pago
6850,Cartagena,Bolívar,2023-05-09,publicidad_pago
6851,Cali,Valle del Cauca,2024-02-26,redes_sociales
6852,Pereira,Risaralda,2023-01-16,publicidad_pago
6853,Barranquilla,Atlántico,2024-05-05,redes_sociales
6854,Cali,Valle del Cauca,2023-12-22,publicidad_pago
6855,Bogotá,Cundinamarca,2023-05-03,orgánico
6856,Ibagué,Tolima,2024-05-01,orgánico
6857,Bogotá,Cundinamarca,2023-06-12,publicidad_pago
6858,Bogotá,Cundinamarca,2024-06-29,publicidad_pago
6859,Pereira,Risaralda,2023-11-24,referido
6860,Bucaramanga,Santander,2023-09-03,orgánico
6861,Barranquilla,Atlántico,2023-02-02,orgánico
6862,BOGOTÁ,Cundinamarca,2023-05-23,redes_sociales
6863,Bogotá,Cundinamarca,2023-02-01,publicidad_pago
6864,Cali,Valle del Cauca,2024-04-11,referido
6865,Bucaramanga,Santander,2023-02-24,publicidad_pago
6866,Cali,Valle del Cauca,2023-03-03,redes_sociales
6867,Bogotá,Cundinamarca,2023-03-10,publicidad_pago
6868,Bogotá,Cundinamarca,2024-06-16,orgánico
6869, Barranquilla ,Atlántico,2024-06-14,referido
6870,Cartagena,Bolívar,2024-01-27,redes_sociales
6871,Bogotá,Cundinamarca,2023-02-10,redes_sociales
6872,Bogotá,Cundinamarca,2023-10-03,redes_sociales
6873,Bogotá,Cundinamarca,2024-06-02,publicidad_pago
6874,Bogotá,Cundinamarca,2023-02-22,orgánico
6875,Cali,Valle del Cauca,2024-03-10,orgánico
6876,Bogotá,Cundinamarca,2023-01-10,publicidad_pago
6877,,Atlántico,2024-03-15,referido
6878,Bucaramanga,Santander,2023-10-25,redes_sociales
6879,Neiva,Huila,2024-04-30,orgánico
6880,Cúcuta,Norte de Santander,2023-08-15,redes_sociales
6881,Bogotá,Cundinamarca,2024-03-05,orgánico
6882,Bogotá,Cundinamarca,2024-04-05,orgánico
6883,Medellín,Antioquia,2023-06-27,orgánico
6884,Cartagena,Bolívar,2023-12-18,redes_sociales
6885,BOGOTÁ,Cundinamarca,2023-09-10,orgánico
6886,Medellín,Antioquia,2023-08-25,orgánico
6887,Medellín,Antioquia,2024-03-13,orgánico
6888,,Cundinamarca,2023-05-04,redes_sociales
6889,Cartagena,Bolívar,2023-03-07,orgánico
6890,Barranquilla,Atlántico,2023-09-20,orgánico
6891,Cali,Valle del Cauca,2024-03-25,redes_sociales
6892,Manizales,Caldas,2023-03-31,publicidad_pago
6893,Bogotá,Cundinamarca,2023-07-06,publicidad_pago
6894,Bogotá,Cundinamarca,2023-12-31,redes_sociales
6895,Medellín,Antioquia,2023-09-18,publicidad_pago
6896,BARRANQUILLA,Atlántico,2023-11-28,publicidad_pago
6897,Barranquilla,Atlántico,2023-10-16,publicidad_pago
6898,Bogotá,Cundinamarca,2024-03-19,redes_sociales
6899,Neiva,Huila,2024-04-23,orgánico
6900,Medellín,Antioquia,2023-09-03,orgánico
6901,Medellín,Antioquia,2023-08-25,orgánico
6902,Barranquilla,Atlántico,2023-06-02,redes_sociales
6903,Cúcuta,Norte de Santander,2023-08-31,referido
6904,Cartagena,Bolívar,2024-04-02,orgánico
6905,Neiva,Huila,2023-10-02,redes_sociales
6906,Bogotá,Cundinamarca,2024-01-13,referido
6907,Barranquilla,Atlántico,2023-08-17,redes_sociales
6908,Ibagué,Tolima,2024-01-22,orgánico
6909,Cali,Valle del Cauca,2024-01-25,referido
6910,Medellín,Antioquia,2023-10-16,orgánico
6911,Santa Marta,Magdalena,2024-05-26,orgánico
6912,Bogotá,Cundinamarca,2024-04-24,redes_sociales
6913,Medellín,Antioquia,2023-03-28,orgánico
6914,Pereira,Risaralda,2023-05-05,publicidad_pago
6915, Manizales ,Caldas,2024-06-06,orgánico
6916,Santa Marta,Magdalena,2023-08-08,publicidad_pago
6917,Manizales,Caldas,2023-06-19,orgánico
6918,Bogotá,Cundinamarca,2024-03-11,referido
6919,Cúcuta,Norte de Santander,2023-11-26,orgánico
6920,Medellín,Antioquia,2023-03-14,referido
6921,BARRANQUILLA,Atlántico,2023-02-20,orgánico
6922,Medellín,Antioquia,2024-03-18,publicidad_pago
6923,Ibagué,Tolima,2024-02-23,publicidad_pago
6924,Cali,Valle del Cauca,2023-07-12,redes_sociales
6925,Pereira,Risaralda,2024-04-16,orgánico
6926,Bogotá,Cundinamarca,2023-03-10,redes_sociales
6927,Bogotá,Cundinamarca,2024-04-20,redes_sociales
6928,Medellín,Antioquia,2023-02-13,redes_sociales
6929,Bogotá,Cundinamarca,2023-12-14,redes_sociales
6930,Cartagena,Bolívar,2024-04-06,referido
6931,Medellín,Antioquia,2023-12-05,referido
6932,Cali,Valle del Cauca,2024-03-01,redes_sociales
6933,Bogotá,Cundinamarca,2023-07-08,orgánico
6934,Bogotá,Cundinamarca,2023-06-07,orgánico
6935,Barranquilla,Atlántico,2023-05-26,publicidad_pago
6936,Medellín,Antioquia,2023-03-05,referido
6937,Bogotá,Cundinamarca,2023-06-01,redes_sociales
6938,Bogotá,Cundinamarca,2023-05-16,orgánico
6939,Bogotá,Cundinamarca,2024-02-18,redes_sociales
6940,Barranquilla,Atlántico,2023-04-27,redes_sociales
6941,Bogotá,Cundinamarca,2023-04-01,referido
6942,Medellín,Antioquia,2024-02-05,publicidad_pago
6943,Cartagena,Bolívar,2023-10-22,orgánico
6944,Cali,Valle del Cauca,2023-04-28,orgánico
6945,Barranquilla,Atlántico,2024-01-22,orgánico
6946,Bogotá,Cundinamarca,2023-04-29,publicidad_pago
6947,Cúcuta,Norte de Santander,2024-03-05,publicidad_pago
6948,Medellín,Antioquia,2023-01-18,orgánico
6949,Medellín,Antioquia,2023-11-19,orgánico
6950,Manizales,Caldas,2023-11-23,referido
6951,Barranquilla,Atlántico,2023-07-23,publicidad_pago
6952,Barranquilla,Atlántico,2024-01-12,redes_sociales
6953,Manizales,Caldas,2023-07-27,redes_sociales
6954,Bogotá,Cundinamarca,2023-12-24,referido
6955,Pereira,Risaralda,2023-05-03,publicidad_pago
6956,Cartagena,Bolívar,2023-11-08,referido
6957,Medellín,Antioquia,2024-02-18,orgánico
6958,Bogotá,Cundinamarca,2024-06-12,orgánico
6959,Bogotá,Cundinamarca,2023-07-17,orgánico
6960,Cúcuta,Norte de Santander,2023-09-16,publicidad_pago
6961,Bogotá,Cundinamarca,2023-09-18,publicidad_pago
6962,Bogotá,Cundinamarca,2024-04-15,orgánico
6963,CARTAGENA,Bolívar,2024-06-10,referido
6964,Cartagena,Bolívar,2023-12-20,referido
6965,Bogotá,Cundinamarca,2024-03-25,orgánico
6966,Ibagué,Tolima,2023-02-16,redes_sociales
6967,Cali,Valle del Cauca,2024-02-20,publicidad_pago
6968,Pereira,Risaralda,2024-03-19,orgánico
6969,Bogotá,Cundinamarca,2024-01-27,publicidad_pago
6970,Bogotá,Cundinamarca,2023-11-16,orgánico
6971,Barranquilla,Atlántico,2024-05-07,referido
6972,Bogotá,Cundinamarca,2023-12-24,publicidad_pago
6973,Cali,Valle del Cauca,2024-04-07,referido
6974,Bogotá,Cundinamarca,2023-04-09,publicidad_pago
6975,Bucaramanga,Santander,2023-12-30,orgánico
6976,Manizales,Caldas,2023-08-28,redes_sociales
6977,Pereira,Risaralda,2024-04-19,publicidad_pago
6978,Neiva,Huila,2024-04-26,orgánico
6979,Manizales,Caldas,2024-04-06,publicidad_pago
6980,MEDELLÍN,Antioquia,2023-04-28,orgánico
6981,Medellín,Antioquia,2023-09-27,orgánico
6982,Manizales,Caldas,2023-01-01,redes_sociales
6983,Cúcuta,Norte de Santander,2024-06-19,publicidad_pago
6984,Neiva,Huila,2023-05-21,redes_sociales
6985,Bucaramanga,Santander,2023-12-08,redes_sociales
6986,Bogotá,Cundinamarca,2023-09-24,redes_sociales
6987,Cúcuta,Norte de Santander,2024-05-09,publicidad_pago
6988,Cúcuta,Norte de Santander,2024-03-25,redes_sociales
6989,Cartagena,Bolívar,2024-02-29,redes_sociales
6990,Pereira,Risaralda,2023-12-18,redes_sociales
6991,Cali,Valle del Cauca,2023-03-07,redes_sociales
6992,Cúcuta,Norte de Santander,2024-05-17,orgánico
6993,Bogotá,Cundinamarca,2023-02-04,publicidad_pago
6994,Pereira,Risaralda,2023-09-07,orgánico
6995,Bogotá,Cundinamarca,2023-07-27,publicidad_pago
6996,Medellín,Antioquia,2023-08-02,publicidad_pago
6997,BOGOTÁ,Cundinamarca,2024-06-18,redes_sociales
6998,Cali,Valle del Cauca,2023-05-07,publicidad_pago
6999,Bogotá,Cundinamarca,2023-11-14,publicidad_pago
7000,Neiva,Huila,2023-04-30,orgánico
7001,Cali,Valle del Cauca,2024-05-13,publicidad_pago
7002,Manizales,Caldas,2024-02-07,referido
7003,BOGOTÁ,Cundinamarca,2023-08-15,orgánico
7004,Bogotá,Cundinamarca,2023-02-13,orgánico
7005,Bucaramanga,Santander,2023-03-25,redes_sociales
7006,Cartagena,Bolívar,2023-05-13,redes_sociales
7007,Cali,Valle del Cauca,2023-08-11,redes_sociales
7008,Ibagué,Tolima,2024-04-29,redes_sociales
7009,Pereira,Risaralda,2023-03-07,publicidad_pago
7010,Barranquilla,Atlántico,2023-11-12,orgánico
7011,Neiva,Huila,2023-07-09,redes_sociales
7012,Cartagena,Bolívar,2023-01-26,publicidad_pago
7013,Cartagena,Bolívar,2023-12-05,redes_sociales
7014,Medellín,Antioquia,2024-01-21,redes_sociales
7015,Bogotá,Cundinamarca,2024-06-08,orgánico
7016,BOGOTÁ,Cundinamarca,2023-10-05,orgánico
7017,Bucaramanga,Santander,2023-06-27,redes_sociales
7018,Cartagena,Bolívar,2024-04-12,redes_sociales
7019,Medellín,Antioquia,2023-05-16,publicidad_pago
7020,Barranquilla,Atlántico,2024-01-09,redes_sociales
7021, Bogotá ,Cundinamarca,2024-05-31,publicidad_pago
7022,Bogotá,Cundinamarca,2023-01-03,publicidad_pago
7023,Cúcuta,Norte de Santander,2024-05-21,orgánico
7024,Medellín,Antioquia,2023-04-23,orgánico
7025,Bogotá,Cundinamarca,2023-09-21,publicidad_pago
7026,Cali,Valle del Cauca,2023-05-22,orgánico
7027,Medellín,Antioquia,2023-03-21,orgánico
7028,,Santander,2024-01-20,orgánico
7029,Neiva,Huila,2023-09-21,publicidad_pago
7030,Barranquilla,Atlántico,2023-10-06,orgánico
7031,Barranquilla,Atlántico,2023-09-22,orgánico
7032,Medellín,Antioquia,2024-02-13,redes_sociales
7033,Cali,Valle del Cauca,2024-06-12,publicidad_pago
7034,Medellín,Antioquia,2023-10-08,orgánico
7035,Bogotá,Cundinamarca,2023-03-27,publicidad_pago
7036,Pereira,Risaralda,2023-06-29,redes_sociales
7037,Medellín,Antioquia,2023-09-29,redes_sociales
7038,Cali,Valle del Cauca,2023-02-26,redes_sociales
7039,Bogotá,Cundinamarca,2023-05-06,orgánico
7040,Pereira,Risaralda,2023-04-21,orgánico
7041,Bogotá,Cundinamarca,2024-06-16,publicidad_pago
7042,Medellín,Antioquia,2023-08-08,orgánico
7043,Pereira,Risaralda,2024-04-25,referido
7044,Medellín,Antioquia,2023-10-29,orgánico
7045,Cúcuta,Norte de Santander,2023-10-04,redes_sociales
7046,Bogotá,Cundinamarca,2024-05-28,redes_sociales
7047,,Bolívar,2024-01-14,publicidad_pago
7048,Neiva,Huila,2023-05-12,orgánico
7049,Cali,Valle del Cauca,2023-06-04,orgánico
7050,Cartagena,Bolívar,2023-12-31,redes_sociales
7051,Medellín,Antioquia,2023-01-02,orgánico
7052,Bucaramanga,Santander,2023-03-25,redes_sociales
7053,Manizales,Caldas,2023-02-10,publicidad_pago
7054,CARTAGENA,Bolívar,2024-01-26,orgánico
7055,Cúcuta,Norte de Santander,2023-08-30,publicidad_pago
7056,Barranquilla,Atlántico,2023-01-07,orgánico
7057,Cali,Valle del Cauca,2024-02-10,publicidad_pago
7058,Medellín,Antioquia,2023-12-25,referido
7059,Cartagena,Bolívar,2024-01-29,publicidad_pago
7060,Manizales,Caldas,2023-03-31,referido
7061,Barranquilla,Atlántico,2024-04-23,publicidad_pago
7062,Bogotá,Cundinamarca,2023-04-09,orgánico
7063,Cali,Valle del Cauca,2023-11-09,orgánico
7064,Bucaramanga,Santander,2023-11-02,orgánico
7065,Cúcuta,Norte de Santander,2023-04-30,redes_sociales
7066,Bogotá,Cundinamarca,2023-07-25,redes_sociales
7067, Bogotá ,Cundinamarca,2023-01-29,redes_sociales
7068,Medellín,Antioquia,2023-09-15,publicidad_pago
7069,Bogotá,Cundinamarca,2024-01-06,redes_sociales
7070,Santa Marta,Magdalena,2023-06-18,orgánico
7071,Medellín,Antioquia,2023-10-22,orgánico
7072,Cali,Valle del Cauca,2024-06-05,referido
7073,Bogotá,Cundinamarca,2023-05-09,orgánico
7074,Medellín,Antioquia,2023-06-08,orgánico
7075,Santa Marta,Magdalena,2023-03-07,orgánico
7076,Cali,Valle del Cauca,2023-10-24,referido
7077,Bogotá,Cundinamarca,2023-04-22,orgánico
7078,Bogotá,Cundinamarca,2024-04-12,redes_sociales
7079,Neiva,Huila,2023-06-09,orgánico
7080,Santa Marta,Magdalena,2023-12-30,orgánico
7081,Bogotá,Cundinamarca,2023-04-14,publicidad_pago
7082,Barranquilla,Atlántico,2023-06-26,redes_sociales
7083,Bogotá,Cundinamarca,2023-04-04,publicidad_pago
7084,Cali,Valle del Cauca,2023-10-30,orgánico
7085,Bogotá,Cundinamarca,2023-01-16,referido
7086,Ibagué,Tolima,2023-02-15,redes_sociales
7087,Cúcuta,Norte de Santander,2023-10-02,referido
7088,Bogotá,Cundinamarca,2023-10-26,orgánico
7089,Cali,Valle del Cauca,2023-06-30,redes_sociales
7090,Bogotá,Cundinamarca,2023-08-24,orgánico
7091, Medellín ,Antioquia,2023-08-16,publicidad_pago
7092,Bogotá,Cundinamarca,2024-02-19,publicidad_pago
7093,Bogotá,Cundinamarca,2023-09-02,redes_sociales
7094,Santa Marta,Magdalena,2024-04-08,orgánico
7095,Bogotá,Cundinamarca,2023-04-29,orgánico
7096,Pereira,Risaralda,2023-04-20,orgánico
7097,Bogotá,Cundinamarca,2023-08-09,publicidad_pago
7098,Cali,Valle del Cauca,2023-02-14,orgánico
7099,Medellín,Antioquia,2024-01-03,orgánico
7100,Cúcuta,Norte de Santander,2023-08-02,redes_sociales
7101,Bogotá,Cundinamarca,2023-07-20,orgánico
7102,Bogotá,Cundinamarca,2023-10-20,referido
7103,Bucaramanga,Santander,2023-02-14,orgánico
7104,Bucaramanga,Santander,2023-07-26,referido
7105,Cartagena,Bolívar,2024-06-15,publicidad_pago
7106,Bogotá,Cundinamarca,2023-12-10,redes_sociales
7107,Bogotá,Cundinamarca,2023-11-10,redes_sociales
7108,Pereira,Risaralda,2023-10-04,publicidad_pago
7109,Barranquilla,Atlántico,2023-09-14,publicidad_pago
7110,Barranquilla,Atlántico,2024-05-27,orgánico
7111,Medellín,Antioquia,2024-05-23,referido
7112,Bogotá,Cundinamarca,2023-08-12,redes_sociales
7113,Cúcuta,Norte de Santander,2024-05-20,redes_sociales
7114,Bucaramanga,Santander,2023-02-15,redes_sociales
7115,Bogotá,Cundinamarca,2023-06-24,publicidad_pago
7116,Cúcuta,Norte de Santander,2023-06-15,redes_sociales
7117,Barranquilla,Atlántico,2024-01-17,redes_sociales
7118,Medellín,Antioquia,2023-11-28,orgánico
7119,Medellín,Antioquia,2023-09-16,redes_sociales
7120,Bucaramanga,Santander,2023-05-21,orgánico
7121,Medellín,Antioquia,2023-10-05,publicidad_pago
7122,Cali,Valle del Cauca,2023-05-28,orgánico
7123,Cartagena,Bolívar,2023-09-30,referido
7124,Bogotá,Cundinamarca,2023-07-05,publicidad_pago
7125,Cúcuta,Norte de Santander,2024-05-01,publicidad_pago
7126, Medellín ,Antioquia,2024-02-13,referido
7127,Medellín,Antioquia,2023-04-06,orgánico
7128,Cartagena,Bolívar,2024-05-29,redes_sociales
7129,Barranquilla,Atlántico,2023-12-27,orgánico
7130,Medellín,Antioquia,2023-07-11,orgánico
7131,Barranquilla,Atlántico,2023-10-18,redes_sociales
7132,Manizales,Caldas,2023-04-17,publicidad_pago
7133,Ibagué,Tolima,2023-01-26,publicidad_pago
7134,Ibagué,Tolima,2023-08-19,orgánico
7135,Bogotá,Cundinamarca,2024-03-03,publicidad_pago
7136,Medellín,Antioquia,2023-07-12,orgánico
7137,,Valle del Cauca,2023-07-30,orgánico
7138,Bogotá,Cundinamarca,2024-06-25,orgánico
7139,Bucaramanga,Santander,2024-06-24,redes_sociales
7140,Medellín,Antioquia,2023-09-11,redes_sociales
7141,Medellín,Antioquia,2023-01-25,orgánico
7142,Bogotá,Cundinamarca,2024-01-07,orgánico
7143,Medellín,Antioquia,2024-01-26,redes_sociales
7144,Medellín,Antioquia,2024-05-14,publicidad_pago
7145,Barranquilla,Atlántico,2024-06-02,orgánico
7146,Barranquilla,Atlántico,2023-12-11,publicidad_pago
7147,Bogotá,Cundinamarca,2023-02-28,redes_sociales
7148,Bogotá,Cundinamarca,2023-05-17,redes_sociales
7149,Ibagué,Tolima,2024-01-28,orgánico
7150,Bogotá,Cundinamarca,2023-11-29,referido
7151,Cali,Valle del Cauca,2023-08-27,redes_sociales
7152,Cali,Valle del Cauca,2023-08-08,redes_sociales
7153,Cali,Valle del Cauca,2024-01-24,publicidad_pago
7154,Manizales,Caldas,2023-08-20,publicidad_pago
7155,Barranquilla,Atlántico,2023-03-26,publicidad_pago
7156,Neiva,Huila,2024-06-19,publicidad_pago
7157,Pereira,Risaralda,2023-07-11,orgánico
7158,Bogotá,Cundinamarca,2023-06-02,publicidad_pago
7159,Bogotá,Cundinamarca,2023-02-07,orgánico
7160,Medellín,Antioquia,2023-09-14,publicidad_pago
7161,Medellín,Antioquia,2024-06-23,redes_sociales
7162,Cali,Valle del Cauca,2023-03-29,orgánico
7163,Bogotá,Cundinamarca,2023-05-14,redes_sociales
7164,Bogotá,Cundinamarca,2023-04-08,publicidad_pago
7165,Medellín,Antioquia,2023-02-21,redes_sociales
7166,Cartagena,Bolívar,2023-11-27,publicidad_pago
7167,Cartagena,Bolívar,2023-06-13,orgánico
7168,Neiva,Huila,2024-02-15,orgánico
7169,Bogotá,Cundinamarca,2023-08-08,redes_sociales
7170,Medellín,Antioquia,2023-12-15,redes_sociales
7171,Neiva,Huila,2023-02-18,publicidad_pago
7172,Cartagena,Bolívar,2023-06-30,referido
7173,Barranquilla,Atlántico,2023-08-15,publicidad_pago
7174,Cali,Valle del Cauca,2023-02-02,redes_sociales
7175,Bogotá,Cundinamarca,2023-08-18,redes_sociales
7176,Manizales,Caldas,2023-09-15,referido
7177,Barranquilla,Atlántico,2023-08-09,publicidad_pago
7178,Cali,Valle del Cauca,2023-10-03,publicidad_pago
7179,Cali,Valle del Cauca,2024-03-12,orgánico
7180,Medellín,Antioquia,2024-02-26,publicidad_pago
7181,Bogotá,Cundinamarca,2023-01-08,orgánico
7182,Bucaramanga,Santander,2023-12-17,publicidad_pago
7183,Cali,Valle del Cauca,2024-05-09,publicidad_pago
7184,Bogotá,Cundinamarca,2024-04-21,referido
7185,Medellín,Antioquia,2023-06-26,orgánico
7186,Cúcuta,Norte de Santander,2024-03-04,publicidad_pago
7187,Medellín,Antioquia,2024-03-14,orgánico
7188,Medellín,Antioquia,2023-07-20,redes_sociales
7189,Barranquilla,Atlántico,2024-04-20,publicidad_pago
7190,Ibagué,Tolima,2023-12-12,redes_sociales
7191,Cartagena,Bolívar,2024-02-15,orgánico
7192,Pereira,Risaralda,2024-02-13,publicidad_pago
7193,Bogotá,Cundinamarca,2024-03-03,publicidad_pago
7194,Cúcuta,Norte de Santander,2024-06-07,redes_sociales
7195,Manizales,Caldas,2024-04-14,redes_sociales
7196,Cali,Valle del Cauca,2023-08-20,publicidad_pago
7197,Barranquilla,Atlántico,2023-11-04,redes_sociales
7198,Bogotá,Cundinamarca,2023-12-21,orgánico
7199,Medellín,Antioquia,2024-04-13,redes_sociales
7200,Bogotá,Cundinamarca,2023-08-03,publicidad_pago
7201,Bogotá,Cundinamarca,2023-06-21,orgánico
7202,Santa Marta,Magdalena,2024-02-08,orgánico
7203,Bogotá,Cundinamarca,2024-06-05,referido
7204,Barranquilla,Atlántico,2024-05-13,publicidad_pago
7205,Medellín,Antioquia,2023-03-22,redes_sociales
7206,Medellín,Antioquia,2024-05-17,publicidad_pago
7207,Medellín,Antioquia,2024-03-07,referido
7208,MEDELLÍN,Antioquia,2023-03-27,redes_sociales
7209,Barranquilla,Atlántico,2023-01-04,orgánico
7210,Neiva,Huila,2023-04-22,redes_sociales
7211,Medellín,Antioquia,2024-05-23,referido
7212,Neiva,Huila,2024-02-17,publicidad_pago
7213,Cartagena,Bolívar,2023-11-11,orgánico
7214,Barranquilla,Atlántico,2023-12-12,referido
7215,Bogotá,Cundinamarca,2023-08-15,publicidad_pago
7216,Bogotá,Cundinamarca,2024-05-10,redes_sociales
7217,Pereira,Risaralda,2023-03-27,referido
7218,Cali,Valle del Cauca,2023-06-21,publicidad_pago
7219,Medellín,Antioquia,2023-04-20,publicidad_pago
7220,Ibagué,Tolima,2024-04-08,referido
7221,Medellín,Antioquia,2023-10-23,orgánico
7222,Ibagué,Tolima,2024-01-10,publicidad_pago
7223,Medellín,Antioquia,2024-05-17,redes_sociales
7224,Cúcuta,Norte de Santander,2023-04-17,publicidad_pago
7225,Bogotá,Cundinamarca,2024-06-11,publicidad_pago
7226,Bogotá,Cundinamarca,2023-03-11,publicidad_pago
7227,Cartagena,Bolívar,2024-02-17,publicidad_pago
7228,Bogotá,Cundinamarca,2024-01-20,publicidad_pago
7229,Cúcuta,Norte de Santander,2024-03-27,orgánico
7230,Barranquilla,Atlántico,2023-03-28,redes_sociales
7231,Bogotá,Cundinamarca,2024-06-09,orgánico
7232,Bogotá,Cundinamarca,2024-03-10,publicidad_pago
7233,Cúcuta,Norte de Santander,2023-03-02,redes_sociales
7234,Barranquilla,Atlántico,2023-11-01,redes_sociales
7235,Manizales,Caldas,2024-03-23,orgánico
7236,Bogotá,Cundinamarca,2023-09-18,redes_sociales
7237,CÚCUTA,Norte de Santander,2023-07-28,redes_sociales
7238,Cali,Valle del Cauca,2023-05-31,referido
7239,Cartagena,Bolívar,2023-10-10,publicidad_pago
7240,Medellín,Antioquia,2024-06-22,redes_sociales
7241,Bogotá,Cundinamarca,2023-11-29,publicidad_pago
7242,Neiva,Huila,2024-01-31,orgánico
7243,Santa Marta,Magdalena,2024-03-02,orgánico
7244,Medellín,Antioquia,2024-03-01,redes_sociales
7245,Cúcuta,Norte de Santander,2023-08-08,publicidad_pago
7246,Bogotá,Cundinamarca,2024-02-25,orgánico
7247,Bogotá,Cundinamarca,2023-06-29,orgánico
7248,Bogotá,Cundinamarca,2023-11-16,redes_sociales
7249,Medellín,Antioquia,2023-06-15,orgánico
7250,Bogotá,Cundinamarca,2024-05-29,redes_sociales
7251,Medellín,Antioquia,2024-02-04,redes_sociales
7252,,Cundinamarca,2023-11-16,referido
7253,Bucaramanga,Santander,2023-09-04,orgánico
7254,Pereira,Risaralda,2023-10-12,orgánico
7255,CARTAGENA,Bolívar,2024-03-02,orgánico
7256,Bogotá,Cundinamarca,2023-05-30,orgánico
7257,Bucaramanga,Santander,2024-03-29,publicidad_pago
7258,Bogotá,Cundinamarca,2023-06-04,redes_sociales
7259,Bucaramanga,Santander,2023-03-19,orgánico
7260,Cali,Valle del Cauca,2024-02-08,referido
7261,Medellín,Antioquia,2024-01-23,publicidad_pago
7262,Bogotá,Cundinamarca,2023-07-03,orgánico
7263,Ibagué,Tolima,2023-12-21,orgánico
7264,Cúcuta,Norte de Santander,2024-02-03,publicidad_pago
7265,Cartagena,Bolívar,2024-03-06,publicidad_pago
7266,Neiva,Huila,2024-06-05,referido
7267,Cúcuta,Norte de Santander,2024-04-12,orgánico
7268,Bogotá,Cundinamarca,2023-08-29,publicidad_pago
7269,Bucaramanga,Santander,2023-05-06,orgánico
7270,Medellín,Antioquia,2023-02-23,orgánico
7271,Cali,Valle del Cauca,2023-11-10,publicidad_pago
7272,Bogotá,Cundinamarca,2023-12-31,publicidad_pago
7273,Neiva,Huila,2024-01-13,orgánico
7274,Bucaramanga,Santander,2023-01-06,orgánico
7275,Bogotá,Cundinamarca,2024-01-19,publicidad_pago
7276,MEDELLÍN,Antioquia,2024-03-06,orgánico
7277,Medellín,Antioquia,2024-01-30,orgánico
7278,Bucaramanga,Santander,2023-10-15,orgánico
7279,Cúcuta,Norte de Santander,2023-01-09,orgánico
7280,Medellín,Antioquia,2023-09-25,publicidad_pago
7281,Cali,Valle del Cauca,2023-12-19,orgánico
7282,Barranquilla,Atlántico,2023-11-08,redes_sociales
7283,Medellín,Antioquia,2023-11-11,publicidad_pago
7284,Cali,Valle del Cauca,2023-10-10,orgánico
7285,Bogotá,Cundinamarca,2023-10-29,redes_sociales
7286,Bogotá,Cundinamarca,2023-06-27,orgánico
7287,Medellín,Antioquia,2023-11-27,publicidad_pago
7288, Manizales ,Caldas,2023-06-03,publicidad_pago
7289,Medellín,Antioquia,2023-09-26,publicidad_pago
7290,Bogotá,Cundinamarca,2023-08-16,redes_sociales
7291,Bucaramanga,Santander,2024-01-26,publicidad_pago
7292,Cúcuta,Norte de Santander,2024-05-04,redes_sociales
7293,Medellín,Antioquia,2023-12-13,redes_sociales
7294,Bogotá,Cundinamarca,2023-03-16,orgánico
7295,Cartagena,Bolívar,2024-01-01,orgánico
7296,Medellín,Antioquia,2023-06-27,orgánico
7297,Cartagena,Bolívar,2023-01-28,orgánico
7298,Bogotá,Cundinamarca,2023-04-16,referido
7299,Bogotá,Cundinamarca,2024-06-30,referido
7300,Medellín,Antioquia,2023-08-22,orgánico
7301,Cartagena,Bolívar,2023-04-21,referido
7302,Medellín,Antioquia,2023-03-15,publicidad_pago
7303,Bogotá,Cundinamarca,2023-12-22,redes_sociales
7304,Cali,Valle del Cauca,2024-02-21,referido
7305,Bucaramanga,Santander,2023-07-13,publicidad_pago
7306,Bogotá,Cundinamarca,2023-02-26,redes_sociales
7307,Cartagena,Bolívar,2023-07-14,orgánico
7308,Cartagena,Bolívar,2023-12-30,orgánico
7309,Medellín,Antioquia,2023-03-04,referido
7310,Neiva,Huila,2023-05-27,orgánico
7311,Manizales,Caldas,2023-01-02,orgánico
7312,Medellín,Antioquia,2023-09-16,orgánico
7313,Bogotá,Cundinamarca,2023-04-04,redes_sociales
7314,Medellín,Antioquia,2023-04-20,redes_sociales
7315,Bogotá,Cundinamarca,2023-03-03,referido
7316,Cali,Valle del Cauca,2024-02-04,redes_sociales
7317,Manizales,Caldas,2023-09-25,publicidad_pago
7318,Pereira,Risaralda,2024-06-02,redes_sociales
7319,Medellín,Antioquia,2023-08-05,redes_sociales
7320,Medellín,Antioquia,2023-05-02,orgánico
7321,Bogotá,Cundinamarca,2023-04-22,orgánico
7322,Cali,Valle del Cauca,2024-06-05,publicidad_pago
7323,Bogotá,Cundinamarca,2023-11-19,publicidad_pago
7324,Cúcuta,Norte de Santander,2023-06-27,redes_sociales
7325,Pereira,Risaralda,2023-12-24,referido
7326,Bogotá,Cundinamarca,2023-11-02,publicidad_pago
7327,Cartagena,Bolívar,2023-03-04,orgánico
7328,Cali,Valle del Cauca,2024-01-19,redes_sociales
7329,Ibagué,Tolima,2023-03-07,publicidad_pago
7330,Cali,Valle del Cauca,2023-04-19,publicidad_pago
7331,Bogotá,Cundinamarca,2024-01-26,orgánico
7332,Barranquilla,Atlántico,2023-09-01,orgánico
7333, Bogotá ,Cundinamarca,2023-05-02,redes_sociales
7334,Barranquilla,Atlántico,2023-02-07,orgánico
7335,Bogotá,Cundinamarca,2023-11-21,orgánico
7336,Cartagena,Bolívar,2024-01-17,redes_sociales
7337,Ibagué,Tolima,2023-04-22,redes_sociales
7338,,Cundinamarca,2023-08-16,orgánico
7339,Medellín,Antioquia,2023-07-08,redes_sociales
7340,Bucaramanga,Santander,2024-05-02,orgánico
7341,Bogotá,Cundinamarca,2024-03-08,redes_sociales
7342,Cali,Valle del Cauca,2023-05-30,publicidad_pago
7343,Cartagena,Bolívar,2023-10-08,publicidad_pago
7344,Medellín,Antioquia,2024-05-20,orgánico
7345,Pereira,Risaralda,2023-07-09,publicidad_pago
7346,Cali,Valle del Cauca,2023-03-19,publicidad_pago
7347,Barranquilla,Atlántico,2023-06-13,redes_sociales
7348,Bogotá,Cundinamarca,2023-11-29,referido
7349,Bogotá,Cundinamarca,2024-06-26,orgánico
7350,Bogotá,Cundinamarca,2023-06-18,orgánico
7351,Manizales,Caldas,2023-02-02,publicidad_pago
7352,Manizales,Caldas,2023-04-10,redes_sociales
7353,Ibagué,Tolima,2023-08-14,orgánico
7354,Bogotá,Cundinamarca,2023-02-21,orgánico
7355,Cali,Valle del Cauca,2023-01-20,orgánico
7356,Ibagué,Tolima,2023-12-25,orgánico
7357,Cartagena,Bolívar,2024-03-26,orgánico
7358,Bogotá,Cundinamarca,2023-05-08,referido
7359,Manizales,Caldas,2023-10-13,orgánico
7360,Bogotá,Cundinamarca,2023-11-10,publicidad_pago
7361,Bogotá,Cundinamarca,2024-01-01,orgánico
7362,Manizales,Caldas,2024-06-19,orgánico
7363,Cali,Valle del Cauca,2024-04-29,referido
7364,Medellín,Antioquia,2023-06-22,orgánico
7365,Cali,Valle del Cauca,2024-06-17,orgánico
7366,Santa Marta,Magdalena,2023-01-20,publicidad_pago
7367,Bogotá,Cundinamarca,2024-06-10,orgánico
7368,BUCARAMANGA,Santander,2023-03-20,orgánico
7369,Medellín,Antioquia,2023-03-04,referido
7370,Bogotá,Cundinamarca,2023-03-07,redes_sociales
7371,Medellín,Antioquia,2023-03-08,publicidad_pago
7372,Cali,Valle del Cauca,2023-09-11,orgánico
7373,Bogotá,Cundinamarca,2023-12-17,orgánico
7374,Medellín,Antioquia,2024-02-12,redes_sociales
7375,Barranquilla,Atlántico,2023-01-09,publicidad_pago
7376,Cali,Valle del Cauca,2023-06-12,orgánico
7377,Bucaramanga,Santander,2023-03-14,publicidad_pago
7378,Pereira,Risaralda,2023-03-21,publicidad_pago
7379,Medellín,Antioquia,2024-02-13,redes_sociales
7380,,Antioquia,2023-12-17,redes_sociales
7381,Cali,Valle del Cauca,2023-04-25,redes_sociales
7382,Cali,Valle del Cauca,2023-06-14,publicidad_pago
7383,Bogotá,Cundinamarca,2024-05-20,orgánico
7384,Medellín,Antioquia,2023-11-11,publicidad_pago
7385,Bogotá,Cundinamarca,2023-05-11,redes_sociales
7386,Medellín,Antioquia,2024-05-25,referido
7387,Neiva,Huila,2023-04-19,referido
7388,Barranquilla,Atlántico,2023-06-09,orgánico
7389,Medellín,Antioquia,2024-01-14,redes_sociales
7390,Cali,Valle del Cauca,2023-10-08,redes_sociales
7391,Cartagena,Bolívar,2023-02-07,redes_sociales
7392,,Antioquia,2024-03-17,publicidad_pago
7393,Medellín,Antioquia,2023-05-05,orgánico
7394,Cartagena,Bolívar,2024-01-14,redes_sociales
7395,Bogotá,Cundinamarca,2023-07-02,referido
7396,Cali,Valle del Cauca,2024-02-16,referido
7397,Cali,Valle del Cauca,2024-05-06,orgánico
7398,Bucaramanga,Santander,2024-02-27,referido
7399,Santa Marta,Magdalena,2024-05-18,orgánico
7400,Ibagué,Tolima,2023-10-23,redes_sociales
7401,Cali,Valle del Cauca,2023-02-05,orgánico
7402,Bogotá,Cundinamarca,2023-10-21,redes_sociales
7403,Barranquilla,Atlántico,2023-09-10,orgánico
7404,Pereira,Risaralda,2024-01-29,orgánico
7405,Cúcuta,Norte de Santander,2023-05-17,orgánico
7406,Ibagué,Tolima,2024-01-17,referido
7407,Bogotá,Cundinamarca,2023-08-30,redes_sociales
7408,Cartagena,Bolívar,2024-01-02,publicidad_pago
7409,Manizales,Caldas,2023-08-18,publicidad_pago
7410,Cartagena,Bolívar,2023-07-29,redes_sociales
7411,Cartagena,Bolívar,2023-04-28,orgánico
7412,Cali,Valle del Cauca,2024-03-29,orgánico
7413,Barranquilla,Atlántico,2023-02-07,redes_sociales
7414,Medellín,Antioquia,2023-05-10,referido
7415,Bogotá,Cundinamarca,2023-08-22,orgánico
7416,Ibagué,Tolima,2023-03-27,publicidad_pago
7417,Cúcuta,Norte de Santander,2024-05-16,publicidad_pago
7418,Pereira,Risaralda,2023-07-08,referido
7419,Medellín,Antioquia,2023-05-13,orgánico
7420,Bogotá,Cundinamarca,2023-05-19,referido
7421,Medellín,Antioquia,2023-04-15,redes_sociales
7422,Pereira,Risaralda,2023-12-29,redes_sociales
7423,Barranquilla,Atlántico,2023-09-21,publicidad_pago
7424,Neiva,Huila,2023-05-07,orgánico
7425,Medellín,Antioquia,2024-04-22,publicidad_pago
7426,Cali,Valle del Cauca,2023-12-26,redes_sociales
7427,Ibagué,Tolima,2023-08-09,publicidad_pago
7428,Bogotá,Cundinamarca,2023-10-08,publicidad_pago
7429,Neiva,Huila,2023-12-25,redes_sociales
7430, Barranquilla ,Atlántico,2023-03-25,orgánico
7431,Bogotá,Cundinamarca,2024-03-18,orgánico
7432,Bogotá,Cundinamarca,2023-05-22,publicidad_pago
7433,Manizales,Caldas,2023-01-17,redes_sociales
7434,Barranquilla,Atlántico,2023-10-13,publicidad_pago
7435,Bucaramanga,Santander,2024-04-24,redes_sociales
7436,Ibagué,Tolima,2024-02-06,redes_sociales
7437,Medellín,Antioquia,2023-06-18,publicidad_pago
7438,Ibagué,Tolima,2023-08-06,publicidad_pago
7439,Cúcuta,Norte de Santander,2023-11-22,redes_sociales
7440,Bogotá,Cundinamarca,2023-05-08,orgánico
7441,Bucaramanga,Santander,2024-03-24,publicidad_pago
7442,Medellín,Antioquia,2023-06-11,publicidad_pago
7443,Medellín,Antioquia,2023-04-29,redes_sociales
7444,Medellín,Antioquia,2023-02-22,redes_sociales
7445,Pereira,Risaralda,2024-01-15,orgánico
7446,Bogotá,Cundinamarca,2023-01-14,redes_sociales
7447,Medellín,Antioquia,2024-03-16,orgánico
7448,Cartagena,Bolívar,2024-06-16,orgánico
7449,Bogotá,Cundinamarca,2023-03-02,publicidad_pago
7450,Ibagué,Tolima,2023-02-22,redes_sociales
7451,Cúcuta,Norte de Santander,2024-05-26,publicidad_pago
7452,Bogotá,Cundinamarca,2023-03-10,redes_sociales
7453,Bogotá,Cundinamarca,2023-08-11,orgánico
7454,Neiva,Huila,2024-04-21,redes_sociales
7455,Bogotá,Cundinamarca,2023-03-18,orgánico
7456,Bogotá,Cundinamarca,2023-12-29,publicidad_pago
7457,Neiva,Huila,2023-07-29,referido
7458,Manizales,Caldas,2023-08-27,publicidad_pago
7459,Barranquilla,Atlántico,2024-05-24,publicidad_pago
7460,Cali,Valle del Cauca,2023-12-22,publicidad_pago
7461,Manizales,Caldas,2023-06-24,publicidad_pago
7462,Barranquilla,Atlántico,2024-05-26,redes_sociales
7463,Barranquilla,Atlántico,2023-11-14,publicidad_pago
7464,Pereira,Risaralda,2023-02-24,redes_sociales
7465,Barranquilla,Atlántico,2023-08-03,orgánico
7466,Cali,Valle del Cauca,2023-05-14,publicidad_pago
7467,Medellín,Antioquia,2023-12-18,publicidad_pago
7468,Cali,Valle del Cauca,2024-04-15,orgánico
7469,Cali,Valle del Cauca,2023-01-22,referido
7470,Medellín,Antioquia,2024-03-03,orgánico
7471,Medellín,Antioquia,2024-05-16,publicidad_pago
7472,Ibagué,Tolima,2024-06-27,referido
7473,Medellín,Antioquia,2023-12-28,orgánico
7474,Bogotá,Cundinamarca,2023-06-21,referido
7475,Medellín,Antioquia,2023-03-21,publicidad_pago
7476,Bogotá,Cundinamarca,2024-05-31,publicidad_pago
7477,Ibagué,Tolima,2023-08-14,referido
7478,Medellín,Antioquia,2023-07-07,publicidad_pago
7479,Medellín,Antioquia,2024-02-06,redes_sociales
7480,Ibagué,Tolima,2024-01-27,publicidad_pago
7481,Bogotá,Cundinamarca,2024-03-18,redes_sociales
7482,Bogotá,Cundinamarca,2024-04-27,orgánico
7483,Ibagué,Tolima,2024-04-24,orgánico
7484,Cali,Valle del Cauca,2023-04-04,redes_sociales
7485,Bucaramanga,Santander,2023-04-03,publicidad_pago
7486,Pereira,Risaralda,2023-04-23,referido
7487,Cúcuta,Norte de Santander,2023-12-10,referido
7488,Bogotá,Cundinamarca,2023-11-14,orgánico
7489,Ibagué,Tolima,2024-04-13,redes_sociales
7490,Cartagena,Bolívar,2024-04-06,redes_sociales
7491,Bogotá,Cundinamarca,2024-03-20,orgánico
7492,Cúcuta,Norte de Santander,2023-02-13,redes_sociales
7493,Medellín,Antioquia,2024-01-16,redes_sociales
7494,Manizales,Caldas,2024-04-10,referido
7495,Barranquilla,Atlántico,2024-06-21,orgánico
7496,Cali,Valle del Cauca,2023-07-07,publicidad_pago
7497,Bogotá,Cundinamarca,2024-02-29,publicidad_pago
7498,Manizales,Caldas,2023-08-11,publicidad_pago
7499,Cali,Valle del Cauca,2023-03-29,orgánico
7500,Bogotá,Cundinamarca,2023-07-05,orgánico
7501,Bogotá,Cundinamarca,2023-05-18,referido
7502,Bucaramanga,Santander,2024-05-13,orgánico
7503,Bogotá,Cundinamarca,2023-04-07,orgánico
7504,Barranquilla,Atlántico,2023-03-13,referido
7505,Cartagena,Bolívar,2023-11-14,publicidad_pago
7506,Bogotá,Cundinamarca,2023-11-11,publicidad_pago
7507,Cali,Valle del Cauca,2023-11-03,orgánico
7508,Bogotá,Cundinamarca,2023-03-23,redes_sociales
7509,Cúcuta,Norte de Santander,2023-09-30,publicidad_pago
7510,Pereira,Risaralda,2024-05-22,orgánico
7511,Medellín,Antioquia,2023-02-19,orgánico
7512,Cali,Valle del Cauca,2024-03-12,orgánico
7513,Cali,Valle del Cauca,2023-03-10,redes_sociales
7514,Neiva,Huila,2023-05-08,orgánico
7515,MEDELLÍN,Antioquia,2024-05-06,publicidad_pago
7516,Cali,Valle del Cauca,2023-06-12,orgánico
7517,Cúcuta,Norte de Santander,2023-10-13,orgánico
7518,BOGOTÁ,Cundinamarca,2023-07-28,referido
7519,Cali,Valle del Cauca,2023-12-02,referido
7520,BOGOTÁ,Cundinamarca,2023-08-10,publicidad_pago
7521,Barranquilla,Atlántico,2023-08-31,referido
7522,Medellín,Antioquia,2024-03-23,orgánico
7523,Neiva,Huila,2023-10-31,redes_sociales
7524,Medellín,Antioquia,2023-11-05,orgánico
7525,Bogotá,Cundinamarca,2024-03-16,redes_sociales
7526,Pereira,Risaralda,2023-08-23,publicidad_pago
7527,Ibagué,Tolima,2024-03-26,publicidad_pago
7528,Cartagena,Bolívar,2024-01-29,orgánico
7529,Bucaramanga,Santander,2024-04-28,redes_sociales
7530,Bogotá,Cundinamarca,2023-09-08,referido
7531,Barranquilla,Atlántico,2023-11-02,redes_sociales
7532,Bogotá,Cundinamarca,2023-03-12,orgánico
7533, Bogotá ,Cundinamarca,2023-03-02,redes_sociales
7534,Cúcuta,Norte de Santander,2023-02-28,orgánico
7535,Bucaramanga,Santander,2023-12-13,redes_sociales
7536,Bogotá,Cundinamarca,2023-06-28,redes_sociales
7537,Bogotá,Cundinamarca,2023-06-08,redes_sociales
7538,Cúcuta,Norte de Santander,2023-11-26,redes_sociales
7539,Bogotá,Cundinamarca,2023-08-06,redes_sociales
7540,Bogotá,Cundinamarca,2023-03-15,orgánico
7541,Bogotá,Cundinamarca,2023-11-01,orgánico
7542,Bogotá,Cundinamarca,2023-10-28,redes_sociales
7543,Medellín,Antioquia,2023-03-18,publicidad_pago
7544,Neiva,Huila,2023-05-28,publicidad_pago
7545,Medellín,Antioquia,2023-05-10,orgánico
7546,Cali,Valle del Cauca,2024-01-16,redes_sociales
7547,Bucaramanga,Santander,2023-05-17,redes_sociales
7548,Cali,Valle del Cauca,2023-01-16,redes_sociales
7549,Bucaramanga,Santander,2023-05-26,publicidad_pago
7550,Cartagena,Bolívar,2023-09-14,referido
7551,Barranquilla,Atlántico,2024-02-25,orgánico
7552,Barranquilla,Atlántico,2023-01-29,redes_sociales
7553,Ibagué,Tolima,2024-04-27,redes_sociales
7554,Cartagena,Bolívar,2023-06-30,redes_sociales
7555,IBAGUÉ,Tolima,2023-07-07,orgánico
7556,Bogotá,Cundinamarca,2023-01-09,redes_sociales
7557,Cartagena,Bolívar,2023-06-01,orgánico
7558,Bucaramanga,Santander,2023-09-14,publicidad_pago
7559,Medellín,Antioquia,2023-12-09,publicidad_pago
7560,Pereira,Risaralda,2024-02-24,orgánico
7561,Medellín,Antioquia,2023-10-13,referido
7562,Bogotá,Cundinamarca,2023-02-24,publicidad_pago
7563,Pereira,Risaralda,2023-08-03,redes_sociales
7564,Bogotá,Cundinamarca,2024-02-07,referido
7565,MEDELLÍN,Antioquia,2023-12-16,publicidad_pago
7566,Medellín,Antioquia,2023-11-16,orgánico
7567,Manizales,Caldas,2023-10-06,redes_sociales
7568,Medellín,Antioquia,2023-10-04,redes_sociales
7569,Cartagena,Bolívar,2024-06-27,publicidad_pago
7570,Ibagué,Tolima,2023-11-24,referido
7571,Barranquilla,Atlántico,2023-11-23,redes_sociales
7572,Cúcuta,Norte de Santander,2023-07-03,orgánico
7573,IBAGUÉ,Tolima,2023-09-26,redes_sociales
7574,Medellín,Antioquia,2024-01-24,publicidad_pago
7575,Neiva,Huila,2024-04-14,redes_sociales
7576,Cali,Valle del Cauca,2024-03-02,orgánico
7577,Bogotá,Cundinamarca,2023-12-29,orgánico
7578,Bogotá,Cundinamarca,2024-03-01,publicidad_pago
7579,Barranquilla,Atlántico,2023-01-19,orgánico
7580, Bogotá ,Cundinamarca,2023-05-28,redes_sociales
7581,Barranquilla,Atlántico,2023-05-13,orgánico
7582,Medellín,Antioquia,2023-12-24,redes_sociales
7583,Cali,Valle del Cauca,2024-02-17,orgánico
7584,Bogotá,Cundinamarca,2023-03-23,orgánico
7585,Pereira,Risaralda,2023-04-16,publicidad_pago
7586,Medellín,Antioquia,2023-09-28,orgánico
7587,Bogotá,Cundinamarca,2024-06-13,orgánico
7588,Medellín,Antioquia,2023-01-02,redes_sociales
7589,Cali,Valle del Cauca,2024-04-26,orgánico
7590,Barranquilla,Atlántico,2023-04-16,orgánico
7591,Cali,Valle del Cauca,2023-05-27,redes_sociales
7592,Bogotá,Cundinamarca,2023-12-12,redes_sociales
7593,PEREIRA,Risaralda,2024-02-03,redes_sociales
7594,MEDELLÍN,Antioquia,2024-04-23,referido
7595,Bogotá,Cundinamarca,2023-01-04,redes_sociales
7596,Bucaramanga,Santander,2023-01-27,redes_sociales
7597,CARTAGENA,Bolívar,2023-09-19,referido
7598,Barranquilla,Atlántico,2023-11-02,redes_sociales
7599,MEDELLÍN,Antioquia,2023-05-23,publicidad_pago
7600,Medellín,Antioquia,2023-12-15,redes_sociales
7601,Cali,Valle del Cauca,2023-05-26,redes_sociales
7602,Bogotá,Cundinamarca,2024-05-25,referido
7603,Medellín,Antioquia,2023-04-08,orgánico
7604,Santa Marta,Magdalena,2023-12-25,referido
7605,Cartagena,Bolívar,2023-10-18,redes_sociales
7606,Medellín,Antioquia,2023-02-26,redes_sociales
7607,Bogotá,Cundinamarca,2023-11-27,redes_sociales
7608,Bucaramanga,Santander,2023-03-22,orgánico
7609,Bogotá,Cundinamarca,2023-10-23,orgánico
7610,Bogotá,Cundinamarca,2023-12-14,referido
7611,Bogotá,Cundinamarca,2023-02-09,redes_sociales
7612,Bucaramanga,Santander,2023-04-28,publicidad_pago
7613,BARRANQUILLA,Atlántico,2023-06-11,orgánico
7614,Bogotá,Cundinamarca,2024-05-22,orgánico
7615,Bogotá,Cundinamarca,2023-05-01,orgánico
7616,Barranquilla,Atlántico,2024-05-18,orgánico
7617,Cali,Valle del Cauca,2023-10-20,redes_sociales
7618,Cartagena,Bolívar,2024-06-02,referido
7619, Bogotá ,Cundinamarca,2024-03-30,publicidad_pago
7620,Bucaramanga,Santander,2023-06-10,redes_sociales
7621,Cúcuta,Norte de Santander,2023-11-03,orgánico
7622,,Atlántico,2024-01-28,redes_sociales
7623, Bogotá ,Cundinamarca,2023-02-12,redes_sociales
7624,Cartagena,Bolívar,2023-12-29,publicidad_pago
7625,Medellín,Antioquia,2023-09-09,redes_sociales
7626,Bogotá,Cundinamarca,2023-01-20,orgánico
7627,Medellín,Antioquia,2024-04-19,orgánico
7628,Manizales,Caldas,2023-05-26,referido
7629,Medellín,Antioquia,2024-04-23,publicidad_pago
7630,PEREIRA,Risaralda,2023-04-24,referido
7631,Cali,Valle del Cauca,2023-10-24,orgánico
7632,Cali,Valle del Cauca,2023-07-22,redes_sociales
7633,Bogotá,Cundinamarca,2024-05-03,orgánico
7634,Barranquilla,Atlántico,2024-06-05,referido
7635,Bogotá,Cundinamarca,2024-02-26,orgánico
7636,Cali,Valle del Cauca,2024-04-07,publicidad_pago
7637,Bogotá,Cundinamarca,2024-02-25,orgánico
7638,Medellín,Antioquia,2023-06-10,orgánico
7639,Cali,Valle del Cauca,2024-05-18,orgánico
7640,Bogotá,Cundinamarca,2023-10-17,redes_sociales
7641,Medellín,Antioquia,2023-07-07,publicidad_pago
7642,Santa Marta,Magdalena,2023-04-16,referido
7643,Bogotá,Cundinamarca,2024-01-24,redes_sociales
7644,Medellín,Antioquia,2023-06-01,redes_sociales
7645,Medellín,Antioquia,2023-12-24,publicidad_pago
7646,Medellín,Antioquia,2023-02-05,orgánico
7647,Cartagena,Bolívar,2023-12-14,publicidad_pago
7648,Bogotá,Cundinamarca,2023-12-18,publicidad_pago
7649,Cali,Valle del Cauca,2023-10-15,redes_sociales
7650,Barranquilla,Atlántico,2023-12-26,orgánico
7651,Medellín,Antioquia,2024-06-27,orgánico
7652,Cúcuta,Norte de Santander,2024-04-03,redes_sociales
7653,Neiva,Huila,2023-08-29,referido
7654,Bogotá,Cundinamarca,2024-04-21,redes_sociales
7655,,Antioquia,2024-06-06,redes_sociales
7656,Bogotá,Cundinamarca,2023-03-29,redes_sociales
7657,Bogotá,Cundinamarca,2023-07-16,publicidad_pago
7658,,Valle del Cauca,2024-02-11,orgánico
7659,Cali,Valle del Cauca,2023-10-09,orgánico
7660,Medellín,Antioquia,2023-03-15,publicidad_pago
7661,Bogotá,Cundinamarca,2023-09-16,orgánico
7662,,Cundinamarca,2023-07-24,orgánico
7663,Santa Marta,Magdalena,2024-02-09,redes_sociales
7664,Cúcuta,Norte de Santander,2023-10-09,orgánico
7665,Bogotá,Cundinamarca,2023-03-18,referido
7666,Barranquilla,Atlántico,2023-01-28,publicidad_pago
7667,Medellín,Antioquia,2023-06-07,referido
7668,CARTAGENA,Bolívar,2023-03-27,referido
7669,Barranquilla,Atlántico,2024-04-24,orgánico
7670,Manizales,Caldas,2023-05-29,redes_sociales
7671,Bogotá,Cundinamarca,2023-12-14,publicidad_pago
7672,,Antioquia,2023-03-11,orgánico
7673,Santa Marta,Magdalena,2023-08-30,referido
7674,Bogotá,Cundinamarca,2024-05-25,orgánico
7675,Bogotá,Cundinamarca,2023-12-18,redes_sociales
7676,Bucaramanga,Santander,2023-06-07,publicidad_pago
7677,Bucaramanga,Santander,2024-02-13,referido
7678,Cartagena,Bolívar,2023-10-02,redes_sociales
7679,Bucaramanga,Santander,2023-05-09,redes_sociales
7680,Cartagena,Bolívar,2024-06-29,orgánico
7681,Bogotá,Cundinamarca,2024-05-27,redes_sociales
7682,Barranquilla,Atlántico,2023-11-06,publicidad_pago
7683,Bucaramanga,Santander,2023-01-19,redes_sociales
7684,Pereira,Risaralda,2023-08-14,publicidad_pago
7685,Bogotá,Cundinamarca,2023-10-09,orgánico
7686,Bogotá,Cundinamarca,2024-05-23,orgánico
7687,Ibagué,Tolima,2024-02-05,referido
7688,Bogotá,Cundinamarca,2023-05-02,orgánico
7689,Bogotá,Cundinamarca,2023-10-06,redes_sociales
7690,Ibagué,Tolima,2023-04-09,redes_sociales
7691,Cali,Valle del Cauca,2023-09-17,referido
7692,Medellín,Antioquia,2023-10-20,orgánico
7693,Bogotá,Cundinamarca,2023-10-06,orgánico
7694,Bogotá,Cundinamarca,2023-08-22,publicidad_pago
7695,Ibagué,Tolima,2023-08-28,publicidad_pago
7696,Cali,Valle del Cauca,2024-03-11,redes_sociales
7697,Bogotá,Cundinamarca,2023-10-04,redes_sociales
7698,Medellín,Antioquia,2023-01-23,redes_sociales
7699,Bogotá,Cundinamarca,2024-02-10,referido
7700, Bogotá ,Cundinamarca,2023-12-04,publicidad_pago
7701,Bogotá,Cundinamarca,2024-01-16,referido
7702,Cali,Valle del Cauca,2024-01-24,referido
7703,Bogotá,Cundinamarca,2023-04-05,redes_sociales
7704,Medellín,Antioquia,2024-06-15,redes_sociales
7705,Cali,Valle del Cauca,2024-06-25,publicidad_pago
7706,Medellín,Antioquia,2023-03-21,publicidad_pago
7707,Bogotá,Cundinamarca,2023-04-30,publicidad_pago
7708,Bogotá,Cundinamarca,2023-05-15,orgánico
7709,Bogotá,Cundinamarca,2024-06-12,referido
7710,Medellín,Antioquia,2024-05-25,publicidad_pago
7711,Cartagena,Bolívar,2023-05-25,publicidad_pago
7712,Bogotá,Cundinamarca,2023-12-11,redes_sociales
7713,Ibagué,Tolima,2023-05-14,redes_sociales
7714,Cartagena,Bolívar,2023-01-21,publicidad_pago
7715,BOGOTÁ,Cundinamarca,2023-05-06,publicidad_pago
7716,Bogotá,Cundinamarca,2023-02-12,orgánico
7717,BOGOTÁ,Cundinamarca,2024-04-08,redes_sociales
7718,Bogotá,Cundinamarca,2024-03-05,publicidad_pago
7719,Cali,Valle del Cauca,2023-04-11,referido
7720,Bogotá,Cundinamarca,2023-11-07,orgánico
7721,Ibagué,Tolima,2023-04-23,orgánico
7722,Cali,Valle del Cauca,2023-11-06,redes_sociales
7723,Bucaramanga,Santander,2024-05-05,orgánico
7724,Bucaramanga,Santander,2024-04-26,orgánico
7725,Cali,Valle del Cauca,2024-03-31,redes_sociales
7726,Cúcuta,Norte de Santander,2023-05-12,redes_sociales
7727,Santa Marta,Magdalena,2023-04-15,redes_sociales
7728,Medellín,Antioquia,2023-03-29,redes_sociales
7729,Bogotá,Cundinamarca,2023-03-11,referido
7730,Medellín,Antioquia,2023-12-02,redes_sociales
7731,Bogotá,Cundinamarca,2023-12-27,publicidad_pago
7732,Cali,Valle del Cauca,2024-04-27,orgánico
7733,Medellín,Antioquia,2023-02-19,publicidad_pago
7734,Cali,Valle del Cauca,2023-05-26,publicidad_pago
7735,,Santander,2024-02-03,orgánico
7736,Bogotá,Cundinamarca,2024-01-08,publicidad_pago
7737,Cali,Valle del Cauca,2023-08-22,publicidad_pago
7738,Medellín,Antioquia,2023-03-25,redes_sociales
7739,Ibagué,Tolima,2023-09-22,publicidad_pago
7740,Barranquilla,Atlántico,2023-04-05,orgánico
7741,Bogotá,Cundinamarca,2023-10-20,redes_sociales
7742,Cartagena,Bolívar,2024-05-08,referido
7743,Bogotá,Cundinamarca,2023-04-18,orgánico
7744,Bucaramanga,Santander,2023-03-06,orgánico
7745,Cali,Valle del Cauca,2024-02-08,orgánico
7746,Medellín,Antioquia,2023-01-14,referido
7747,Cartagena,Bolívar,2024-06-21,orgánico
7748,Pereira,Risaralda,2024-02-28,orgánico
7749,Bucaramanga,Santander,2023-08-09,publicidad_pago
7750,Cali,Valle del Cauca,2023-07-18,publicidad_pago
7751,Bucaramanga,Santander,2023-07-31,redes_sociales
7752,Medellín,Antioquia,2023-08-05,referido
7753,Ibagué,Tolima,2024-04-04,orgánico
7754,Ibagué,Tolima,2024-03-13,redes_sociales
7755,Bogotá,Cundinamarca,2023-04-22,redes_sociales
7756,Bogotá,Cundinamarca,2023-04-09,orgánico
7757,Bogotá,Cundinamarca,2023-10-23,publicidad_pago
7758,Bogotá,Cundinamarca,2023-12-22,redes_sociales
7759,Medellín,Antioquia,2024-02-02,orgánico
7760,Bogotá,Cundinamarca,2023-06-21,orgánico
7761,Barranquilla,Atlántico,2023-09-21,orgánico
7762,Bogotá,Cundinamarca,2023-02-27,publicidad_pago
7763,Bogotá,Cundinamarca,2023-09-07,orgánico
7764,Cartagena,Bolívar,2024-01-12,referido
7765,Medellín,Antioquia,2023-06-16,orgánico
7766,Medellín,Antioquia,2023-06-24,referido
7767,Ibagué,Tolima,2023-09-10,publicidad_pago
7768,Santa Marta,Magdalena,2024-04-19,orgánico
7769,Cali,Valle del Cauca,2023-11-27,orgánico
7770,Bogotá,Cundinamarca,2024-05-17,publicidad_pago
7771,Bogotá,Cundinamarca,2023-02-03,orgánico
7772,Neiva,Huila,2024-04-09,orgánico
7773,Cartagena,Bolívar,2023-01-24,publicidad_pago
7774,Bucaramanga,Santander,2023-06-26,referido
7775,Cartagena,Bolívar,2023-08-22,publicidad_pago
7776,Bogotá,Cundinamarca,2023-05-10,publicidad_pago
7777,Medellín,Antioquia,2024-06-25,redes_sociales
7778,Ibagué,Tolima,2024-05-03,publicidad_pago
7779,Pereira,Risaralda,2023-11-09,orgánico
7780, nan ,Cundinamarca,2023-09-05,publicidad_pago
7781,Barranquilla,Atlántico,2024-02-21,publicidad_pago
7782, Bogotá ,Cundinamarca,2024-01-23,redes_sociales
7783,Neiva,Huila,2023-09-20,referido
7784,Bogotá,Cundinamarca,2024-03-28,redes_sociales
7785,Bucaramanga,Santander,2023-04-16,redes_sociales
7786,Bogotá,Cundinamarca,2023-06-01,redes_sociales
7787,Barranquilla,Atlántico,2023-01-10,orgánico
7788, Barranquilla ,Atlántico,2023-03-07,orgánico
7789,Medellín,Antioquia,2023-04-19,referido
7790,Ibagué,Tolima,2023-12-08,redes_sociales
7791,Manizales,Caldas,2024-04-12,publicidad_pago
7792,Pereira,Risaralda,2023-11-19,redes_sociales
7793,Medellín,Antioquia,2023-09-01,publicidad_pago
7794,Bucaramanga,Santander,2023-05-28,publicidad_pago
7795,CALI,Valle del Cauca,2023-02-25,orgánico
7796,,Atlántico,2023-11-16,redes_sociales
7797,Cali,Valle del Cauca,2023-03-19,publicidad_pago
7798,Barranquilla,Atlántico,2024-03-08,orgánico
7799,Bogotá,Cundinamarca,2023-08-12,redes_sociales
7800,Medellín,Antioquia,2023-07-11,orgánico
7801,Bogotá,Cundinamarca,2023-01-15,orgánico
7802,Medellín,Antioquia,2023-05-13,referido
7803,Bogotá,Cundinamarca,2023-01-08,referido
7804,Bogotá,Cundinamarca,2024-02-01,publicidad_pago
7805,Ibagué,Tolima,2023-09-25,orgánico
7806, Cali ,Valle del Cauca,2024-03-05,referido
7807,Bogotá,Cundinamarca,2023-11-06,redes_sociales
7808,Ibagué,Tolima,2024-06-05,referido
7809,Manizales,Caldas,2024-03-04,orgánico
7810,Manizales,Caldas,2023-03-22,orgánico
7811,Ibagué,Tolima,2023-03-05,publicidad_pago
7812,Santa Marta,Magdalena,2024-05-01,referido
7813,Barranquilla,Atlántico,2023-05-28,orgánico
7814,Neiva,Huila,2024-02-23,orgánico
7815,Cúcuta,Norte de Santander,2023-12-10,redes_sociales
7816,Medellín,Antioquia,2024-01-19,referido
7817,Pereira,Risaralda,2023-05-26,publicidad_pago
7818,Ibagué,Tolima,2023-06-21,referido
7819,Bucaramanga,Santander,2023-10-31,publicidad_pago
7820,Manizales,Caldas,2023-01-13,publicidad_pago
7821,Medellín,Antioquia,2023-06-20,redes_sociales
7822,Medellín,Antioquia,2023-10-05,orgánico
7823,Barranquilla,Atlántico,2023-04-22,publicidad_pago
7824,Bucaramanga,Santander,2023-06-06,redes_sociales
7825,Pereira,Risaralda,2024-06-21,redes_sociales
7826,Pereira,Risaralda,2023-06-08,orgánico
7827,Bucaramanga,Santander,2024-05-08,publicidad_pago
7828,Neiva,Huila,2024-05-22,publicidad_pago
7829,Bogotá,Cundinamarca,2024-01-04,redes_sociales
7830,Neiva,Huila,2023-03-25,referido
7831,Bogotá,Cundinamarca,2023-04-23,redes_sociales
7832,Cali,Valle del Cauca,2024-05-26,orgánico
7833,Bogotá,Cundinamarca,2023-01-01,orgánico
7834,Cali,Valle del Cauca,2023-10-03,redes_sociales
7835,Medellín,Antioquia,2023-11-23,orgánico
7836,Bogotá,Cundinamarca,2024-04-03,publicidad_pago
7837,Barranquilla,Atlántico,2024-05-04,publicidad_pago
7838,Bucaramanga,Santander,2023-06-05,redes_sociales
7839,Bogotá,Cundinamarca,2023-10-02,publicidad_pago
7840,Cartagena,Bolívar,2023-12-13,referido
7841,Bogotá,Cundinamarca,2024-06-11,redes_sociales
7842,Bogotá,Cundinamarca,2023-11-01,orgánico
7843,Bogotá,Cundinamarca,2023-03-08,orgánico
7844,Barranquilla,Atlántico,2024-05-20,publicidad_pago
7845,Bucaramanga,Santander,2023-10-08,redes_sociales
7846,Barranquilla,Atlántico,2023-04-09,publicidad_pago
7847,Ibagué,Tolima,2023-04-15,publicidad_pago
7848,Barranquilla,Atlántico,2023-04-22,redes_sociales
7849,Ibagué,Tolima,2024-01-30,orgánico
7850,Neiva,Huila,2024-06-03,orgánico
7851,Medellín,Antioquia,2023-08-30,redes_sociales
7852,Bogotá,Cundinamarca,2023-02-23,publicidad_pago
7853,Bogotá,Cundinamarca,2024-05-01,publicidad_pago
7854,Barranquilla,Atlántico,2023-12-14,redes_sociales
7855,,Valle del Cauca,2023-11-09,publicidad_pago
7856,Bogotá,Cundinamarca,2023-02-03,redes_sociales
7857,,Caldas,2024-06-14,orgánico
7858,Neiva,Huila,2023-02-12,orgánico
7859,Bogotá,Cundinamarca,2023-11-30,orgánico
7860, Bogotá ,Cundinamarca,2023-11-23,orgánico
7861,Bogotá,Cundinamarca,2023-10-09,orgánico
7862,Medellín,Antioquia,2023-10-29,publicidad_pago
7863,Pereira,Risaralda,2023-08-06,orgánico
7864,Barranquilla,Atlántico,2023-11-10,orgánico
7865,Bogotá,Cundinamarca,2023-07-19,orgánico
7866,Cali,Valle del Cauca,2023-09-17,orgánico
7867,Bogotá,Cundinamarca,2024-01-06,orgánico
7868,Medellín,Antioquia,2024-02-11,orgánico
7869,Medellín,Antioquia,2023-03-25,orgánico
7870,Barranquilla,Atlántico,2024-06-26,referido
7871,Cali,Valle del Cauca,2023-02-22,orgánico
7872,Pereira,Risaralda,2023-05-31,orgánico
7873,Bogotá,Cundinamarca,2023-07-09,redes_sociales
7874,Bucaramanga,Santander,2023-06-26,orgánico
7875,Bogotá,Cundinamarca,2023-07-12,redes_sociales
7876,Medellín,Antioquia,2023-06-26,redes_sociales
7877,Pereira,Risaralda,2023-08-27,publicidad_pago
7878,Cartagena,Bolívar,2024-02-22,referido
7879,Bogotá,Cundinamarca,2024-03-28,publicidad_pago
7880,Cali,Valle del Cauca,2023-07-10,orgánico
7881,Bucaramanga,Santander,2023-05-22,redes_sociales
7882,Cúcuta,Norte de Santander,2024-01-06,orgánico
7883,Barranquilla,Atlántico,2023-02-02,publicidad_pago
7884,Bogotá,Cundinamarca,2023-09-01,orgánico
7885,Cali,Valle del Cauca,2023-05-01,publicidad_pago
7886,Bogotá,Cundinamarca,2023-11-29,orgánico
7887,Bogotá,Cundinamarca,2023-02-12,redes_sociales
7888,Barranquilla,Atlántico,2024-03-29,orgánico
7889,Bucaramanga,Santander,2023-05-28,redes_sociales
7890,Bogotá,Cundinamarca,2023-10-09,publicidad_pago
7891,Ibagué,Tolima,2023-11-10,redes_sociales
7892,Cartagena,Bolívar,2023-09-17,orgánico
7893,Bucaramanga,Santander,2023-09-03,orgánico
7894,Bogotá,Cundinamarca,2023-05-27,publicidad_pago
7895,Medellín,Antioquia,2024-02-27,redes_sociales
7896,Bogotá,Cundinamarca,2023-10-10,redes_sociales
7897,Bogotá,Cundinamarca,2023-04-29,redes_sociales
7898,Medellín,Antioquia,2023-05-24,redes_sociales
7899,MEDELLÍN,Antioquia,2023-08-28,redes_sociales
7900,Bogotá,Cundinamarca,2024-04-06,orgánico
7901,Bogotá,Cundinamarca,2024-06-09,redes_sociales
7902,Manizales,Caldas,2023-08-01,redes_sociales
7903,Ibagué,Tolima,2023-08-05,orgánico
7904,Medellín,Antioquia,2023-03-12,publicidad_pago
7905,Cúcuta,Norte de Santander,2023-10-26,orgánico
7906,Bogotá,Cundinamarca,2023-05-12,orgánico
7907,Medellín,Antioquia,2024-03-24,publicidad_pago
7908,Ibagué,Tolima,2023-10-20,publicidad_pago
7909,Medellín,Antioquia,2023-05-02,orgánico
7910,Bogotá,Cundinamarca,2024-05-16,publicidad_pago
7911,Medellín,Antioquia,2024-03-22,orgánico
7912,Cali,Valle del Cauca,2023-06-14,publicidad_pago
7913,Barranquilla,Atlántico,2023-03-07,redes_sociales
7914,Medellín,Antioquia,2023-05-25,publicidad_pago
7915,Medellín,Antioquia,2023-07-26,redes_sociales
7916,Bogotá,Cundinamarca,2023-08-11,redes_sociales
7917,Cali,Valle del Cauca,2024-03-25,publicidad_pago
7918,Bogotá,Cundinamarca,2024-06-13,orgánico
7919,Pereira,Risaralda,2024-02-13,orgánico
7920,Bucaramanga,Santander,2024-04-07,redes_sociales
7921,Medellín,Antioquia,2023-03-10,redes_sociales
7922,Bucaramanga,Santander,2023-03-23,orgánico
7923,Bogotá,Cundinamarca,2024-05-11,redes_sociales
7924,Medellín,Antioquia,2023-12-02,redes_sociales
7925,Medellín,Antioquia,2023-05-09,redes_sociales
7926,Cali,Valle del Cauca,2024-03-09,referido
7927,Bucaramanga,Santander,2023-04-06,redes_sociales
7928,Neiva,Huila,2024-02-25,redes_sociales
7929,Medellín,Antioquia,2024-04-28,redes_sociales
7930,Medellín,Antioquia,2023-09-25,orgánico
7931,,Atlántico,2023-12-26,publicidad_pago
7932,Medellín,Antioquia,2024-02-05,publicidad_pago
7933,Bogotá,Cundinamarca,2024-04-26,publicidad_pago
7934,Neiva,Huila,2023-11-16,referido
7935,Ibagué,Tolima,2023-06-10,redes_sociales
7936,Neiva,Huila,2023-04-21,publicidad_pago
7937,Bogotá,Cundinamarca,2023-07-14,orgánico
7938,Bogotá,Cundinamarca,2023-01-31,referido
7939,Medellín,Antioquia,2024-01-18,redes_sociales
7940,Cúcuta,Norte de Santander,2023-07-22,orgánico
7941,Bogotá,Cundinamarca,2024-01-25,publicidad_pago
7942,Bogotá,Cundinamarca,2023-02-03,redes_sociales
7943,Bogotá,Cundinamarca,2023-06-26,referido
7944,Bucaramanga,Santander,2023-08-05,publicidad_pago
7945,Ibagué,Tolima,2023-02-17,publicidad_pago
7946,Cartagena,Bolívar,2024-03-29,redes_sociales
7947,Bogotá,Cundinamarca,2023-11-23,redes_sociales
7948,Bucaramanga,Santander,2024-04-06,publicidad_pago
7949,Medellín,Antioquia,2024-03-14,orgánico
7950,Bogotá,Cundinamarca,2023-01-19,orgánico
7951,Medellín,Antioquia,2024-04-18,referido
7952,Cali,Valle del Cauca,2023-02-08,referido
7953,Medellín,Antioquia,2024-04-21,referido
7954,NEIVA,Huila,2024-01-02,orgánico
7955,Cali,Valle del Cauca,2024-03-24,orgánico
7956,Medellín,Antioquia,2023-10-01,referido
7957,Cartagena,Bolívar,2023-03-29,orgánico
7958,Barranquilla,Atlántico,2023-03-23,redes_sociales
7959,Bogotá,Cundinamarca,2023-03-06,orgánico
7960,Barranquilla,Atlántico,2024-03-16,publicidad_pago
7961,Bogotá,Cundinamarca,2023-10-19,redes_sociales
7962,Medellín,Antioquia,2023-04-29,orgánico
7963,Cartagena,Bolívar,2023-03-10,redes_sociales
7964,Cali,Valle del Cauca,2023-02-12,orgánico
7965,Medellín,Antioquia,2023-05-22,publicidad_pago
7966,Bogotá,Cundinamarca,2024-02-14,redes_sociales
7967,Cali,Valle del Cauca,2024-05-03,redes_sociales
7968,Medellín,Antioquia,2023-11-29,redes_sociales
7969,Manizales,Caldas,2024-06-28,orgánico
7970,Cali,Valle del Cauca,2023-08-04,orgánico
7971,Pereira,Risaralda,2023-07-01,referido
7972,Medellín,Antioquia,2024-01-14,redes_sociales
7973,Ibagué,Tolima,2023-03-15,redes_sociales
7974,Bogotá,Cundinamarca,2024-05-13,redes_sociales
7975,Medellín,Antioquia,2024-03-02,referido
7976,Bogotá,Cundinamarca,2023-01-19,publicidad_pago
7977,Bogotá,Cundinamarca,2023-04-13,orgánico
7978,Manizales,Caldas,2023-12-10,redes_sociales
7979,Cartagena,Bolívar,2024-02-08,redes_sociales
7980,Barranquilla,Atlántico,2023-04-30,publicidad_pago
7981,Cali,Valle del Cauca,2024-02-13,referido
7982,Cali,Valle del Cauca,2023-09-17,publicidad_pago
7983,Barranquilla,Atlántico,2024-01-05,publicidad_pago
7984,Ibagué,Tolima,2023-08-20,redes_sociales
7985,Barranquilla,Atlántico,2023-09-06,redes_sociales
7986,Bucaramanga,Santander,2023-08-02,redes_sociales
7987,Medellín,Antioquia,2023-03-27,publicidad_pago
7988,Neiva,Huila,2023-04-15,orgánico
7989,Bogotá,Cundinamarca,2023-04-02,redes_sociales
7990,Medellín,Antioquia,2024-03-15,orgánico
7991,,Caldas,2023-08-20,orgánico
7992,Bogotá,Cundinamarca,2023-07-27,publicidad_pago
7993,Bogotá,Cundinamarca,2024-04-13,orgánico
7994,Medellín,Antioquia,2024-04-30,publicidad_pago
7995,Medellín,Antioquia,2023-05-08,redes_sociales
7996,CÚCUTA,Norte de Santander,2023-07-14,publicidad_pago
7997,Pereira,Risaralda,2023-08-14,referido
7998,Cali,Valle del Cauca,2024-04-04,publicidad_pago
7999,,Huila,2024-01-03,publicidad_pago
8000,Barranquilla,Atlántico,2023-10-25,orgánico
4741,Cartagena,Bolívar,2023-04-30,orgánico
5607,Pereira,Risaralda,2024-05-19,publicidad_pago
4825,Medellín,Antioquia,2023-01-31,redes_sociales
4206,Bogotá,Cundinamarca,2023-12-31,publicidad_pago
3229,Cali,Valle del Cauca,2023-10-07,orgánico
2746,Cartagena,Bolívar,2023-03-02,orgánico
3612,Medellín,Antioquia,2023-11-16,orgánico
3492,Pereira,Risaralda,2023-10-10,orgánico
1186, Bogotá ,Cundinamarca,2024-05-14,orgánico
75,Pereira,Risaralda,2023-06-29,orgánico
1830,Bucaramanga,Santander,2023-06-28,publicidad_pago
308,Cartagena,Bolívar,2024-06-15,orgánico
1308,Medellín,Antioquia,2024-01-04,referido
3153,Medellín,Antioquia,2023-08-14,redes_sociales
2933,Cali,Valle del Cauca,2023-02-22,orgánico
3027,Barranquilla,Atlántico,2023-02-21,publicidad_pago
2009,Bogotá,Cundinamarca,2024-01-19,redes_sociales
4195,Manizales,Caldas,2024-01-17,orgánico
6100,Bogotá,Cundinamarca,2024-01-20,orgánico
2496,Ibagué,Tolima,2023-08-01,publicidad_pago
445,Bogotá,Cundinamarca,2023-02-10,redes_sociales
1549,Medellín,Antioquia,2023-09-08,orgánico
5171,Santa Marta,Magdalena,2023-04-01,publicidad_pago
4942,Barranquilla,Atlántico,2023-08-07,orgánico
3259,Neiva,Huila,2023-12-04,publicidad_pago
5402,Bogotá,Cundinamarca,2023-08-02,redes_sociales
5530,Bogotá,Cundinamarca,2024-05-26,orgánico
1611,Manizales,Caldas,2023-04-18,orgánico
5512,Bogotá,Cundinamarca,2024-01-03,redes_sociales
6978,Neiva,Huila,2024-04-26,orgánico
6371,Medellín,Antioquia,2024-06-25,redes_sociales
3372,Bogotá,Cundinamarca,2023-10-18,redes_sociales
4829,CALI,Valle del Cauca,2023-02-23,redes_sociales
538,Bucaramanga,Santander,2024-05-11,referido
1908,Bogotá,Cundinamarca,2023-09-24,orgánico
2193,Cali,Valle del Cauca,2024-02-16,orgánico
1577,Cartagena,Bolívar,2023-08-01,redes_sociales
3105,Manizales,Caldas,2023-04-28,redes_sociales
3248,Bogotá,Cundinamarca,2023-11-13,orgánico
1533,Cartagena,Bolívar,2024-06-16,redes_sociales
104,Pereira,Risaralda,2023-11-14,publicidad_pago
2858,Medellín,Antioquia,2023-08-21,orgánico
6295,Barranquilla,Atlántico,2024-01-28,orgánico
4626,Barranquilla,Atlántico,2023-11-03,publicidad_pago
7536,Bogotá,Cundinamarca,2023-06-28,redes_sociales
1910,Cali,Valle del Cauca,2024-01-08,redes_sociales
7170,Medellín,Antioquia,2023-12-15,redes_sociales
1579,Bogotá,Cundinamarca,2024-01-05,orgánico
5168,Cali,Valle del Cauca,2023-07-29,publicidad_pago
7538,Cúcuta,Norte de Santander,2023-11-26,redes_sociales
5980,Cartagena,Bolívar,2023-12-31,publicidad_pago
5229,Medellín,Antioquia,2023-02-14,orgánico
645,Bogotá,Cundinamarca,2023-08-26,orgánico
4999,Pereira,Risaralda,2023-09-01,publicidad_pago
5452,MEDELLÍN,Antioquia,2023-01-29,referido
6697,Medellín,Antioquia,2023-12-25,publicidad_pago
2568,Cali,Valle del Cauca,2024-06-06,redes_sociales
959,Pereira,Risaralda,2024-06-23,publicidad_pago
2165, Barranquilla ,Atlántico,2023-12-24,redes_sociales
2601,Medellín,Antioquia,2024-03-22,orgánico
3895,Cartagena,Bolívar,2023-12-01,orgánico
803,Bogotá,Cundinamarca,2023-12-14,orgánico
6174,Barranquilla,Atlántico,2023-12-10,orgánico
5222,Bogotá,Cundinamarca,2023-02-13,publicidad_pago
6736,Medellín,Antioquia,2023-04-27,redes_sociales
4727,Barranquilla,Atlántico,2023-03-13,orgánico
6955,Pereira,Risaralda,2023-05-03,publicidad_pago
2405,Pereira,Risaralda,2023-05-08,redes_sociales
1962,Neiva,Huila,2023-06-03,orgánico
3045,Cali,Valle del Cauca,2023-04-03,publicidad_pago
6093,Pereira,Risaralda,2023-08-26,orgánico
1343,,Santander,2023-05-05,redes_sociales
4190,Cali,Valle del Cauca,2023-01-24,orgánico
2005,Bogotá,Cundinamarca,2023-11-05,redes_sociales
1751,Bogotá,Cundinamarca,2023-07-14,orgánico
2386,Cartagena,Bolívar,2023-06-16,redes_sociales
5606,Bogotá,Cundinamarca,2024-01-20,orgánico
6604,Cali,Valle del Cauca,2023-09-06,redes_sociales
5137,Neiva,Huila,2023-03-29,orgánico
5736,Neiva,Huila,2024-03-05,orgánico
3394,Barranquilla,Atlántico,2023-09-14,referido
40,Bogotá,Cundinamarca,2024-03-22,referido
5669,Bogotá,Cundinamarca,2023-09-20,redes_sociales
3158,Bogotá,Cundinamarca,2023-05-24,publicidad_pago
2681,Bucaramanga,Santander,2023-09-03,redes_sociales
2890,Bogotá,Cundinamarca,2023-10-25,orgánico
7983,Barranquilla,Atlántico,2024-01-05,publicidad_pago
4463,Bogotá,Cundinamarca,2023-06-21,referido
7054,CARTAGENA,Bolívar,2024-01-26,orgánico
2464,Medellín,Antioquia,2024-02-22,orgánico
