devolucion_id,pedido_id,fecha_devolucion,motivo,valor_reembolsado
1,100004,2024-07-15,no_cumple_expectativas,131410
2,100007,2024-07-25,producto_defectuoso,817700
3,100041,2024-07-07,talla_incorrecta,191800
4,100053,2024-07-23,producto_defectuoso,54800
5,100062,2024-07-10,talla_incorrecta,493020
6,100070,2024-07-25,llegó_dañado,194300
7,100090,2024-07-10,producto_defectuoso,173120
8,100094,2024-07-19,no_cumple_expectativas,862000
9,100124,2024-07-06,no_cumple_expectativas,117000
10,100125,2024-07-15,no_cumple_expectativas,537320
11,100128,2024-07-20,producto_defectuoso,652308
12,100137,2024-07-13,llegó_dañado,474100
13,100151,2024-07-14,no_cumple_expectativas,419985
14,100176,2024-07-08,otro,65700
15,100177,2024-07-19,no_cumple_expectativas,8217880
16,100185,2024-07-28,llegó_dañado,52470
17,100194,2024-07-16,no_cumple_expectativas,218900
18,100203,2024-07-23,talla_incorrecta,196400
19,100248,2024-07-07,producto_defectuoso,464880
20,100268,2024-07-09,no_cumple_expectativas,330820
21,100281,2024-07-11,llegó_dañado,111400
22,100284,2024-07-08,producto_defectuoso,693056
23,100302,2024-07-27,otro,480960
24,100305,2024-07-14,otro,133875
25,100308,2024-07-23,talla_incorrecta,144540
26,100309,2024-07-19,no_cumple_expectativas,2520000
27,100319,2024-07-29,otro,58860
28,100322,2024-07-20,producto_defectuoso,824600
29,100332,2024-07-15,llegó_dañado,2802960
30,100334,2024-07-11,no_cumple_expectativas,605250
31,100342,2024-07-19,no_cumple_expectativas,62640
32,100344,2024-07-27,producto_defectuoso,4038640
33,100354,2024-07-26,talla_incorrecta,141440
34,100365,2024-07-28,no_cumple_expectativas,246755
35,100385,2024-07-21,no_cumple_expectativas,219920
36,100421,2024-07-15,no_cumple_expectativas,663765
37,100436,2024-07-13,producto_defectuoso,2218000
38,100464,2024-07-19,llegó_dañado,74480
39,100469,2024-07-29,producto_defectuoso,483000
40,100470,2024-07-19,no_cumple_expectativas,98960
41,100475,2024-07-30,no_cumple_expectativas,385800
42,100487,2024-07-30,producto_defectuoso,2304700
43,100514,2024-07-19,otro,84240
44,100529,2024-07-19,no_cumple_expectativas,126000
45,100538,2024-07-31,talla_incorrecta,55400
46,100539,2024-08-02,no_cumple_expectativas,467400
47,100542,2024-08-01,producto_defectuoso,369720
48,100546,2024-07-28,talla_incorrecta,101100
49,100575,2024-07-16,talla_incorrecta,175360
50,100588,2024-07-27,producto_defectuoso,46296
51,100600,2024-07-31,talla_incorrecta,205500
52,100614,2024-07-21,no_cumple_expectativas,269705
53,100633,2024-08-04,llegó_dañado,34320
54,100701,2024-07-22,otro,624900
55,100726,2024-07-26,producto_defectuoso,61290
56,100733,2024-07-24,llegó_dañado,106250
57,100747,2024-07-27,llegó_dañado,913410
58,100766,2024-07-17,llegó_dañado,109000
59,100767,2024-07-25,otro,2679040
60,100780,2024-08-04,talla_incorrecta,531000
61,100811,2024-07-23,llegó_dañado,193770
62,100815,2024-08-07,no_cumple_expectativas,40000
63,100830,2024-07-19,no_cumple_expectativas,52700
64,100843,2024-07-27,producto_defectuoso,1946400
65,100853,2024-07-18,producto_defectuoso,155300
66,100885,2024-07-18,llegó_dañado,68600
67,100893,2024-08-10,no_cumple_expectativas,4972395
68,100898,2024-07-22,no_cumple_expectativas,429440
69,100950,2024-08-01,otro,60240
70,100955,2024-08-04,producto_defectuoso,1170900
71,100966,2024-08-01,producto_defectuoso,308960
72,100967,2024-07-23,talla_incorrecta,390320
73,100993,2024-07-25,no_cumple_expectativas,412200
74,100999,2024-08-01,producto_defectuoso,225800
75,101000,2024-07-27,no_cumple_expectativas,91260
76,101034,2024-08-10,no_cumple_expectativas,390780
77,101041,2024-07-25,no_cumple_expectativas,152932
78,101058,2024-08-03,producto_defectuoso,8672000
79,101063,2024-08-03,otro,107680
80,101082,2024-07-21,no_cumple_expectativas,748350
81,101087,2024-08-07,talla_incorrecta,96240
82,101094,2024-08-09,producto_defectuoso,96730
83,101105,2024-07-23,llegó_dañado,1624000
84,101123,2024-08-05,talla_incorrecta,178125
85,101124,2024-08-08,talla_incorrecta,186500
86,101135,2024-07-27,llegó_dañado,1994015
87,101139,2024-08-12,no_cumple_expectativas,446544
88,101171,2024-08-11,talla_incorrecta,267800
89,101172,2024-08-12,no_cumple_expectativas,553520
90,101176,2024-07-29,talla_incorrecta,64685
91,101185,2024-08-13,no_cumple_expectativas,1023400
92,101217,2024-07-28,producto_defectuoso,448720
93,101229,2024-08-01,no_cumple_expectativas,426080
94,101240,2024-07-25,otro,51800
95,101246,2024-08-12,producto_defectuoso,992600
96,101248,2024-08-12,no_cumple_expectativas,116300
97,101272,2024-07-25,no_cumple_expectativas,176510
98,101290,2024-07-27,llegó_dañado,3522420
99,101314,2024-08-11,producto_defectuoso,374935
100,101318,2024-07-29,llegó_dañado,77860
101,101325,2024-08-08,llegó_dañado,168210
102,101332,2024-08-08,no_cumple_expectativas,154800
103,101334,2024-08-16,no_cumple_expectativas,60400
104,101365,2024-08-09,llegó_dañado,57360
105,101372,2024-08-08,no_cumple_expectativas,841800
106,101383,2024-08-02,talla_incorrecta,235170
107,101406,2024-08-08,no_cumple_expectativas,63800
108,101409,2024-08-17,llegó_dañado,902790
109,101428,2024-08-08,talla_incorrecta,334620
110,101487,2024-08-13,talla_incorrecta,52700
111,101504,2024-08-04,producto_defectuoso,429305
112,101523,2024-08-18,producto_defectuoso,1224400
113,101538,2024-08-04,no_cumple_expectativas,204800
114,101545,2024-08-20,talla_incorrecta,483600
115,101549,2024-08-13,producto_defectuoso,1789740
116,101574,2024-08-20,talla_incorrecta,98040
117,101578,2024-08-20,otro,128900
118,101592,2024-08-13,llegó_dañado,66200
119,101597,2024-08-08,llegó_dañado,196320
120,101617,2024-08-17,talla_incorrecta,149340
121,101639,2024-08-12,no_cumple_expectativas,317664
122,101644,2024-08-07,producto_defectuoso,1205500
123,101660,2024-08-14,talla_incorrecta,80240
124,101673,2024-08-02,no_cumple_expectativas,172710
125,101702,2024-08-14,talla_incorrecta,162600
126,101711,2024-08-01,producto_defectuoso,1292220
127,101810,2024-08-14,llegó_dañado,318870
128,101811,2024-08-22,no_cumple_expectativas,112100
129,101814,2024-08-03,talla_incorrecta,38590
130,101832,2024-08-02,no_cumple_expectativas,321700
131,101847,2024-08-04,llegó_dañado,158800
132,101858,2024-08-12,producto_defectuoso,649040
133,101860,2024-08-16,no_cumple_expectativas,406240
134,101883,2024-08-11,otro,50160
135,101967,2024-08-07,producto_defectuoso,1211040
136,101988,2024-08-15,producto_defectuoso,1708480
137,102011,2024-08-27,otro,232628
138,102019,2024-08-27,llegó_dañado,442700
139,102022,2024-08-24,no_cumple_expectativas,416240
140,102028,2024-08-15,llegó_dañado,67700
141,102035,2024-08-07,llegó_dañado,124200
142,102070,2024-08-13,talla_incorrecta,121760
143,102083,2024-08-27,producto_defectuoso,2166600
144,102106,2024-08-14,producto_defectuoso,291300
145,102116,2024-08-15,producto_defectuoso,2251300
146,102117,2024-08-16,llegó_dañado,92720
147,102121,2024-08-18,no_cumple_expectativas,260680
148,102151,2024-08-12,no_cumple_expectativas,251500
149,102160,2024-08-25,llegó_dañado,175940
150,102189,2024-08-15,no_cumple_expectativas,116800
151,102219,2024-08-19,no_cumple_expectativas,522000
152,102283,2024-08-16,no_cumple_expectativas,560430
153,102288,2024-09-01,no_cumple_expectativas,537840
154,102297,2024-09-01,no_cumple_expectativas,1047510
155,102300,2024-08-12,no_cumple_expectativas,125040
156,102304,2024-08-12,llegó_dañado,1118720
157,102323,2024-08-28,talla_incorrecta,196600
158,102349,2024-08-24,no_cumple_expectativas,1014400
159,102353,2024-08-24,no_cumple_expectativas,191900
160,102358,2024-08-17,llegó_dañado,555200
161,102366,2024-08-27,no_cumple_expectativas,72400
162,102376,2024-08-22,talla_incorrecta,100000
163,102385,2024-09-02,producto_defectuoso,26800
164,102387,2024-08-12,no_cumple_expectativas,102800
165,102413,2024-08-30,talla_incorrecta,195920
166,102423,2024-08-18,otro,254520
167,102427,2024-08-25,producto_defectuoso,384800
168,102434,2024-08-20,no_cumple_expectativas,18600
169,102446,2024-08-14,llegó_dañado,56015
170,102481,2024-08-28,otro,104256
171,102482,2024-08-21,no_cumple_expectativas,45700
172,102493,2024-09-02,llegó_dañado,1437445
173,102512,2024-09-04,no_cumple_expectativas,500500
174,102513,2024-08-29,no_cumple_expectativas,294800
175,102534,2024-09-01,no_cumple_expectativas,171836
176,102539,2024-08-29,no_cumple_expectativas,100200
177,102576,2024-08-24,talla_incorrecta,41040
178,102597,2024-08-19,llegó_dañado,423300
179,102613,2024-08-20,llegó_dañado,2038504
180,102616,2024-08-19,no_cumple_expectativas,90576
181,102621,2024-09-05,otro,281200
182,102626,2024-08-20,talla_incorrecta,199600
183,102635,2024-08-30,llegó_dañado,77840
184,102644,2024-09-03,llegó_dañado,294120
185,102658,2024-08-22,talla_incorrecta,272600
186,102660,2024-08-31,no_cumple_expectativas,531500
187,102662,2024-08-25,otro,84512
188,102663,2024-08-29,llegó_dañado,1226900
189,102668,2024-08-31,talla_incorrecta,91890
190,102671,2024-08-16,llegó_dañado,3787770
191,102681,2024-08-18,talla_incorrecta,192500
192,102685,2024-09-05,producto_defectuoso,152100
193,102713,2024-08-31,otro,44820
194,102756,2024-08-26,llegó_dañado,1109695
195,102758,2024-08-23,talla_incorrecta,103000
196,102773,2024-08-22,no_cumple_expectativas,881010
197,102777,2024-09-06,talla_incorrecta,274100
198,102784,2024-08-19,llegó_dañado,41800
199,102792,2024-09-06,otro,1276240
200,102796,2024-08-19,no_cumple_expectativas,440200
201,102803,2024-08-26,no_cumple_expectativas,123700
202,102817,2024-08-31,llegó_dañado,220880
203,102823,2024-09-10,no_cumple_expectativas,480400
204,102896,2024-08-29,llegó_dañado,50932
205,102910,2024-08-22,producto_defectuoso,1489320
206,102986,2024-09-07,talla_incorrecta,52500
207,102993,2024-08-25,talla_incorrecta,142320
208,103008,2024-09-05,talla_incorrecta,220160
209,103013,2024-08-26,no_cumple_expectativas,1965600
210,103027,2024-08-24,otro,2378400
211,103036,2024-09-05,producto_defectuoso,1851120
212,103058,2024-08-30,producto_defectuoso,101745
213,103108,2024-09-04,llegó_dañado,153920
214,103145,2024-09-11,otro,118800
215,103149,2024-09-04,no_cumple_expectativas,103680
216,103165,2024-09-14,producto_defectuoso,534700
217,103171,2024-09-09,no_cumple_expectativas,426000
218,103176,2024-08-29,otro,63100
219,103194,2024-08-28,producto_defectuoso,1568640
220,103214,2024-09-03,llegó_dañado,1739200
221,103215,2024-09-12,talla_incorrecta,323280
222,103253,2024-09-13,producto_defectuoso,550700
223,103254,2024-09-16,producto_defectuoso,165750
224,103257,2024-09-16,talla_incorrecta,97800
225,103271,2024-09-02,llegó_dañado,45600
226,103289,2024-09-09,talla_incorrecta,227600
227,103294,2024-09-09,no_cumple_expectativas,85520
228,103314,2024-09-12,no_cumple_expectativas,259255
229,103339,2024-09-03,otro,52900
230,103344,2024-09-15,otro,51110
231,103351,2024-09-08,llegó_dañado,805680
232,103372,2024-09-02,producto_defectuoso,1210800
233,103391,2024-09-04,producto_defectuoso,617040
234,103422,2024-09-05,talla_incorrecta,39960
235,103424,2024-08-29,llegó_dañado,538100
236,103433,2024-09-05,otro,520220
237,103445,2024-09-04,producto_defectuoso,1154440
238,103459,2024-09-16,talla_incorrecta,108160
239,103467,2024-09-10,llegó_dañado,540345
240,103473,2024-09-09,talla_incorrecta,93195
241,103481,2024-09-09,talla_incorrecta,50445
242,103494,2024-08-30,llegó_dañado,979830
243,103551,2024-09-06,producto_defectuoso,1298800
244,103561,2024-08-31,no_cumple_expectativas,164100
245,103568,2024-09-19,otro,269280
246,103603,2024-09-04,talla_incorrecta,245900
247,103609,2024-09-03,llegó_dañado,1008916
248,103622,2024-09-04,producto_defectuoso,508480
249,103634,2024-09-04,producto_defectuoso,424365
250,103655,2024-09-11,no_cumple_expectativas,244200
251,103664,2024-09-01,talla_incorrecta,182835
252,103674,2024-09-09,talla_incorrecta,43280
253,103696,2024-09-21,no_cumple_expectativas,217300
254,103700,2024-09-11,producto_defectuoso,193500
255,103734,2024-09-12,llegó_dañado,78128
256,103765,2024-09-10,otro,889200
257,103778,2024-09-03,producto_defectuoso,376512
258,103787,2024-09-21,producto_defectuoso,65500
259,103788,2024-09-25,llegó_dañado,1842800
260,103794,2024-09-09,no_cumple_expectativas,39360
261,103870,2024-09-11,talla_incorrecta,39520
262,103893,2024-09-23,llegó_dañado,471600
263,103905,2024-09-25,no_cumple_expectativas,59160
264,103912,2024-09-23,producto_defectuoso,2368200
265,103945,2024-09-06,producto_defectuoso,507965
266,103959,2024-09-27,llegó_dañado,516160
267,103963,2024-09-15,otro,450400
268,103967,2024-09-13,talla_incorrecta,135400
269,103984,2024-09-23,no_cumple_expectativas,110880
270,104002,2024-09-12,talla_incorrecta,245860
271,104090,2024-09-27,no_cumple_expectativas,80600
272,104099,2024-09-13,llegó_dañado,271600
273,104102,2024-09-27,llegó_dañado,540100
274,104133,2024-09-29,no_cumple_expectativas,288900
275,104146,2024-09-29,producto_defectuoso,2055135
276,104151,2024-09-19,no_cumple_expectativas,4786000
277,104160,2024-10-01,llegó_dañado,1089745
278,104167,2024-09-16,talla_incorrecta,236900
279,104169,2024-09-13,llegó_dañado,559080
280,104174,2024-09-11,producto_defectuoso,1526800
281,104177,2024-09-21,otro,769800
282,104191,2024-09-10,talla_incorrecta,179460
283,104216,2024-09-23,talla_incorrecta,254100
284,104218,2024-09-24,otro,176160
285,104222,2024-09-16,talla_incorrecta,80480
286,104225,2024-09-29,no_cumple_expectativas,462570
287,104228,2024-09-13,llegó_dañado,142700
288,104251,2024-09-17,talla_incorrecta,78960
289,104256,2024-09-18,no_cumple_expectativas,1022700
290,104264,2024-09-30,talla_incorrecta,202100
291,104275,2024-09-23,llegó_dañado,549900
292,104292,2024-10-01,producto_defectuoso,2696744
293,104301,2024-09-22,no_cumple_expectativas,52000
294,104303,2024-09-25,llegó_dañado,218070
295,104322,2024-10-03,producto_defectuoso,645600
296,104325,2024-09-29,talla_incorrecta,61200
297,104342,2024-09-28,no_cumple_expectativas,1182750
298,104372,2024-09-20,otro,423600
299,104380,2024-09-26,producto_defectuoso,701840
300,104411,2024-09-28,otro,878800
301,104424,2024-09-26,no_cumple_expectativas,136800
302,104426,2024-09-14,talla_incorrecta,80080
303,104429,2024-10-01,no_cumple_expectativas,486700
304,104437,2024-09-22,no_cumple_expectativas,2212380
305,104481,2024-09-30,no_cumple_expectativas,107600
306,104484,2024-09-22,otro,98040
307,104489,2024-09-24,talla_incorrecta,319680
308,104520,2024-10-03,llegó_dañado,218480
309,104526,2024-09-23,no_cumple_expectativas,93100
310,104581,2024-10-05,producto_defectuoso,978880
311,104583,2024-10-04,llegó_dañado,510600
312,104594,2024-09-29,producto_defectuoso,86020
313,104615,2024-09-26,talla_incorrecta,176800
314,104628,2024-09-26,no_cumple_expectativas,292720
315,104647,2024-09-30,producto_defectuoso,58600
316,104656,2024-09-16,llegó_dañado,122600
317,104679,2024-10-02,producto_defectuoso,917190
318,104710,2024-09-29,no_cumple_expectativas,190152
319,104747,2024-09-18,otro,61920
320,104766,2024-09-19,no_cumple_expectativas,78160
321,104786,2024-09-25,no_cumple_expectativas,78080
322,104817,2024-09-20,no_cumple_expectativas,1123360
323,104854,2024-09-27,otro,163590
324,104871,2024-09-28,no_cumple_expectativas,466720
325,104873,2024-10-03,no_cumple_expectativas,52725
326,104878,2024-09-25,llegó_dañado,1689400
327,104905,2024-09-23,no_cumple_expectativas,1717650
328,104909,2024-09-24,no_cumple_expectativas,812175
329,104910,2024-09-22,otro,92752
330,104927,2024-10-03,producto_defectuoso,4309800
331,104933,2024-10-06,talla_incorrecta,239400
332,104939,2024-09-23,llegó_dañado,114600
333,104951,2024-09-25,producto_defectuoso,458240
334,104970,2024-09-23,producto_defectuoso,52560
335,104979,2024-10-04,no_cumple_expectativas,53190
336,104995,2024-10-10,otro,380076
337,105008,2024-10-01,producto_defectuoso,1063890
338,105009,2024-10-09,talla_incorrecta,163900
339,105023,2024-10-14,no_cumple_expectativas,230945
340,105028,2024-09-28,llegó_dañado,294592
341,105079,2024-09-29,llegó_dañado,46260
342,105081,2024-10-03,llegó_dañado,28620
343,105084,2024-10-08,otro,73900
344,105101,2024-10-07,talla_incorrecta,525200
345,105106,2024-09-24,llegó_dañado,1054340
346,105118,2024-10-10,otro,241200
347,105157,2024-09-26,talla_incorrecta,128880
348,105183,2024-10-16,talla_incorrecta,45400
349,105193,2024-10-03,talla_incorrecta,81840
350,105195,2024-09-29,otro,525420
351,105219,2024-10-02,no_cumple_expectativas,86040
352,105224,2024-10-15,otro,87120
353,105233,2024-10-05,no_cumple_expectativas,63500
354,105240,2024-10-02,no_cumple_expectativas,340000
355,105258,2024-10-12,talla_incorrecta,253400
356,105278,2024-10-10,no_cumple_expectativas,222880
357,105279,2024-10-10,talla_incorrecta,47520
358,105287,2024-10-06,talla_incorrecta,500400
359,105343,2024-10-13,otro,75240
360,105348,2024-10-16,no_cumple_expectativas,909150
361,105365,2024-09-29,no_cumple_expectativas,238900
362,105381,2024-10-10,no_cumple_expectativas,92240
363,105411,2024-09-28,talla_incorrecta,98000
364,105450,2024-10-10,no_cumple_expectativas,90720
365,105459,2024-10-19,no_cumple_expectativas,50464
366,105460,2024-09-29,no_cumple_expectativas,90630
367,105467,2024-10-07,producto_defectuoso,1175700
368,105470,2024-10-18,no_cumple_expectativas,177270
369,105533,2024-10-22,producto_defectuoso,227400
370,105547,2024-10-12,no_cumple_expectativas,562590
371,105597,2024-10-13,no_cumple_expectativas,166535
372,105599,2024-10-23,producto_defectuoso,1455390
373,105634,2024-10-21,llegó_dañado,57500
374,105637,2024-10-09,talla_incorrecta,373920
375,105641,2024-10-11,llegó_dañado,61100
376,105649,2024-10-17,no_cumple_expectativas,538840
377,105669,2024-10-24,talla_incorrecta,44285
378,105671,2024-10-05,producto_defectuoso,1687300
379,105678,2024-10-18,no_cumple_expectativas,191040
380,105723,2024-10-05,no_cumple_expectativas,556000
381,105736,2024-10-12,llegó_dañado,2072640
382,105771,2024-10-15,no_cumple_expectativas,68115
383,105775,2024-10-23,talla_incorrecta,68900
384,105799,2024-10-12,no_cumple_expectativas,277680
385,105807,2024-10-16,producto_defectuoso,1656905
386,105815,2024-10-14,llegó_dañado,78800
387,105896,2024-10-12,producto_defectuoso,2206100
388,105897,2024-10-07,no_cumple_expectativas,2125300
389,105939,2024-10-26,otro,466735
390,105991,2024-10-22,llegó_dañado,144560
391,106012,2024-10-21,no_cumple_expectativas,621600
392,106021,2024-10-18,otro,91885
393,106047,2024-10-13,no_cumple_expectativas,2436200
394,106068,2024-10-21,otro,129600
395,106082,2024-10-18,llegó_dañado,140600
396,106131,2024-10-11,producto_defectuoso,6437100
397,106139,2024-10-10,llegó_dañado,134600
398,106167,2024-10-25,otro,1163370
399,106181,2024-10-14,llegó_dañado,85408
400,106209,2024-10-10,talla_incorrecta,163900
401,106216,2024-10-27,talla_incorrecta,271320
402,106223,2024-10-30,producto_defectuoso,758200
403,106224,2024-10-15,talla_incorrecta,186400
404,106247,2024-10-31,producto_defectuoso,51255
405,106262,2024-10-18,talla_incorrecta,102000
406,106282,2024-11-02,talla_incorrecta,558000
407,106295,2024-10-17,llegó_dañado,96512
408,106310,2024-10-26,talla_incorrecta,182248
409,106315,2024-10-18,producto_defectuoso,102600
410,106334,2024-10-20,no_cumple_expectativas,192100
411,106335,2024-10-17,no_cumple_expectativas,102400
412,106343,2024-10-27,llegó_dañado,358910
413,106360,2024-10-13,talla_incorrecta,275600
414,106369,2024-10-31,producto_defectuoso,903600
415,106376,2024-10-14,otro,22440
416,106386,2024-10-23,llegó_dañado,1051600
417,106387,2024-11-03,no_cumple_expectativas,1945500
418,106397,2024-10-25,producto_defectuoso,537115
419,106419,2024-10-20,talla_incorrecta,89200
420,106421,2024-10-30,producto_defectuoso,1927000
421,106446,2024-10-25,no_cumple_expectativas,499520
422,106473,2024-10-29,producto_defectuoso,1302744
423,106500,2024-11-01,talla_incorrecta,383616
424,106524,2024-11-04,no_cumple_expectativas,190880
425,106531,2024-10-22,otro,86960
426,106540,2024-10-26,talla_incorrecta,112968
427,106560,2024-10-19,producto_defectuoso,331300
428,106574,2024-10-16,no_cumple_expectativas,1211400
429,106585,2024-10-31,producto_defectuoso,129856
430,106587,2024-11-06,llegó_dañado,193290
431,106593,2024-10-24,otro,189620
432,106609,2024-10-17,no_cumple_expectativas,173970
433,106621,2024-11-06,producto_defectuoso,112300
434,106638,2024-10-17,llegó_dañado,2120100
435,106682,2024-10-31,talla_incorrecta,50300
436,106703,2024-10-30,llegó_dañado,117900
437,106712,2024-11-02,otro,497420
438,106722,2024-10-27,otro,237800
439,106723,2024-11-05,no_cumple_expectativas,1635700
440,106767,2024-10-20,talla_incorrecta,95184
441,106787,2024-11-09,llegó_dañado,894780
442,106844,2024-10-23,llegó_dañado,399800
443,106863,2024-10-22,talla_incorrecta,112900
444,106865,2024-10-26,producto_defectuoso,410700
445,106876,2024-10-22,no_cumple_expectativas,267900
446,106897,2024-11-03,llegó_dañado,5073570
447,106957,2024-11-03,llegó_dañado,1715400
448,107008,2024-11-11,no_cumple_expectativas,1040600
449,107047,2024-11-13,llegó_dañado,534850
450,107083,2024-11-08,no_cumple_expectativas,732735
451,107097,2024-11-13,llegó_dañado,205200
452,107101,2024-11-09,otro,49800
453,107103,2024-11-10,otro,723000
454,107117,2024-11-08,no_cumple_expectativas,51136
455,107144,2024-10-30,no_cumple_expectativas,40280
456,107162,2024-11-11,no_cumple_expectativas,1745500
457,107175,2024-10-30,no_cumple_expectativas,539885
458,107176,2024-10-28,talla_incorrecta,575700
459,107177,2024-11-03,llegó_dañado,1231500
460,107181,2024-11-15,talla_incorrecta,200400
461,107182,2024-11-07,llegó_dañado,90200
462,107183,2024-10-27,otro,1664115
463,107193,2024-10-26,producto_defectuoso,50065
464,107195,2024-11-07,llegó_dañado,544300
465,107200,2024-11-11,producto_defectuoso,1646720
466,107256,2024-11-01,llegó_dañado,244500
467,107269,2024-11-11,llegó_dañado,1087110
468,107283,2024-11-03,llegó_dañado,314720
469,107293,2024-10-29,talla_incorrecta,358400
470,107306,2024-11-14,no_cumple_expectativas,143640
471,107373,2024-11-15,producto_defectuoso,833800
472,107388,2024-11-12,no_cumple_expectativas,52470
473,107396,2024-11-04,talla_incorrecta,177336
474,107415,2024-11-06,talla_incorrecta,126000
475,107436,2024-11-19,no_cumple_expectativas,210290
476,107446,2024-10-30,no_cumple_expectativas,99400
477,107508,2024-11-10,producto_defectuoso,253840
478,107518,2024-11-01,producto_defectuoso,1229300
479,107532,2024-11-20,no_cumple_expectativas,272800
480,107566,2024-11-19,no_cumple_expectativas,41990
481,107597,2024-11-20,no_cumple_expectativas,193770
482,107602,2024-11-19,no_cumple_expectativas,129485
483,107613,2024-11-02,llegó_dañado,214600
484,107614,2024-11-17,no_cumple_expectativas,98400
485,107632,2024-11-09,producto_defectuoso,488100
486,107648,2024-11-13,no_cumple_expectativas,227440
487,107696,2024-11-16,talla_incorrecta,122580
488,107710,2024-11-18,llegó_dañado,133300
489,107714,2024-11-05,producto_defectuoso,363760
490,107717,2024-11-06,llegó_dañado,1044800
491,107730,2024-11-12,otro,1398685
492,107732,2024-11-20,producto_defectuoso,72600
493,107740,2024-11-21,producto_defectuoso,419805
494,107749,2024-11-10,no_cumple_expectativas,74250
495,107752,2024-11-05,llegó_dañado,40960
496,107757,2024-11-20,no_cumple_expectativas,235350
497,107768,2024-11-20,no_cumple_expectativas,904400
498,107774,2024-11-11,talla_incorrecta,196488
499,107800,2024-11-18,producto_defectuoso,321920
500,107804,2024-11-03,llegó_dañado,1225200
501,107809,2024-11-15,otro,115400
502,107829,2024-11-19,talla_incorrecta,223600
503,107841,2024-11-19,producto_defectuoso,920790
504,107845,2024-11-26,talla_incorrecta,646200
505,107854,2024-11-25,otro,297000
506,107856,2024-11-06,llegó_dañado,4621800
507,107859,2024-11-25,talla_incorrecta,113335
508,107878,2024-11-09,talla_incorrecta,164400
509,107928,2024-11-10,llegó_dañado,158800
510,107941,2024-11-10,talla_incorrecta,197928
511,107968,2024-11-09,talla_incorrecta,265500
512,107974,2024-11-24,otro,96995
513,107987,2024-11-14,talla_incorrecta,491200
514,107988,2024-11-08,talla_incorrecta,137500
515,107989,2024-11-08,llegó_dañado,744200
516,108000,2024-11-11,otro,561024
517,108001,2024-11-21,producto_defectuoso,1229908
518,108021,2024-11-11,talla_incorrecta,276100
519,108050,2024-11-07,otro,1643904
520,108061,2024-11-16,no_cumple_expectativas,365200
521,108063,2024-11-14,llegó_dañado,1405620
522,108085,2024-11-20,llegó_dañado,928400
523,108099,2024-11-18,talla_incorrecta,125056
524,108101,2024-11-11,talla_incorrecta,91800
525,108102,2024-11-25,llegó_dañado,723235
526,108108,2024-11-16,talla_incorrecta,380400
527,108137,2024-11-20,no_cumple_expectativas,93385
528,108174,2024-11-17,producto_defectuoso,391305
529,108177,2024-11-17,no_cumple_expectativas,450360
530,108195,2024-11-20,producto_defectuoso,1571480
531,108206,2024-11-13,no_cumple_expectativas,49600
532,108222,2024-11-16,no_cumple_expectativas,5398095
533,108239,2024-11-13,no_cumple_expectativas,532640
534,108252,2024-11-24,talla_incorrecta,272300
535,108257,2024-11-23,talla_incorrecta,240890
536,108260,2024-11-24,producto_defectuoso,2241050
537,108291,2024-11-30,otro,337440
538,108319,2024-11-20,no_cumple_expectativas,100000
539,108331,2024-11-25,otro,1665236
540,108373,2024-11-26,producto_defectuoso,302500
541,108380,2024-11-10,no_cumple_expectativas,852465
542,108383,2024-11-15,talla_incorrecta,129200
543,108395,2024-11-17,producto_defectuoso,372080
544,108425,2024-11-17,otro,197300
545,108446,2024-11-28,no_cumple_expectativas,99270
546,108458,2024-11-17,talla_incorrecta,572600
547,108461,2024-11-11,otro,211860
548,108470,2024-11-15,producto_defectuoso,480000
549,108485,2024-11-16,talla_incorrecta,767160
550,108499,2024-11-18,no_cumple_expectativas,626640
551,108508,2024-11-28,no_cumple_expectativas,34700
552,108527,2024-11-21,producto_defectuoso,1993600
553,108530,2024-12-01,no_cumple_expectativas,271800
554,108535,2024-11-20,llegó_dañado,201920
555,108542,2024-11-23,talla_incorrecta,70395
556,108562,2024-11-14,no_cumple_expectativas,185700
557,108567,2024-11-20,talla_incorrecta,715800
558,108574,2024-11-19,talla_incorrecta,135400
559,108610,2024-12-01,no_cumple_expectativas,57855
560,108613,2024-12-02,otro,296856
561,108625,2024-11-21,llegó_dañado,578000
562,108642,2024-11-12,no_cumple_expectativas,85765
563,108644,2024-11-25,talla_incorrecta,266285
564,108686,2024-11-24,llegó_dañado,79100
565,108694,2024-11-19,producto_defectuoso,1125180
566,108698,2024-11-20,no_cumple_expectativas,190440
567,108711,2024-12-05,llegó_dañado,1587450
568,108718,2024-11-24,talla_incorrecta,223680
569,108739,2024-11-29,no_cumple_expectativas,520885
570,108749,2024-11-19,talla_incorrecta,41680
571,108769,2024-11-23,no_cumple_expectativas,333600
572,108776,2024-12-01,no_cumple_expectativas,560700
573,108779,2024-12-04,no_cumple_expectativas,400770
574,108796,2024-11-26,talla_incorrecta,119600
575,108822,2024-11-28,talla_incorrecta,279600
576,108829,2024-11-23,talla_incorrecta,65790
577,108830,2024-11-14,llegó_dañado,101000
578,108834,2024-12-06,producto_defectuoso,54300
579,108853,2024-11-17,llegó_dañado,328000
580,108864,2024-12-01,no_cumple_expectativas,60420
581,108872,2024-11-29,no_cumple_expectativas,162000
582,108880,2024-12-03,talla_incorrecta,140400
583,108886,2024-11-30,talla_incorrecta,111300
584,108895,2024-11-27,no_cumple_expectativas,1189200
585,108925,2024-11-17,producto_defectuoso,1816380
586,108927,2024-11-30,no_cumple_expectativas,179740
587,108928,2024-12-07,llegó_dañado,881600
588,108936,2024-11-15,producto_defectuoso,883300
589,108957,2024-11-27,otro,399168
590,108998,2024-11-15,no_cumple_expectativas,158800
591,109003,2024-11-15,no_cumple_expectativas,49950
592,109008,2024-11-15,producto_defectuoso,1499840
593,109028,2024-11-26,producto_defectuoso,246900
594,109036,2024-12-08,talla_incorrecta,285600
595,109055,2024-11-24,otro,100200
596,109058,2024-12-02,producto_defectuoso,1256130
597,109069,2024-12-05,talla_incorrecta,91100
598,109100,2024-12-04,talla_incorrecta,90900
599,109103,2024-11-19,talla_incorrecta,103000
600,109106,2024-12-06,talla_incorrecta,195600
601,109107,2024-11-18,talla_incorrecta,66600
602,109137,2024-11-19,llegó_dañado,205960
603,109142,2024-12-01,no_cumple_expectativas,294240
604,109154,2024-11-27,llegó_dañado,449500
605,109167,2024-12-07,no_cumple_expectativas,953870
606,109170,2024-11-26,no_cumple_expectativas,1112220
607,109171,2024-11-28,producto_defectuoso,429780
608,109173,2024-12-09,talla_incorrecta,156600
609,109190,2024-11-21,talla_incorrecta,250705
610,109192,2024-11-20,talla_incorrecta,423900
611,109231,2024-11-25,no_cumple_expectativas,3656400
612,109244,2024-11-29,talla_incorrecta,38016
613,109257,2024-11-20,producto_defectuoso,448100
614,109267,2024-12-08,llegó_dañado,73700
615,109282,2024-11-26,no_cumple_expectativas,46240
616,109289,2024-11-28,no_cumple_expectativas,233920
617,109293,2024-11-28,producto_defectuoso,1864800
618,109318,2024-11-29,producto_defectuoso,1295520
619,109345,2024-11-25,otro,650800
620,109346,2024-11-27,llegó_dañado,2536200
621,109351,2024-11-30,no_cumple_expectativas,275130
622,109360,2024-11-20,llegó_dañado,120800
623,109370,2024-11-27,no_cumple_expectativas,258400
624,109436,2024-12-08,no_cumple_expectativas,58800
625,109453,2024-11-26,no_cumple_expectativas,62815
626,109487,2024-12-10,producto_defectuoso,3349472
627,109503,2024-12-05,no_cumple_expectativas,166430
628,109515,2024-12-08,llegó_dañado,958835
629,109518,2024-12-10,producto_defectuoso,515375
630,109525,2024-11-22,no_cumple_expectativas,234175
631,109536,2024-12-13,producto_defectuoso,1600200
632,109537,2024-12-10,llegó_dañado,567300
633,109555,2024-12-09,talla_incorrecta,190608
634,109582,2024-12-03,talla_incorrecta,442240
635,109597,2024-12-01,producto_defectuoso,1550080
636,109600,2024-12-10,producto_defectuoso,1743520
637,109603,2024-12-09,llegó_dañado,57000
638,109620,2024-11-28,otro,33152
639,109641,2024-11-28,talla_incorrecta,190480
640,109671,2024-11-29,producto_defectuoso,707560
641,109692,2024-12-05,otro,135400
642,109699,2024-11-24,producto_defectuoso,1887365
643,109770,2024-12-03,producto_defectuoso,568530
644,109787,2024-12-10,no_cumple_expectativas,136040
645,109797,2024-11-30,producto_defectuoso,155295
646,109803,2024-12-03,talla_incorrecta,491800
647,109809,2024-12-13,no_cumple_expectativas,37164
648,109810,2024-11-25,no_cumple_expectativas,96800
649,109828,2024-11-28,no_cumple_expectativas,212960
650,109830,2024-12-08,producto_defectuoso,550100
651,109840,2024-12-04,talla_incorrecta,637800
652,109872,2024-12-01,producto_defectuoso,1021500
653,109875,2024-12-12,no_cumple_expectativas,259540
654,109907,2024-12-05,producto_defectuoso,743520
655,109927,2024-12-09,otro,382140
656,109930,2024-12-06,talla_incorrecta,116200
657,109950,2024-12-03,talla_incorrecta,64515
658,110005,2024-12-01,otro,1557600
659,110007,2024-12-18,llegó_dañado,52500
660,110017,2024-12-05,no_cumple_expectativas,463200
661,110027,2024-12-09,producto_defectuoso,448300
662,110039,2024-12-11,talla_incorrecta,245480
663,110051,2024-12-04,llegó_dañado,114300
664,110065,2024-12-14,producto_defectuoso,1915500
665,110071,2024-11-27,producto_defectuoso,386910
666,110073,2024-12-12,talla_incorrecta,479230
667,110098,2024-11-28,producto_defectuoso,17385
668,110099,2024-12-18,producto_defectuoso,1858355
669,110114,2024-12-13,otro,193600
670,110126,2024-12-02,otro,55385
671,110195,2024-12-11,talla_incorrecta,577800
672,110229,2024-12-05,no_cumple_expectativas,116500
673,110237,2024-11-28,no_cumple_expectativas,148590
674,110253,2024-12-02,no_cumple_expectativas,557100
675,110257,2024-12-13,no_cumple_expectativas,576800
676,110320,2024-12-14,producto_defectuoso,452865
677,110321,2024-12-13,no_cumple_expectativas,61400
678,110336,2024-12-11,talla_incorrecta,51800
679,110345,2024-11-30,producto_defectuoso,206040
680,110347,2024-12-05,no_cumple_expectativas,1897440
681,110364,2024-12-05,producto_defectuoso,18864
682,110384,2024-12-04,talla_incorrecta,174600
683,110414,2024-12-13,llegó_dañado,210235
684,110444,2024-12-04,otro,1133800
685,110449,2024-12-14,no_cumple_expectativas,220320
686,110451,2024-12-19,no_cumple_expectativas,526000
687,110454,2024-12-19,producto_defectuoso,983800
688,110469,2024-12-13,no_cumple_expectativas,127680
689,110474,2024-12-01,no_cumple_expectativas,102700
690,110476,2024-12-19,llegó_dañado,650000
691,110477,2024-12-12,talla_incorrecta,76500
692,110480,2024-12-05,otro,198985
693,110490,2024-12-13,no_cumple_expectativas,379100
694,110506,2024-12-09,talla_incorrecta,44880
695,110525,2024-12-10,producto_defectuoso,992700
696,110533,2024-12-20,no_cumple_expectativas,1950240
697,110547,2024-12-15,llegó_dañado,160800
698,110555,2024-12-12,no_cumple_expectativas,388620
699,110571,2024-12-05,otro,1578960
700,110573,2024-12-03,talla_incorrecta,582300
701,110590,2024-12-21,producto_defectuoso,1486800
702,110609,2024-12-07,otro,273800
703,110644,2024-12-21,otro,277560
704,110654,2024-12-03,no_cumple_expectativas,243700
705,110662,2024-12-15,producto_defectuoso,433160
706,110673,2024-12-05,producto_defectuoso,843480
707,110675,2024-12-08,producto_defectuoso,282744
708,110678,2024-12-09,llegó_dañado,188200
709,110683,2024-12-18,no_cumple_expectativas,95132
710,110715,2024-12-15,producto_defectuoso,1972480
711,110716,2024-12-20,otro,869060
712,110734,2024-12-13,otro,185345
713,110754,2024-12-19,talla_incorrecta,84405
714,110782,2024-12-15,no_cumple_expectativas,215840
715,110793,2024-12-18,otro,156960
716,110794,2024-12-10,no_cumple_expectativas,156700
717,110803,2024-12-14,producto_defectuoso,29070
718,110810,2024-12-10,llegó_dañado,561900
719,110812,2024-12-19,talla_incorrecta,709080
720,110823,2024-12-11,llegó_dañado,1923940
721,110833,2024-12-26,no_cumple_expectativas,1237100
722,110842,2024-12-25,llegó_dañado,159400
723,110868,2024-12-20,llegó_dañado,563312
724,110887,2024-12-09,producto_defectuoso,6421500
725,110908,2024-12-06,producto_defectuoso,136850
726,110956,2024-12-24,producto_defectuoso,21760
727,110961,2024-12-07,llegó_dañado,116400
728,110964,2024-12-16,producto_defectuoso,3256600
729,110991,2024-12-18,otro,347700
730,111020,2024-12-12,talla_incorrecta,131920
731,111025,2024-12-12,talla_incorrecta,114200
732,111030,2024-12-07,producto_defectuoso,1542400
733,111031,2024-12-06,llegó_dañado,182100
734,111045,2024-12-21,otro,72400
735,111058,2024-12-15,no_cumple_expectativas,1217600
736,111071,2024-12-23,no_cumple_expectativas,157300
737,111072,2024-12-12,no_cumple_expectativas,917396
738,111073,2024-12-25,no_cumple_expectativas,557800
739,111080,2024-12-10,otro,49900
740,111085,2024-12-10,talla_incorrecta,248800
741,111102,2024-12-10,otro,58000
742,111107,2024-12-15,producto_defectuoso,783440
743,111151,2024-12-19,no_cumple_expectativas,409400
744,111161,2024-12-09,talla_incorrecta,89010
745,111187,2024-12-21,llegó_dañado,435440
746,111188,2024-12-28,llegó_dañado,620600
747,111191,2024-12-12,producto_defectuoso,122200
748,111206,2024-12-20,llegó_dañado,212400
749,111289,2024-12-25,no_cumple_expectativas,447355
750,111297,2024-12-20,otro,251464
751,111339,2024-12-30,producto_defectuoso,518880
752,111342,2024-12-20,llegó_dañado,581970
753,111361,2025-01-01,llegó_dañado,186120
754,111373,2024-12-27,talla_incorrecta,493200
755,111383,2024-12-10,talla_incorrecta,64170
756,111419,2024-12-20,producto_defectuoso,1625260
757,111429,2024-12-31,talla_incorrecta,167580
758,111448,2024-12-20,producto_defectuoso,1141425
759,111457,2024-12-19,producto_defectuoso,1333200
760,111465,2024-12-30,llegó_dañado,56800
761,111490,2024-12-17,producto_defectuoso,1884100
762,111498,2024-12-13,otro,420660
763,111500,2024-12-29,producto_defectuoso,84265
764,111511,2024-12-21,producto_defectuoso,975650
765,111513,2024-12-15,llegó_dañado,151500
766,111519,2024-12-25,producto_defectuoso,1374960
767,111535,2024-12-28,llegó_dañado,498950
768,111543,2024-12-31,llegó_dañado,56800
769,111545,2025-01-01,llegó_dañado,930800
770,111555,2024-12-31,talla_incorrecta,152000
771,111563,2024-12-18,llegó_dañado,473040
772,111599,2024-12-29,talla_incorrecta,99800
773,111601,2024-12-18,no_cumple_expectativas,39510
774,111606,2024-12-14,llegó_dañado,177820
775,111643,2024-12-20,talla_incorrecta,101270
776,111673,2024-12-24,talla_incorrecta,80000
777,111694,2024-12-25,no_cumple_expectativas,681900
778,111700,2024-12-30,otro,1920100
779,111725,2025-01-02,llegó_dañado,452160
780,111735,2024-12-21,llegó_dañado,280800
781,111739,2024-12-27,otro,1061910
782,111760,2024-12-14,talla_incorrecta,70400
783,111770,2024-12-17,no_cumple_expectativas,119300
784,111781,2025-01-02,otro,468350
785,111832,2024-12-25,producto_defectuoso,171000
786,111851,2025-01-02,otro,58700
787,111856,2024-12-19,otro,1129800
788,111866,2024-12-19,no_cumple_expectativas,936700
789,111871,2024-12-24,producto_defectuoso,486700
790,111882,2025-01-05,llegó_dañado,46400
791,111912,2025-01-06,no_cumple_expectativas,285200
792,111913,2025-01-06,producto_defectuoso,1908450
793,111941,2025-01-04,producto_defectuoso,1887850
794,111946,2024-12-24,no_cumple_expectativas,154185
795,111960,2025-01-04,otro,175200
796,111965,2024-12-16,llegó_dañado,421700
797,111985,2024-12-22,talla_incorrecta,118500
798,112021,2025-01-06,producto_defectuoso,217100
799,112048,2024-12-21,no_cumple_expectativas,840000
800,112051,2024-12-19,otro,65304
801,112065,2024-12-26,otro,6275985
802,112071,2024-12-29,no_cumple_expectativas,470600
803,112074,2024-12-22,talla_incorrecta,546480
804,112085,2024-12-28,producto_defectuoso,1182500
805,112088,2024-12-22,producto_defectuoso,2802310
806,112090,2024-12-28,otro,72000
807,112092,2024-12-19,no_cumple_expectativas,549290
808,112094,2024-12-24,talla_incorrecta,101650
809,112143,2025-01-03,no_cumple_expectativas,518800
810,112144,2024-12-26,producto_defectuoso,408420
811,112156,2024-12-18,producto_defectuoso,1988820
812,112186,2025-01-09,otro,63600
813,112212,2024-12-25,no_cumple_expectativas,945820
814,112218,2024-12-31,no_cumple_expectativas,208200
815,112220,2025-01-05,otro,1918335
816,112241,2025-01-03,otro,272688
817,112243,2025-01-08,talla_incorrecta,266100
818,112290,2025-01-05,no_cumple_expectativas,78560
819,112292,2024-12-22,otro,217890
820,112296,2025-01-07,otro,360320
821,112307,2025-01-01,no_cumple_expectativas,50850
822,112316,2025-01-01,otro,99630
823,112319,2025-01-04,no_cumple_expectativas,1033400
824,112323,2024-12-28,no_cumple_expectativas,114500
825,112338,2024-12-27,no_cumple_expectativas,155100
826,112351,2024-12-31,no_cumple_expectativas,193320
827,112404,2025-01-07,llegó_dañado,273500
828,112416,2025-01-09,producto_defectuoso,2665440
829,112443,2025-01-09,llegó_dañado,89760
830,112481,2024-12-28,no_cumple_expectativas,2114000
831,112493,2025-01-11,llegó_dañado,109000
832,112497,2024-12-28,no_cumple_expectativas,779200
833,112550,2024-12-22,otro,317520
834,112555,2025-01-11,producto_defectuoso,2116080
835,112562,2025-01-04,producto_defectuoso,842080
836,112584,2024-12-22,producto_defectuoso,593100
837,112585,2025-01-12,llegó_dañado,2027015
838,112588,2024-12-29,llegó_dañado,104100
839,112591,2025-01-04,no_cumple_expectativas,579400
840,112594,2024-12-28,otro,70200
841,112604,2024-12-28,llegó_dañado,204595
842,112617,2025-01-02,talla_incorrecta,100200
843,112674,2025-01-12,producto_defectuoso,1658400
844,112677,2024-12-29,no_cumple_expectativas,77520
845,112679,2025-01-06,no_cumple_expectativas,480500
846,112683,2025-01-12,producto_defectuoso,1194600
847,112693,2025-01-07,talla_incorrecta,141750
848,112697,2024-12-27,producto_defectuoso,1884365
849,112724,2025-01-13,llegó_dañado,515400
850,112749,2024-12-25,talla_incorrecta,172720
851,112763,2025-01-09,producto_defectuoso,1571870
852,112841,2025-01-07,llegó_dañado,491400
853,112843,2024-12-24,no_cumple_expectativas,449600
854,112867,2024-12-27,no_cumple_expectativas,92700
855,112878,2024-12-27,no_cumple_expectativas,95760
856,112879,2025-01-16,talla_incorrecta,38380
857,112887,2025-01-08,no_cumple_expectativas,298490
858,112889,2024-12-25,no_cumple_expectativas,141455
859,112893,2025-01-12,talla_incorrecta,224400
860,112915,2025-01-07,no_cumple_expectativas,57700
861,112926,2024-12-27,llegó_dañado,180900
862,112930,2025-01-12,no_cumple_expectativas,54600
863,112932,2025-01-08,no_cumple_expectativas,186400
864,112940,2025-01-12,no_cumple_expectativas,193900
865,112974,2025-01-02,no_cumple_expectativas,249660
866,112987,2024-12-31,otro,457360
867,113019,2024-12-27,producto_defectuoso,1263700
868,113037,2024-12-26,no_cumple_expectativas,172080
869,113040,2025-01-08,talla_incorrecta,114800
870,113068,2025-01-06,producto_defectuoso,3599400
871,113107,2025-01-14,no_cumple_expectativas,231040
872,113118,2025-01-03,talla_incorrecta,477600
873,113122,2025-01-18,no_cumple_expectativas,417960
874,113145,2025-01-14,llegó_dañado,85700
875,113147,2025-01-19,producto_defectuoso,764480
876,113170,2025-01-03,talla_incorrecta,159630
877,113178,2025-01-13,otro,1712480
878,113186,2025-01-16,llegó_dañado,490900
879,113204,2024-12-28,no_cumple_expectativas,308400
880,113227,2025-01-09,otro,185800
881,113246,2025-01-11,no_cumple_expectativas,423810
882,113251,2025-01-09,producto_defectuoso,1779065
883,113252,2025-01-20,producto_defectuoso,1149595
884,113265,2025-01-01,llegó_dañado,503640
885,113276,2025-01-01,otro,113392
886,113280,2025-01-09,no_cumple_expectativas,664400
887,113287,2025-01-13,llegó_dañado,407600
888,113289,2025-01-03,llegó_dañado,369075
889,113292,2025-01-18,no_cumple_expectativas,3484350
890,113297,2025-01-12,talla_incorrecta,76700
891,113298,2025-01-06,otro,431600
892,113299,2025-01-11,no_cumple_expectativas,4132800
893,113327,2025-01-03,talla_incorrecta,150480
894,113329,2025-01-07,producto_defectuoso,2097400
895,113384,2025-01-05,otro,272160
896,113386,2025-01-09,no_cumple_expectativas,134640
897,113415,2025-01-08,talla_incorrecta,72400
898,113430,2024-12-31,otro,217600
899,113447,2025-01-11,producto_defectuoso,3046320
900,113453,2025-01-02,no_cumple_expectativas,44300
901,113508,2025-01-21,producto_defectuoso,155895
902,113519,2025-01-10,otro,67400
903,113538,2025-01-15,producto_defectuoso,1166505
904,113545,2025-01-05,llegó_dañado,478400
905,113565,2025-01-21,talla_incorrecta,175000
906,113579,2025-01-18,no_cumple_expectativas,85360
907,113592,2025-01-02,no_cumple_expectativas,150632
908,113597,2025-01-05,llegó_dañado,233510
909,113599,2025-01-10,talla_incorrecta,52272
910,113602,2025-01-04,talla_incorrecta,247230
911,113605,2025-01-23,no_cumple_expectativas,997300
912,113623,2025-01-11,otro,193360
913,113638,2025-01-22,llegó_dañado,18400
914,113653,2025-01-23,producto_defectuoso,1926200
915,113655,2025-01-02,producto_defectuoso,4052256
916,113679,2025-01-07,otro,354500
917,113692,2025-01-08,talla_incorrecta,143136
918,113723,2025-01-19,talla_incorrecta,63540
919,113724,2025-01-07,producto_defectuoso,396504
920,113726,2025-01-25,talla_incorrecta,80275
921,113730,2025-01-19,talla_incorrecta,347600
922,113744,2025-01-05,llegó_dañado,491400
923,113769,2025-01-07,producto_defectuoso,207700
924,113782,2025-01-15,talla_incorrecta,48355
925,113787,2025-01-05,no_cumple_expectativas,138510
926,113790,2025-01-16,no_cumple_expectativas,110480
927,113808,2025-01-04,producto_defectuoso,354100
928,113811,2025-01-05,producto_defectuoso,2042560
929,113833,2025-01-14,no_cumple_expectativas,71155
930,113846,2025-01-10,otro,108965
931,113856,2025-01-25,producto_defectuoso,192240
932,113867,2025-01-21,talla_incorrecta,73300
933,113868,2025-01-07,no_cumple_expectativas,2050860
934,113903,2025-01-19,no_cumple_expectativas,223400
935,113911,2025-01-21,no_cumple_expectativas,121608
936,113918,2025-01-05,no_cumple_expectativas,117130
937,113924,2025-01-25,producto_defectuoso,533710
938,113928,2025-01-11,talla_incorrecta,219680
939,113929,2025-01-18,no_cumple_expectativas,245565
940,113933,2025-01-06,otro,410100
941,113973,2025-01-15,no_cumple_expectativas,548900
942,113974,2025-01-16,producto_defectuoso,392200
943,113985,2025-01-28,llegó_dañado,560720
944,113992,2025-01-07,otro,531145
945,113995,2025-01-23,talla_incorrecta,51900
946,114020,2025-01-11,no_cumple_expectativas,422180
947,114078,2025-01-14,talla_incorrecta,98400
948,114105,2025-01-23,llegó_dañado,544800
949,114123,2025-01-16,talla_incorrecta,61040
950,114143,2025-01-26,talla_incorrecta,157920
951,114144,2025-01-12,talla_incorrecta,229925
952,114152,2025-01-23,llegó_dañado,408600
953,114165,2025-01-22,otro,972320
954,114185,2025-01-27,producto_defectuoso,1164000
955,114193,2025-01-19,talla_incorrecta,124600
956,114240,2025-01-20,talla_incorrecta,108775
957,114266,2025-01-17,producto_defectuoso,2418600
958,114285,2025-01-17,no_cumple_expectativas,113310
959,114307,2025-02-01,talla_incorrecta,70870
960,114323,2025-01-21,no_cumple_expectativas,90180
961,114328,2025-01-15,no_cumple_expectativas,73600
962,114332,2025-01-23,llegó_dañado,57840
963,114348,2025-02-02,producto_defectuoso,376485
964,114361,2025-01-20,no_cumple_expectativas,65900
965,114370,2025-01-21,talla_incorrecta,219450
966,114380,2025-01-22,no_cumple_expectativas,583604
967,114384,2025-01-30,no_cumple_expectativas,2299570
968,114405,2025-01-20,llegó_dañado,556800
969,114410,2025-01-21,no_cumple_expectativas,164696
970,114428,2025-01-21,llegó_dañado,53105
971,114438,2025-01-21,otro,361500
972,114449,2025-01-19,llegó_dañado,395770
973,114464,2025-02-04,llegó_dañado,150290
974,114465,2025-01-21,no_cumple_expectativas,155800
975,114494,2025-01-26,llegó_dañado,106305
976,114526,2025-01-25,producto_defectuoso,62795
977,114542,2025-02-03,producto_defectuoso,86768
978,114555,2025-01-23,talla_incorrecta,73800
979,114563,2025-02-01,otro,22185
980,114650,2025-02-01,producto_defectuoso,1647300
981,114658,2025-01-29,producto_defectuoso,1294650
982,114669,2025-01-17,no_cumple_expectativas,477680
983,114672,2025-01-22,producto_defectuoso,3311550
984,114691,2025-02-03,otro,194370
985,114697,2025-02-05,talla_incorrecta,225520
986,114700,2025-02-08,no_cumple_expectativas,74100
987,114727,2025-02-03,talla_incorrecta,193500
988,114737,2025-01-29,talla_incorrecta,67140
989,114768,2025-02-01,no_cumple_expectativas,2258010
990,114776,2025-02-09,no_cumple_expectativas,486540
991,114795,2025-01-31,no_cumple_expectativas,1218024
992,114797,2025-01-31,no_cumple_expectativas,66300
993,114811,2025-01-22,otro,459040
994,114818,2025-01-31,no_cumple_expectativas,144360
995,114822,2025-01-27,otro,265800
996,114867,2025-01-31,llegó_dañado,352580
997,114904,2025-01-26,llegó_dañado,120880
998,114919,2025-01-28,llegó_dañado,74176
999,114965,2025-01-27,no_cumple_expectativas,48600
1000,114973,2025-02-02,llegó_dañado,45200
1001,114977,2025-02-12,talla_incorrecta,285000
1002,114984,2025-02-06,no_cumple_expectativas,62640
1003,114993,2025-02-02,otro,688080
1004,115021,2025-01-29,producto_defectuoso,292000
1005,115041,2025-02-02,llegó_dañado,58735
1006,115043,2025-02-05,talla_incorrecta,176375
1007,115044,2025-01-23,otro,85595
1008,115052,2025-01-28,producto_defectuoso,1254000
1009,115055,2025-02-09,otro,862220
1010,115070,2025-02-05,no_cumple_expectativas,159700
1011,115101,2025-02-03,otro,162300
1012,115125,2025-02-02,producto_defectuoso,1206200
1013,115132,2025-02-10,no_cumple_expectativas,421600
1014,115134,2025-02-07,no_cumple_expectativas,945060
1015,115150,2025-02-13,producto_defectuoso,604960
1016,115164,2025-02-12,no_cumple_expectativas,627800
1017,115178,2025-02-15,otro,454100
1018,115181,2025-02-14,no_cumple_expectativas,195600
1019,115192,2025-02-03,no_cumple_expectativas,239020
1020,115195,2025-02-13,no_cumple_expectativas,78480
1021,115209,2025-02-01,llegó_dañado,153850
1022,115227,2025-02-01,talla_incorrecta,158610
1023,115229,2025-01-27,no_cumple_expectativas,441520
1024,115263,2025-02-09,llegó_dañado,196080
1025,115289,2025-01-30,talla_incorrecta,74800
1026,115302,2025-01-31,producto_defectuoso,1650700
1027,115304,2025-01-31,producto_defectuoso,2946368
1028,115318,2025-02-11,talla_incorrecta,82800
1029,115340,2025-01-30,otro,226200
1030,115352,2025-02-12,otro,828020
1031,115353,2025-02-12,llegó_dañado,100000
1032,115378,2025-02-01,llegó_dañado,933440
1033,115396,2025-02-04,producto_defectuoso,4835600
1034,115401,2025-02-09,otro,62475
1035,115406,2025-02-08,no_cumple_expectativas,104400
1036,115413,2025-02-12,producto_defectuoso,15470
1037,115419,2025-02-11,talla_incorrecta,38836
1038,115425,2025-02-05,no_cumple_expectativas,165870
1039,115430,2025-02-05,llegó_dañado,115920
1040,115432,2025-02-16,otro,275300
1041,115441,2025-02-03,llegó_dañado,3410025
1042,115450,2025-01-31,producto_defectuoso,1090530
1043,115458,2025-02-07,producto_defectuoso,706792
1044,115465,2025-02-18,no_cumple_expectativas,428200
1045,115474,2025-02-14,no_cumple_expectativas,50500
1046,115496,2025-02-20,no_cumple_expectativas,43200
1047,115505,2025-02-06,otro,552330
1048,115517,2025-02-14,otro,81940
1049,115541,2025-02-06,producto_defectuoso,4618140
1050,115549,2025-01-30,no_cumple_expectativas,16448
1051,115572,2025-02-03,talla_incorrecta,437400
1052,115640,2025-02-05,producto_defectuoso,256300
1053,115665,2025-02-10,talla_incorrecta,46260
1054,115668,2025-02-14,talla_incorrecta,769200
1055,115669,2025-02-07,talla_incorrecta,439920
1056,115671,2025-02-03,producto_defectuoso,2343700
1057,115723,2025-02-16,no_cumple_expectativas,178640
1058,115742,2025-02-09,producto_defectuoso,440130
1059,115749,2025-02-15,talla_incorrecta,254790
1060,115758,2025-02-04,llegó_dañado,95800
1061,115762,2025-02-22,llegó_dañado,292400
1062,115763,2025-02-13,llegó_dañado,3078900
1063,115782,2025-02-18,llegó_dañado,215460
1064,115797,2025-02-20,llegó_dañado,96135
1065,115820,2025-02-24,talla_incorrecta,950800
1066,115822,2025-02-11,llegó_dañado,630800
1067,115825,2025-02-21,producto_defectuoso,281000
1068,115836,2025-02-21,talla_incorrecta,114200
1069,115845,2025-02-15,producto_defectuoso,197030
1070,115848,2025-02-23,no_cumple_expectativas,202400
1071,115853,2025-02-02,llegó_dañado,396180
1072,115858,2025-02-17,producto_defectuoso,3155900
1073,115860,2025-02-18,no_cumple_expectativas,142405
1074,115885,2025-02-09,otro,97900
1075,115898,2025-02-13,llegó_dañado,195400
1076,115960,2025-02-13,no_cumple_expectativas,60265
1077,116019,2025-02-15,talla_incorrecta,60930
1078,116028,2025-02-21,producto_defectuoso,2191700
1079,116057,2025-02-14,producto_defectuoso,2277200
1080,116072,2025-02-09,no_cumple_expectativas,825180
1081,116073,2025-02-27,talla_incorrecta,190880
1082,116080,2025-02-27,otro,257260
1083,116087,2025-02-08,talla_incorrecta,50160
1084,116095,2025-02-20,producto_defectuoso,2123900
1085,116134,2025-02-24,no_cumple_expectativas,46455
1086,116137,2025-02-09,llegó_dañado,1142460
1087,116151,2025-02-28,otro,61920
1088,116209,2025-03-01,no_cumple_expectativas,452800
1089,116215,2025-02-24,otro,566300
1090,116222,2025-02-13,otro,66880
1091,116236,2025-02-26,llegó_dañado,547300
1092,116247,2025-03-02,otro,134130
1093,116270,2025-02-09,llegó_dañado,1982600
1094,116289,2025-02-08,llegó_dañado,1502400
1095,116295,2025-02-17,producto_defectuoso,1798000
1096,116296,2025-02-12,talla_incorrecta,85310
1097,116303,2025-02-22,no_cumple_expectativas,136700
1098,116309,2025-02-23,no_cumple_expectativas,165600
1099,116335,2025-02-23,otro,218600
1100,116341,2025-02-14,otro,149400
1101,116374,2025-02-13,llegó_dañado,45360
1102,116417,2025-02-12,llegó_dañado,1011800
1103,116458,2025-03-01,no_cumple_expectativas,275300
1104,116503,2025-03-03,no_cumple_expectativas,342800
1105,116525,2025-02-12,no_cumple_expectativas,142188
1106,116534,2025-02-19,llegó_dañado,3343050
1107,116540,2025-02-12,otro,1118000
1108,116545,2025-02-24,llegó_dañado,88700
1109,116556,2025-02-13,no_cumple_expectativas,2182100
1110,116566,2025-02-21,llegó_dañado,385700
1111,116595,2025-03-05,producto_defectuoso,2052400
1112,116598,2025-02-18,otro,112080
1113,116616,2025-02-19,producto_defectuoso,458700
1114,116622,2025-02-27,no_cumple_expectativas,361500
1115,116631,2025-02-23,otro,108800
1116,116654,2025-02-25,otro,64125
1117,116659,2025-03-06,producto_defectuoso,908100
1118,116696,2025-02-25,talla_incorrecta,271000
1119,116698,2025-03-07,no_cumple_expectativas,128400
1120,116709,2025-02-27,no_cumple_expectativas,165900
1121,116711,2025-02-22,producto_defectuoso,2126800
1122,116734,2025-02-20,otro,555500
1123,116746,2025-03-01,otro,71700
1124,116769,2025-02-28,talla_incorrecta,61795
1125,116791,2025-03-09,producto_defectuoso,1156590
1126,116816,2025-02-18,producto_defectuoso,2139300
1127,116817,2025-03-02,talla_incorrecta,115400
1128,116838,2025-03-06,llegó_dañado,251840
1129,116848,2025-03-01,no_cumple_expectativas,35156
1130,116854,2025-03-03,otro,1184600
1131,116859,2025-02-23,talla_incorrecta,180300
1132,116872,2025-02-18,producto_defectuoso,419710
1133,116885,2025-02-19,producto_defectuoso,435480
1134,116928,2025-02-22,talla_incorrecta,45985
1135,116957,2025-03-10,producto_defectuoso,2233450
1136,116963,2025-03-10,llegó_dañado,58400
1137,116965,2025-03-04,producto_defectuoso,344508
1138,116997,2025-03-08,no_cumple_expectativas,294570
1139,117007,2025-03-01,llegó_dañado,175465
1140,117034,2025-02-27,talla_incorrecta,201690
1141,117051,2025-03-06,llegó_dañado,84352
1142,117068,2025-02-23,no_cumple_expectativas,113040
1143,117086,2025-02-22,llegó_dañado,436600
1144,117130,2025-03-01,producto_defectuoso,160800
1145,117137,2025-03-07,producto_defectuoso,160600
1146,117169,2025-03-13,llegó_dañado,619115
1147,117170,2025-03-10,no_cumple_expectativas,89760
1148,117186,2025-03-12,producto_defectuoso,2778960
1149,117189,2025-03-10,talla_incorrecta,227800
1150,117196,2025-02-21,producto_defectuoso,1112670
1151,117215,2025-03-02,no_cumple_expectativas,288800
1152,117217,2025-02-23,producto_defectuoso,3568200
1153,117227,2025-03-02,llegó_dañado,889865
1154,117265,2025-03-03,no_cumple_expectativas,367600
1155,117293,2025-02-25,talla_incorrecta,65000
1156,117304,2025-02-26,no_cumple_expectativas,2319480
1157,117316,2025-03-04,talla_incorrecta,36080
1158,117336,2025-03-02,otro,248580
1159,117342,2025-03-06,otro,62135
1160,117353,2025-03-15,talla_incorrecta,46260
1161,117369,2025-03-12,llegó_dañado,124925
1162,117375,2025-03-05,no_cumple_expectativas,155200
1163,117396,2025-03-18,talla_incorrecta,747300
1164,117411,2025-03-16,no_cumple_expectativas,222048
1165,117452,2025-03-09,llegó_dañado,379760
1166,117454,2025-03-17,talla_incorrecta,357000
1167,117461,2025-03-04,producto_defectuoso,738000
1168,117474,2025-02-28,no_cumple_expectativas,128600
1169,117476,2025-03-16,producto_defectuoso,1534240
1170,117477,2025-03-12,no_cumple_expectativas,173655
1171,117490,2025-03-19,talla_incorrecta,86160
1172,117491,2025-03-15,llegó_dañado,252200
1173,117514,2025-02-27,llegó_dañado,145635
1174,117569,2025-03-13,no_cumple_expectativas,517360
1175,117618,2025-03-01,no_cumple_expectativas,2060200
1176,117688,2025-03-04,talla_incorrecta,146268
1177,117699,2025-03-13,llegó_dañado,95600
1178,117720,2025-03-19,producto_defectuoso,398600
1179,117721,2025-03-13,no_cumple_expectativas,122968
1180,117729,2025-03-05,talla_incorrecta,68600
1181,117738,2025-03-16,talla_incorrecta,129360
1182,117743,2025-03-15,talla_incorrecta,119000
1183,117744,2025-03-18,producto_defectuoso,53100
1184,117768,2025-03-22,no_cumple_expectativas,82200
1185,117770,2025-03-03,no_cumple_expectativas,851940
1186,117775,2025-03-20,producto_defectuoso,394100
1187,117791,2025-03-16,otro,174400
1188,117802,2025-03-11,llegó_dañado,194900
1189,117833,2025-03-12,talla_incorrecta,555600
1190,117861,2025-03-24,producto_defectuoso,1708800
1191,117877,2025-03-20,llegó_dañado,216000
1192,117878,2025-03-16,producto_defectuoso,657450
1193,117884,2025-03-18,otro,550905
1194,117901,2025-03-10,no_cumple_expectativas,498000
1195,117964,2025-03-06,llegó_dañado,130000
1196,117977,2025-03-10,talla_incorrecta,52400
1197,118051,2025-03-24,llegó_dañado,114000
1198,118073,2025-03-09,producto_defectuoso,681280
1199,118079,2025-03-09,talla_incorrecta,45000
1200,118083,2025-03-22,no_cumple_expectativas,47900
1201,118096,2025-03-18,producto_defectuoso,21600
1202,118117,2025-03-28,producto_defectuoso,89600
1203,118121,2025-03-14,llegó_dañado,104400
1204,118128,2025-03-07,otro,636100
1205,118129,2025-03-26,producto_defectuoso,731690
1206,118132,2025-03-24,llegó_dañado,495380
1207,118152,2025-03-24,no_cumple_expectativas,1159840
1208,118153,2025-03-17,producto_defectuoso,443935
1209,118187,2025-03-23,talla_incorrecta,76000
1210,118189,2025-03-26,talla_incorrecta,72010
1211,118198,2025-03-16,no_cumple_expectativas,501925
1212,118203,2025-03-26,no_cumple_expectativas,73355
1213,118204,2025-03-08,producto_defectuoso,210600
1214,118216,2025-03-08,otro,2219600
1215,118219,2025-03-10,talla_incorrecta,124830
1216,118224,2025-03-11,no_cumple_expectativas,541880
1217,118231,2025-03-21,llegó_dañado,505260
1218,118244,2025-03-29,talla_incorrecta,115200
1219,118302,2025-03-26,otro,83505
1220,118305,2025-03-29,llegó_dañado,345200
1221,118335,2025-03-19,producto_defectuoso,522000
1222,118356,2025-03-10,producto_defectuoso,1114255
1223,118360,2025-03-09,producto_defectuoso,983250
1224,118375,2025-03-11,producto_defectuoso,691800
1225,118379,2025-03-27,no_cumple_expectativas,950000
1226,118397,2025-03-25,llegó_dañado,158850
1227,118398,2025-03-25,talla_incorrecta,55845
1228,118420,2025-03-10,no_cumple_expectativas,311600
1229,118421,2025-03-19,talla_incorrecta,168210
1230,118432,2025-03-14,talla_incorrecta,197505
1231,118476,2025-03-31,otro,102960
1232,118524,2025-03-22,producto_defectuoso,2159600
1233,118542,2025-04-02,talla_incorrecta,139300
1234,118594,2025-03-15,no_cumple_expectativas,104490
1235,118605,2025-03-30,talla_incorrecta,64800
1236,118607,2025-03-14,otro,1314320
1237,118611,2025-03-14,no_cumple_expectativas,102800
1238,118635,2025-03-13,producto_defectuoso,601730
1239,118645,2025-03-25,producto_defectuoso,2351060
1240,118662,2025-03-30,producto_defectuoso,48150
1241,118665,2025-03-14,otro,622200
1242,118682,2025-03-31,no_cumple_expectativas,1508400
1243,118687,2025-03-28,talla_incorrecta,51224
1244,118694,2025-03-26,llegó_dañado,4728000
1245,118721,2025-03-23,talla_incorrecta,216630
1246,118743,2025-04-04,talla_incorrecta,283140
1247,118768,2025-03-22,no_cumple_expectativas,146072
1248,118775,2025-04-03,no_cumple_expectativas,184870
1249,118782,2025-03-27,llegó_dañado,104000
1250,118785,2025-04-02,no_cumple_expectativas,179200
1251,118793,2025-03-25,otro,556415
1252,118804,2025-03-19,talla_incorrecta,204800
1253,118805,2025-04-01,no_cumple_expectativas,139230
1254,118822,2025-03-27,no_cumple_expectativas,138720
1255,118825,2025-03-30,producto_defectuoso,5064300
1256,118839,2025-03-15,llegó_dañado,398160
1257,118841,2025-03-23,no_cumple_expectativas,70900
1258,118848,2025-03-27,producto_defectuoso,703460
1259,118859,2025-04-06,talla_incorrecta,100300
1260,118877,2025-03-17,talla_incorrecta,277100
1261,118900,2025-04-05,talla_incorrecta,80240
1262,118912,2025-04-07,no_cumple_expectativas,1203175
1263,118916,2025-03-17,otro,3038100
1264,118932,2025-03-22,no_cumple_expectativas,699696
1265,118970,2025-03-31,no_cumple_expectativas,585500
1266,119004,2025-03-17,talla_incorrecta,126090
1267,119031,2025-03-23,llegó_dañado,126650
1268,119061,2025-03-28,no_cumple_expectativas,239400
1269,119070,2025-03-31,no_cumple_expectativas,238000
1270,119072,2025-03-31,talla_incorrecta,84575
1271,119075,2025-04-09,no_cumple_expectativas,33800
1272,119079,2025-03-22,otro,975400
1273,119208,2025-03-29,llegó_dañado,356760
1274,119213,2025-04-05,producto_defectuoso,1689680
1275,119236,2025-04-10,talla_incorrecta,178840
1276,119241,2025-04-03,otro,124800
1277,119250,2025-04-09,no_cumple_expectativas,48100
1278,119260,2025-03-23,no_cumple_expectativas,1923200
1279,119263,2025-04-10,no_cumple_expectativas,1182750
1280,119275,2025-04-06,no_cumple_expectativas,264100
1281,119298,2025-04-09,producto_defectuoso,463200
1282,119301,2025-04-12,no_cumple_expectativas,557000
1283,119304,2025-03-30,otro,1164700
1284,119340,2025-03-29,talla_incorrecta,270465
1285,119353,2025-04-04,talla_incorrecta,149400
1286,119367,2025-03-22,no_cumple_expectativas,1203175
1287,119373,2025-04-10,talla_incorrecta,232940
1288,119395,2025-03-30,talla_incorrecta,224000
1289,119411,2025-03-29,llegó_dañado,187700
1290,119417,2025-04-11,otro,107840
1291,119433,2025-03-26,llegó_dañado,1871500
1292,119445,2025-03-27,talla_incorrecta,240800
1293,119447,2025-03-26,otro,65600
1294,119494,2025-04-11,talla_incorrecta,69800
1295,119511,2025-04-12,no_cumple_expectativas,598600
1296,119515,2025-04-03,producto_defectuoso,1197800
1297,119518,2025-04-15,no_cumple_expectativas,91760
1298,119528,2025-04-11,no_cumple_expectativas,522400
1299,119534,2025-04-12,otro,452520
1300,119535,2025-04-15,no_cumple_expectativas,87970
1301,119545,2025-03-26,no_cumple_expectativas,429200
1302,119547,2025-04-01,producto_defectuoso,1152990
1303,119558,2025-03-29,llegó_dañado,47800
1304,119566,2025-04-07,llegó_dañado,78540
1305,119574,2025-03-28,no_cumple_expectativas,128340
1306,119590,2025-03-25,producto_defectuoso,758160
1307,119633,2025-03-27,producto_defectuoso,1788570
1308,119662,2025-03-30,no_cumple_expectativas,1341600
1309,119664,2025-04-16,no_cumple_expectativas,169632
1310,119689,2025-03-26,producto_defectuoso,1035360
1311,119709,2025-04-14,producto_defectuoso,1060770
1312,119718,2025-03-28,llegó_dañado,1451375
1313,119720,2025-04-14,talla_incorrecta,49685
1314,119723,2025-04-02,no_cumple_expectativas,113900
1315,119726,2025-04-18,llegó_dañado,398430
1316,119728,2025-04-05,producto_defectuoso,224200
1317,119731,2025-04-03,talla_incorrecta,133000
1318,119737,2025-04-07,otro,243180
1319,119759,2025-04-15,talla_incorrecta,106290
1320,119763,2025-04-13,producto_defectuoso,1046700
1321,119768,2025-04-05,producto_defectuoso,279585
1322,119791,2025-04-14,no_cumple_expectativas,221670
1323,119793,2025-04-06,llegó_dañado,375030
1324,119805,2025-04-07,no_cumple_expectativas,196555
1325,119820,2025-04-17,no_cumple_expectativas,21300
1326,119832,2025-03-29,no_cumple_expectativas,378290
1327,119836,2025-04-01,no_cumple_expectativas,658160
1328,119851,2025-04-19,llegó_dañado,838236
1329,119856,2025-04-10,talla_incorrecta,136100
1330,119863,2025-04-20,no_cumple_expectativas,421040
1331,119890,2025-04-14,no_cumple_expectativas,4254464
1332,119896,2025-04-11,producto_defectuoso,180785
1333,119903,2025-04-14,producto_defectuoso,660300
1334,119927,2025-04-19,talla_incorrecta,157200
1335,119933,2025-04-08,no_cumple_expectativas,15200
1336,119951,2025-04-09,producto_defectuoso,2166660
1337,119953,2025-04-13,talla_incorrecta,177840
1338,119955,2025-04-12,talla_incorrecta,204600
1339,119959,2025-04-17,otro,340380
1340,119961,2025-03-30,no_cumple_expectativas,192100
1341,119988,2025-04-04,llegó_dañado,503200
1342,119994,2025-04-17,no_cumple_expectativas,124925
1343,120017,2025-04-01,producto_defectuoso,4205400
1344,120025,2025-04-22,talla_incorrecta,480330
1345,120029,2025-04-02,otro,118100
1346,120036,2025-04-04,talla_incorrecta,104600
1347,120045,2025-04-14,no_cumple_expectativas,179400
1348,120060,2025-04-13,producto_defectuoso,2429130
1349,120064,2025-04-23,producto_defectuoso,991610
1350,120068,2025-04-07,no_cumple_expectativas,242160
1351,120083,2025-04-05,no_cumple_expectativas,278100
1352,120088,2025-04-13,llegó_dañado,32504
1353,120091,2025-04-15,llegó_dañado,103200
1354,120145,2025-04-04,talla_incorrecta,111400
1355,120191,2025-04-18,otro,24300
1356,120203,2025-04-04,otro,190600
1357,120226,2025-04-13,talla_incorrecta,101600
1358,120228,2025-04-05,llegó_dañado,3381840
1359,120230,2025-04-25,talla_incorrecta,165240
1360,120251,2025-04-23,talla_incorrecta,132430
1361,120281,2025-04-24,producto_defectuoso,1621545
1362,120307,2025-04-24,talla_incorrecta,469680
1363,120321,2025-04-24,llegó_dañado,980200
1364,120345,2025-04-08,producto_defectuoso,301530
1365,120355,2025-04-20,no_cumple_expectativas,114475
1366,120371,2025-04-08,talla_incorrecta,88448
1367,120374,2025-04-15,no_cumple_expectativas,212880
1368,120384,2025-04-07,talla_incorrecta,193800
1369,120391,2025-04-09,no_cumple_expectativas,2402200
1370,120403,2025-04-09,talla_incorrecta,410295
1371,120424,2025-04-26,producto_defectuoso,245100
1372,120433,2025-04-23,no_cumple_expectativas,434200
1373,120442,2025-04-18,llegó_dañado,269500
1374,120453,2025-04-15,otro,169290
1375,120456,2025-04-21,no_cumple_expectativas,1053900
1376,120457,2025-04-13,no_cumple_expectativas,279000
1377,120486,2025-04-07,llegó_dañado,343512
1378,120488,2025-04-07,no_cumple_expectativas,54625
1379,120490,2025-04-13,producto_defectuoso,2314390
1380,120502,2025-04-27,producto_defectuoso,624910
1381,120508,2025-04-23,otro,457280
1382,120517,2025-04-10,no_cumple_expectativas,1997470
1383,120542,2025-04-20,no_cumple_expectativas,224580
1384,120544,2025-04-14,no_cumple_expectativas,138880
1385,120545,2025-04-26,llegó_dañado,807296
1386,120561,2025-04-24,no_cumple_expectativas,261600
1387,120564,2025-04-28,no_cumple_expectativas,105120
1388,120568,2025-04-12,no_cumple_expectativas,366800
1389,120590,2025-04-19,no_cumple_expectativas,442170
1390,120592,2025-04-18,producto_defectuoso,1143515
1391,120607,2025-04-16,llegó_dañado,1709700
1392,120648,2025-04-20,no_cumple_expectativas,484160
1393,120680,2025-04-27,talla_incorrecta,245500
1394,120721,2025-04-18,llegó_dañado,473310
1395,120769,2025-04-24,producto_defectuoso,908400
1396,120774,2025-04-20,llegó_dañado,285500
1397,120797,2025-04-23,talla_incorrecta,113900
1398,120805,2025-04-22,producto_defectuoso,3365850
1399,120830,2025-04-19,no_cumple_expectativas,214200
1400,120854,2025-04-25,llegó_dañado,262800
1401,120872,2025-04-30,llegó_dañado,463590
1402,120883,2025-05-04,no_cumple_expectativas,175300
1403,120912,2025-04-27,producto_defectuoso,95600
1404,120915,2025-04-26,producto_defectuoso,2397400
1405,120924,2025-05-02,producto_defectuoso,246800
1406,120928,2025-04-29,producto_defectuoso,4547070
1407,120931,2025-05-04,no_cumple_expectativas,197100
1408,120936,2025-04-29,talla_incorrecta,110010
1409,120944,2025-04-13,no_cumple_expectativas,1106190
1410,120968,2025-04-26,talla_incorrecta,194600
1411,120971,2025-05-05,talla_incorrecta,179700
1412,120976,2025-05-05,otro,153085
1413,120990,2025-04-30,no_cumple_expectativas,117000
1414,121005,2025-04-29,producto_defectuoso,2334400
1415,121022,2025-05-02,otro,1545555
1416,121026,2025-04-27,talla_incorrecta,212116
1417,121028,2025-04-27,talla_incorrecta,253710
1418,121031,2025-04-23,otro,47785
1419,121033,2025-04-22,no_cumple_expectativas,255360
1420,121057,2025-05-05,producto_defectuoso,328800
1421,121110,2025-04-30,no_cumple_expectativas,165920
1422,121132,2025-04-23,talla_incorrecta,332100
1423,121146,2025-04-28,producto_defectuoso,462100
1424,121156,2025-04-19,producto_defectuoso,1063010
1425,121161,2025-04-21,llegó_dañado,1691400
1426,121171,2025-05-04,talla_incorrecta,171300
1427,121173,2025-04-24,no_cumple_expectativas,1019745
1428,121174,2025-04-22,no_cumple_expectativas,1083760
1429,121181,2025-04-24,no_cumple_expectativas,1336800
1430,121183,2025-04-18,llegó_dañado,672300
1431,121196,2025-04-17,producto_defectuoso,378240
1432,121235,2025-05-04,llegó_dañado,361728
1433,121250,2025-04-23,talla_incorrecta,186700
1434,121270,2025-05-03,llegó_dañado,5401800
1435,121283,2025-05-01,no_cumple_expectativas,210205
1436,121298,2025-05-08,producto_defectuoso,2099800
1437,121303,2025-04-22,no_cumple_expectativas,75200
1438,121318,2025-04-28,no_cumple_expectativas,113400
1439,121327,2025-05-05,otro,175410
1440,121331,2025-05-10,otro,76100
1441,121354,2025-05-06,otro,848088
1442,121378,2025-04-30,llegó_dañado,733824
1443,121420,2025-05-02,talla_incorrecta,231760
1444,121442,2025-05-06,no_cumple_expectativas,457300
1445,121476,2025-04-25,talla_incorrecta,223760
1446,121480,2025-05-06,producto_defectuoso,1915770
1447,121482,2025-04-20,producto_defectuoso,1019200
1448,121485,2025-05-08,producto_defectuoso,953010
1449,121494,2025-04-30,otro,2064320
1450,121536,2025-04-28,llegó_dañado,1753650
1451,121547,2025-05-01,llegó_dañado,56270
1452,121583,2025-05-08,no_cumple_expectativas,114000
1453,121598,2025-04-26,talla_incorrecta,242600
1454,121612,2025-05-14,producto_defectuoso,918000
1455,121615,2025-04-29,llegó_dañado,1063520
1456,121632,2025-05-09,producto_defectuoso,4902800
1457,121642,2025-05-12,talla_incorrecta,60900
1458,121643,2025-04-22,no_cumple_expectativas,290080
1459,121655,2025-05-04,no_cumple_expectativas,336300
1460,121660,2025-04-29,no_cumple_expectativas,237510
1461,121676,2025-05-07,no_cumple_expectativas,54800
1462,121703,2025-05-05,talla_incorrecta,48735
1463,121719,2025-05-01,otro,213655
1464,121736,2025-05-10,llegó_dañado,450800
1465,121741,2025-05-03,otro,89900
1466,121764,2025-05-10,no_cumple_expectativas,105400
1467,121766,2025-05-15,otro,229400
1468,121768,2025-05-16,talla_incorrecta,135200
1469,121802,2025-05-01,llegó_dañado,57040
1470,121845,2025-05-03,talla_incorrecta,264195
1471,121896,2025-05-07,talla_incorrecta,112560
1472,121939,2025-05-10,producto_defectuoso,5021700
1473,121941,2025-05-10,producto_defectuoso,86160
1474,121951,2025-04-27,talla_incorrecta,186800
1475,122012,2025-05-16,talla_incorrecta,119035
1476,122035,2025-05-09,no_cumple_expectativas,383040
1477,122037,2025-05-12,talla_incorrecta,130530
1478,122041,2025-05-19,producto_defectuoso,1505940
1479,122054,2025-04-29,talla_incorrecta,251400
1480,122055,2025-05-08,talla_incorrecta,919360
1481,122123,2025-05-10,talla_incorrecta,478200
1482,122127,2025-05-14,no_cumple_expectativas,81180
1483,122133,2025-05-06,llegó_dañado,99270
1484,122137,2025-05-20,no_cumple_expectativas,147780
1485,122144,2025-05-06,otro,139100
1486,122151,2025-05-14,no_cumple_expectativas,341856
1487,122174,2025-05-21,talla_incorrecta,251100
1488,122175,2025-05-15,talla_incorrecta,95580
1489,122184,2025-05-05,no_cumple_expectativas,88000
1490,122193,2025-05-18,talla_incorrecta,494000
1491,122212,2025-05-01,llegó_dañado,2130100
1492,122219,2025-05-04,producto_defectuoso,232750
1493,122220,2025-04-30,llegó_dañado,2153500
1494,122234,2025-05-06,no_cumple_expectativas,158200
1495,122245,2025-05-20,no_cumple_expectativas,46700
1496,122251,2025-05-09,llegó_dañado,18800
1497,122262,2025-05-09,talla_incorrecta,237150
1498,122266,2025-05-13,producto_defectuoso,1907910
1499,122314,2025-05-15,no_cumple_expectativas,1259415
1500,122319,2025-05-13,talla_incorrecta,95950
1501,122326,2025-05-07,talla_incorrecta,104000
1502,122330,2025-05-22,otro,285570
1503,122338,2025-05-09,no_cumple_expectativas,52300
1504,122343,2025-05-22,llegó_dañado,1197800
1505,122344,2025-05-16,producto_defectuoso,246560
1506,122408,2025-05-06,talla_incorrecta,269040
1507,122411,2025-05-19,otro,182020
1508,122424,2025-05-12,llegó_dañado,1074150
1509,122497,2025-05-07,talla_incorrecta,160835
1510,122502,2025-05-09,talla_incorrecta,114000
1511,122516,2025-05-20,no_cumple_expectativas,964980
1512,122519,2025-05-05,no_cumple_expectativas,82460
1513,122524,2025-05-26,producto_defectuoso,1826470
1514,122533,2025-05-05,talla_incorrecta,64000
1515,122537,2025-05-04,talla_incorrecta,197600
1516,122547,2025-05-23,llegó_dañado,589800
1517,122614,2025-05-06,talla_incorrecta,76100
1518,122622,2025-05-19,llegó_dañado,752600
1519,122689,2025-05-11,producto_defectuoso,1757500
1520,122698,2025-05-28,no_cumple_expectativas,323600
1521,122709,2025-05-28,talla_incorrecta,96390
1522,122743,2025-05-27,llegó_dañado,1931160
1523,122776,2025-05-28,llegó_dañado,1188165
1524,122778,2025-05-17,llegó_dañado,2106800
1525,122789,2025-05-08,producto_defectuoso,118465
1526,122796,2025-05-24,llegó_dañado,28240
1527,122824,2025-05-09,producto_defectuoso,4712000
1528,122829,2025-05-26,no_cumple_expectativas,60800
1529,122859,2025-05-24,llegó_dañado,53040
1530,122877,2025-05-15,talla_incorrecta,159120
1531,122894,2025-05-09,llegó_dañado,782080
1532,122899,2025-05-29,no_cumple_expectativas,138960
1533,122928,2025-05-18,no_cumple_expectativas,1933560
1534,122952,2025-05-18,talla_incorrecta,247900
1535,122954,2025-05-23,no_cumple_expectativas,204480
1536,122957,2025-05-25,llegó_dañado,1792080
1537,123001,2025-05-16,talla_incorrecta,65340
1538,123007,2025-05-12,no_cumple_expectativas,187920
1539,123016,2025-05-28,producto_defectuoso,123576
1540,123017,2025-05-20,no_cumple_expectativas,263530
1541,123034,2025-05-12,producto_defectuoso,2369200
1542,123035,2025-05-11,no_cumple_expectativas,85000
1543,123049,2025-05-12,llegó_dañado,61300
1544,123057,2025-05-12,producto_defectuoso,1441296
1545,123078,2025-05-20,producto_defectuoso,2105500
1546,123080,2025-05-31,otro,198180
1547,123083,2025-06-02,talla_incorrecta,408600
1548,123135,2025-05-30,otro,16320
1549,123156,2025-05-27,otro,2134200
1550,123220,2025-06-04,talla_incorrecta,219360
1551,123225,2025-05-21,talla_incorrecta,449200
1552,123288,2025-05-16,no_cumple_expectativas,126000
1553,123294,2025-05-27,no_cumple_expectativas,93575
1554,123339,2025-06-02,otro,181170
1555,123343,2025-05-31,producto_defectuoso,209440
1556,123346,2025-05-31,no_cumple_expectativas,560975
1557,123347,2025-05-24,talla_incorrecta,185800
1558,123386,2025-06-01,no_cumple_expectativas,432600
1559,123416,2025-05-22,llegó_dañado,1196240
1560,123424,2025-05-20,talla_incorrecta,235790
1561,123433,2025-05-18,llegó_dañado,71000
1562,123437,2025-05-16,producto_defectuoso,1600000
1563,123445,2025-06-06,llegó_dañado,446160
1564,123459,2025-05-25,producto_defectuoso,2226500
1565,123469,2025-06-01,no_cumple_expectativas,235000
1566,123475,2025-05-30,producto_defectuoso,536845
1567,123509,2025-05-28,no_cumple_expectativas,1485700
1568,123520,2025-05-26,llegó_dañado,1578720
1569,123526,2025-06-02,producto_defectuoso,79040
1570,123540,2025-05-19,talla_incorrecta,39216
1571,123549,2025-05-26,producto_defectuoso,635040
1572,123576,2025-05-30,otro,182400
1573,123586,2025-06-07,otro,73270
1574,123588,2025-05-18,producto_defectuoso,179100
1575,123611,2025-05-29,talla_incorrecta,267390
1576,123619,2025-06-04,producto_defectuoso,2391600
1577,123631,2025-05-29,talla_incorrecta,235700
1578,123646,2025-06-02,llegó_dañado,1190600
1579,123661,2025-06-01,no_cumple_expectativas,50760
1580,123665,2025-05-30,talla_incorrecta,111100
1581,123668,2025-06-03,llegó_dañado,1752000
1582,123671,2025-05-23,talla_incorrecta,64885
1583,123681,2025-06-05,talla_incorrecta,266760
1584,123687,2025-05-28,talla_incorrecta,102510
1585,123708,2025-05-31,producto_defectuoso,1420650
1586,123714,2025-05-30,producto_defectuoso,50400
1587,123729,2025-06-09,no_cumple_expectativas,1219300
1588,123740,2025-05-20,no_cumple_expectativas,570400
1589,123757,2025-06-04,talla_incorrecta,156600
1590,123768,2025-05-23,producto_defectuoso,512900
1591,123773,2025-05-27,llegó_dañado,45505
1592,123810,2025-05-29,llegó_dañado,1205500
1593,123825,2025-05-30,llegó_dañado,169650
1594,123830,2025-05-21,llegó_dañado,193680
1595,123869,2025-05-28,no_cumple_expectativas,61800
1596,123875,2025-05-22,producto_defectuoso,474620
1597,123876,2025-06-01,otro,423700
1598,123880,2025-05-24,no_cumple_expectativas,31500
1599,123881,2025-06-02,no_cumple_expectativas,2817720
1600,123900,2025-05-23,producto_defectuoso,1546600
1601,123917,2025-06-03,no_cumple_expectativas,276400
1602,123922,2025-06-09,talla_incorrecta,167276
1603,123930,2025-06-10,talla_incorrecta,78200
1604,123964,2025-05-26,talla_incorrecta,271200
1605,123993,2025-06-11,talla_incorrecta,206712
1606,124003,2025-06-13,llegó_dañado,159300
1607,124010,2025-05-24,producto_defectuoso,645430
1608,124020,2025-06-08,producto_defectuoso,423600
1609,124045,2025-06-08,no_cumple_expectativas,285760
1610,124050,2025-06-06,no_cumple_expectativas,623100
1611,124063,2025-06-11,talla_incorrecta,303200
1612,124069,2025-05-27,llegó_dañado,210045
1613,124078,2025-06-07,no_cumple_expectativas,2126300
1614,124090,2025-05-28,llegó_dañado,518100
1615,124098,2025-06-11,talla_incorrecta,217710
1616,124148,2025-05-31,talla_incorrecta,283520
1617,124149,2025-06-14,llegó_dañado,1294800
1618,124165,2025-06-05,talla_incorrecta,83725
1619,124178,2025-06-02,talla_incorrecta,207630
1620,124180,2025-06-16,talla_incorrecta,316440
1621,124248,2025-06-08,talla_incorrecta,752700
1622,124272,2025-06-16,otro,179500
1623,124277,2025-06-12,producto_defectuoso,1865895
1624,124297,2025-06-15,talla_incorrecta,236300
1625,124336,2025-05-31,talla_incorrecta,267700
1626,124345,2025-06-14,talla_incorrecta,48355
1627,124360,2025-06-10,talla_incorrecta,50000
1628,124403,2025-06-19,producto_defectuoso,1400560
1629,124431,2025-06-13,no_cumple_expectativas,273900
1630,124434,2025-06-03,talla_incorrecta,258020
1631,124446,2025-06-05,no_cumple_expectativas,40860
1632,124462,2025-05-31,producto_defectuoso,70900
1633,124491,2025-06-12,talla_incorrecta,52000
1634,124498,2025-06-04,no_cumple_expectativas,188100
1635,124516,2025-05-29,no_cumple_expectativas,1773540
1636,124528,2025-06-06,talla_incorrecta,254800
1637,124531,2025-06-10,producto_defectuoso,442200
1638,124548,2025-06-12,no_cumple_expectativas,74560
1639,124554,2025-06-21,producto_defectuoso,74600
1640,124556,2025-06-17,otro,3867000
1641,124578,2025-06-02,no_cumple_expectativas,126810
1642,124586,2025-06-13,no_cumple_expectativas,201400
1643,124587,2025-06-02,no_cumple_expectativas,418140
1644,124600,2025-06-10,producto_defectuoso,1435500
1645,124621,2025-05-31,otro,83980
1646,124626,2025-06-10,talla_incorrecta,79056
1647,124633,2025-06-17,no_cumple_expectativas,103600
1648,124637,2025-06-03,no_cumple_expectativas,158000
1649,124642,2025-06-19,otro,379015
1650,124646,2025-06-09,talla_incorrecta,379040
1651,124659,2025-06-18,llegó_dañado,17765
1652,124684,2025-06-20,producto_defectuoso,476400
1653,124699,2025-06-12,no_cumple_expectativas,138500
1654,124720,2025-06-14,talla_incorrecta,60930
1655,124748,2025-06-09,producto_defectuoso,432208
1656,124758,2025-06-21,talla_incorrecta,116500
1657,124760,2025-06-16,talla_incorrecta,244910
1658,124765,2025-06-03,producto_defectuoso,932672
1659,124766,2025-06-23,talla_incorrecta,286900
1660,124774,2025-06-05,no_cumple_expectativas,1449700
1661,124799,2025-06-03,talla_incorrecta,160632
1662,124827,2025-06-04,no_cumple_expectativas,188600
1663,124884,2025-06-19,producto_defectuoso,1703760
1664,124887,2025-06-15,no_cumple_expectativas,455920
1665,124889,2025-06-22,llegó_dañado,56544
1666,124895,2025-06-25,producto_defectuoso,2115840
1667,124915,2025-06-08,producto_defectuoso,72100
1668,124918,2025-06-18,producto_defectuoso,196800
1669,124920,2025-06-05,producto_defectuoso,154800
1670,124923,2025-06-24,llegó_dañado,266095
1671,124925,2025-06-11,producto_defectuoso,5340240
1672,124985,2025-06-07,llegó_dañado,901200
1673,124990,2025-06-21,talla_incorrecta,727200
1674,124992,2025-06-17,no_cumple_expectativas,577000
1675,124996,2025-06-09,talla_incorrecta,175230
1676,125050,2025-06-16,otro,171520
1677,125088,2025-06-12,producto_defectuoso,1040060
1678,125118,2025-06-08,otro,103410
1679,125141,2025-06-09,llegó_dañado,105800
1680,125151,2025-06-24,no_cumple_expectativas,352750
1681,125201,2025-06-12,talla_incorrecta,132600
1682,125209,2025-06-09,talla_incorrecta,85935
1683,125215,2025-06-25,otro,300200
1684,125230,2025-06-12,talla_incorrecta,77605
1685,125238,2025-06-25,otro,351300
1686,125259,2025-06-09,no_cumple_expectativas,363240
1687,125264,2025-06-23,otro,979800
1688,125273,2025-06-12,producto_defectuoso,868300
1689,125289,2025-06-15,llegó_dañado,1135345
1690,125295,2025-06-16,no_cumple_expectativas,145724
1691,125298,2025-06-19,llegó_dañado,97800
1692,125324,2025-06-20,talla_incorrecta,67200
1693,125345,2025-06-19,no_cumple_expectativas,364876
1694,125347,2025-06-27,llegó_dañado,968200
1695,125376,2025-06-26,otro,108600
1696,125385,2025-06-29,producto_defectuoso,1225600
1697,125421,2025-06-16,otro,594600
1698,125436,2025-06-16,talla_incorrecta,88700
1699,125461,2025-07-01,no_cumple_expectativas,440325
1700,125482,2025-06-20,otro,265715
1701,125499,2025-06-27,no_cumple_expectativas,83664
1702,125534,2025-06-21,llegó_dañado,410210
1703,125563,2025-06-14,llegó_dañado,99360
1704,125574,2025-06-23,no_cumple_expectativas,1851360
1705,125575,2025-06-11,talla_incorrecta,196800
1706,125598,2025-06-24,producto_defectuoso,1901700
1707,125613,2025-06-24,no_cumple_expectativas,390900
1708,125615,2025-06-15,talla_incorrecta,100890
1709,125640,2025-06-13,no_cumple_expectativas,72400
1710,125642,2025-06-29,llegó_dañado,3428320
1711,125643,2025-06-28,no_cumple_expectativas,431400
1712,125681,2025-06-15,otro,104560
1713,125689,2025-06-27,talla_incorrecta,89600
1714,125701,2025-06-19,llegó_dañado,269400
1715,125735,2025-06-21,talla_incorrecta,50900
1716,125753,2025-07-01,producto_defectuoso,55250
1717,125763,2025-06-27,no_cumple_expectativas,285030
1718,125792,2025-06-29,producto_defectuoso,87390
1719,125805,2025-06-13,no_cumple_expectativas,1114380
1720,125817,2025-07-03,llegó_dañado,600200
1721,125845,2025-06-27,talla_incorrecta,180100
1722,125850,2025-06-16,no_cumple_expectativas,111644
1723,125861,2025-07-04,llegó_dañado,92880
1724,125876,2025-06-20,talla_incorrecta,71460
1725,125886,2025-06-15,talla_incorrecta,156640
1726,125919,2025-07-03,no_cumple_expectativas,1763730
1727,125921,2025-06-29,no_cumple_expectativas,225400
1728,125952,2025-07-07,producto_defectuoso,2034400
1729,125972,2025-07-06,no_cumple_expectativas,60344
1730,125974,2025-07-01,llegó_dañado,948100
1731,126047,2025-06-28,otro,829980
1732,126056,2025-07-01,otro,1796900
1733,126120,2025-07-02,talla_incorrecta,180540
1734,126147,2025-06-19,talla_incorrecta,644400
1735,126194,2025-07-07,talla_incorrecta,165580
1736,126221,2025-06-27,producto_defectuoso,520920
1737,126227,2025-06-18,llegó_dañado,2227200
1738,126232,2025-07-01,no_cumple_expectativas,226480
1739,126256,2025-07-03,llegó_dañado,178885
1740,126277,2025-07-01,no_cumple_expectativas,369200
1741,126279,2025-06-27,no_cumple_expectativas,988200
1742,126289,2025-06-27,no_cumple_expectativas,980970
1743,126294,2025-06-26,producto_defectuoso,520790
1744,126305,2025-06-19,llegó_dañado,448210
1745,126335,2025-06-21,producto_defectuoso,40800
1746,126364,2025-07-04,no_cumple_expectativas,316700
1747,126390,2025-07-03,talla_incorrecta,130080
1748,126392,2025-07-04,talla_incorrecta,172736
1749,126407,2025-07-10,producto_defectuoso,2434185
1750,126472,2025-07-03,producto_defectuoso,3531040
1751,126473,2025-06-28,llegó_dañado,736155
1752,126474,2025-06-20,otro,67400
1753,126477,2025-06-26,talla_incorrecta,360000
1754,126485,2025-07-01,producto_defectuoso,1217400
1755,126488,2025-06-26,producto_defectuoso,352710
1756,126517,2025-06-21,producto_defectuoso,3326800
1757,126587,2025-07-01,talla_incorrecta,213600
1758,126615,2025-07-09,otro,112000
1759,126620,2025-07-07,producto_defectuoso,1113360
1760,126635,2025-07-10,producto_defectuoso,994925
1761,126679,2025-07-15,talla_incorrecta,42415
1762,126685,2025-07-12,otro,191900
1763,126686,2025-07-05,producto_defectuoso,2025590
1764,126702,2025-07-10,llegó_dañado,2067200
1765,126708,2025-07-05,otro,80300
1766,126743,2025-07-10,otro,113500
1767,126748,2025-07-14,llegó_dañado,64400
1768,126749,2025-07-11,otro,96672
1769,126760,2025-07-12,no_cumple_expectativas,45990
1770,126766,2025-07-09,producto_defectuoso,1163655
1771,126779,2025-06-26,no_cumple_expectativas,867840
1772,126795,2025-07-07,no_cumple_expectativas,140400
1773,126801,2025-07-14,no_cumple_expectativas,51040
1774,126819,2025-07-06,no_cumple_expectativas,106800
1775,126827,2025-06-26,llegó_dañado,500940
1776,126857,2025-07-11,llegó_dañado,301070
1777,126906,2025-07-11,producto_defectuoso,2061900
1778,126930,2025-06-29,talla_incorrecta,372240
1779,126938,2025-07-13,talla_incorrecta,272900
1780,126942,2025-07-13,otro,877420
1781,126953,2025-07-05,producto_defectuoso,2510600
1782,126984,2025-07-16,no_cumple_expectativas,682200
1783,127005,2025-07-07,producto_defectuoso,902880
1784,127010,2025-07-13,no_cumple_expectativas,444800
1785,127018,2025-07-17,producto_defectuoso,1033345
1786,127023,2025-07-17,no_cumple_expectativas,468900
1787,127043,2025-07-05,no_cumple_expectativas,414000
1788,127056,2025-06-30,talla_incorrecta,69800
1789,127070,2025-07-06,no_cumple_expectativas,427320
1790,127076,2025-07-04,producto_defectuoso,44688
1791,127077,2025-07-06,otro,65300
1792,127111,2025-07-08,otro,1167696
1793,127121,2025-07-10,no_cumple_expectativas,721920
1794,127124,2025-06-28,talla_incorrecta,462000
1795,127143,2025-07-14,no_cumple_expectativas,195600
1796,127147,2025-07-09,talla_incorrecta,54200
1797,127157,2025-07-18,no_cumple_expectativas,58200
1798,127187,2025-07-09,otro,34200
1799,127192,2025-07-13,llegó_dañado,1922500
1800,127199,2025-07-19,talla_incorrecta,134820
1801,127202,2025-07-09,talla_incorrecta,45100
1802,127205,2025-07-03,no_cumple_expectativas,1301248
1803,127214,2025-07-17,no_cumple_expectativas,88080
1804,127223,2025-07-18,talla_incorrecta,156100
1805,127242,2025-07-10,talla_incorrecta,249400
1806,127251,2025-07-08,talla_incorrecta,231570
1807,127257,2025-06-30,producto_defectuoso,455500
1808,127290,2025-07-03,producto_defectuoso,166080
1809,127317,2025-07-16,otro,130400
1810,127343,2025-07-15,talla_incorrecta,1057600
1811,127345,2025-07-09,no_cumple_expectativas,109980
1812,127347,2025-07-11,llegó_dañado,50150
1813,127365,2025-07-10,no_cumple_expectativas,433800
1814,127368,2025-07-10,llegó_dañado,280960
1815,127384,2025-07-14,otro,1674700
1816,127388,2025-07-08,no_cumple_expectativas,189300
1817,127392,2025-07-11,no_cumple_expectativas,108720
1818,127401,2025-07-17,llegó_dañado,457300
1819,127407,2025-07-04,otro,916000
1820,127422,2025-07-02,otro,201240
1821,127434,2025-07-08,producto_defectuoso,1390560
1822,127446,2025-07-17,no_cumple_expectativas,97410
1823,127447,2025-07-05,no_cumple_expectativas,99300
1824,127449,2025-07-11,no_cumple_expectativas,582400
1825,127458,2025-07-07,producto_defectuoso,50480
1826,127474,2025-07-22,llegó_dañado,645030
1827,127488,2025-07-07,otro,2699190
1828,127500,2025-07-15,talla_incorrecta,51200
1829,127523,2025-07-19,no_cumple_expectativas,64090
1830,127553,2025-07-07,talla_incorrecta,100200
1831,127557,2025-07-19,talla_incorrecta,217280
1832,127607,2025-07-14,no_cumple_expectativas,1686000
1833,127613,2025-07-02,producto_defectuoso,3156390
1834,127623,2025-07-02,otro,12560
1835,127628,2025-07-08,producto_defectuoso,400100
1836,127630,2025-07-03,talla_incorrecta,681340
1837,127686,2025-07-15,no_cumple_expectativas,582000
1838,127689,2025-07-25,llegó_dañado,56865
1839,127703,2025-07-12,producto_defectuoso,2605920
1840,127711,2025-07-22,otro,407880
1841,127726,2025-07-17,llegó_dañado,79040
1842,127749,2025-07-12,no_cumple_expectativas,98175
1843,127758,2025-07-18,talla_incorrecta,169700
1844,127799,2025-07-10,no_cumple_expectativas,157845
1845,127810,2025-07-04,no_cumple_expectativas,122200
1846,127840,2025-07-07,no_cumple_expectativas,541300
1847,127858,2025-07-19,no_cumple_expectativas,792300
1848,127862,2025-07-23,llegó_dañado,61940
1849,127898,2025-07-11,llegó_dañado,111900
1850,127916,2025-07-25,no_cumple_expectativas,273400
1851,127936,2025-07-28,llegó_dañado,2012575
1852,127946,2025-07-10,talla_incorrecta,242725
1853,127951,2025-07-27,talla_incorrecta,528200
1854,128021,2025-07-19,llegó_dañado,516800
1855,128072,2025-07-24,no_cumple_expectativas,275400
1856,128075,2025-07-11,no_cumple_expectativas,16830
1857,128102,2025-07-29,talla_incorrecta,203400
1858,128113,2025-07-17,producto_defectuoso,1380445
1859,128135,2025-07-09,talla_incorrecta,86260
1860,128150,2025-07-29,talla_incorrecta,764100
1861,128216,2025-07-23,no_cumple_expectativas,616680
1862,128222,2025-07-14,llegó_dañado,193770
1863,128269,2025-07-13,no_cumple_expectativas,251040
1864,128271,2025-07-12,llegó_dañado,168570
1865,128281,2025-07-27,producto_defectuoso,446600
1866,128283,2025-07-20,producto_defectuoso,1700500
1867,128292,2025-07-28,no_cumple_expectativas,1690300
1868,128295,2025-07-31,producto_defectuoso,35280
1869,128302,2025-07-20,llegó_dañado,62220
1870,128338,2025-07-25,llegó_dañado,1172700
1871,128351,2025-07-27,otro,93800
1872,128440,2025-07-27,llegó_dañado,185400
1873,128451,2025-08-02,producto_defectuoso,45390
1874,128452,2025-07-13,otro,201535
1875,128464,2025-07-23,llegó_dañado,43852
1876,128468,2025-07-21,llegó_dañado,582920
1877,128487,2025-07-29,producto_defectuoso,1175700
1878,128500,2025-07-16,otro,205700
1879,128501,2025-07-13,talla_incorrecta,957240
1880,128539,2025-08-01,llegó_dañado,212160
1881,128574,2025-07-20,no_cumple_expectativas,557800
1882,128598,2025-08-04,no_cumple_expectativas,778320
1883,128629,2025-07-29,talla_incorrecta,218880
1884,128637,2025-07-20,producto_defectuoso,706500
1885,128638,2025-07-24,talla_incorrecta,103400
1886,128653,2025-07-24,llegó_dañado,1776870
1887,128689,2025-07-29,talla_incorrecta,142740
1888,128696,2025-07-23,no_cumple_expectativas,743300
1889,128724,2025-07-16,producto_defectuoso,377910
1890,128735,2025-07-19,talla_incorrecta,209988
1891,128745,2025-08-01,otro,217200
1892,128747,2025-08-03,no_cumple_expectativas,89136
1893,128755,2025-07-30,talla_incorrecta,79200
1894,128806,2025-07-22,llegó_dañado,56000
1895,128822,2025-07-27,producto_defectuoso,233700
1896,128830,2025-07-21,llegó_dañado,3560760
1897,128844,2025-07-30,talla_incorrecta,981720
1898,128849,2025-08-08,talla_incorrecta,228140
1899,128855,2025-08-06,producto_defectuoso,328464
1900,128859,2025-07-24,no_cumple_expectativas,100980
1901,128882,2025-07-29,producto_defectuoso,3645480
1902,128892,2025-07-26,llegó_dañado,522880
1903,128942,2025-07-26,no_cumple_expectativas,207100
1904,128966,2025-07-18,no_cumple_expectativas,182400
1905,128977,2025-08-02,producto_defectuoso,1160000
1906,128986,2025-07-25,producto_defectuoso,1591155
1907,129010,2025-07-19,no_cumple_expectativas,109915
1908,129016,2025-07-23,talla_incorrecta,98135
1909,129050,2025-07-21,no_cumple_expectativas,225720
1910,129069,2025-07-21,llegó_dañado,1238160
1911,129077,2025-08-03,producto_defectuoso,77900
1912,129078,2025-07-20,otro,1900800
1913,129083,2025-08-07,no_cumple_expectativas,3091680
1914,129099,2025-08-11,llegó_dañado,11776
1915,129156,2025-08-02,no_cumple_expectativas,94810
1916,129162,2025-07-31,no_cumple_expectativas,1418445
1917,129209,2025-08-11,otro,806000
1918,129223,2025-08-04,talla_incorrecta,188700
1919,129234,2025-08-06,producto_defectuoso,75395
1920,129248,2025-07-25,llegó_dañado,49680
1921,129249,2025-08-05,talla_incorrecta,70500
1922,129252,2025-07-26,llegó_dañado,540360
1923,129254,2025-07-29,talla_incorrecta,142785
1924,129256,2025-07-31,talla_incorrecta,159600
1925,129263,2025-08-06,producto_defectuoso,3214080
1926,129266,2025-08-05,producto_defectuoso,1495224
1927,129274,2025-07-31,llegó_dañado,89820
1928,129280,2025-07-22,talla_incorrecta,375600
1929,129307,2025-07-24,llegó_dañado,330960
1930,129323,2025-08-06,producto_defectuoso,296190
1931,129325,2025-07-31,producto_defectuoso,1203175
1932,129388,2025-08-08,no_cumple_expectativas,361360
1933,129390,2025-07-29,talla_incorrecta,70200
1934,129406,2025-08-03,talla_incorrecta,399600
1935,129412,2025-07-27,llegó_dañado,161400
1936,129436,2025-08-03,no_cumple_expectativas,3758390
1937,129438,2025-07-27,llegó_dañado,2183850
1938,129457,2025-08-16,producto_defectuoso,996100
1939,129472,2025-07-30,otro,560000
1940,129494,2025-07-28,otro,334480
1941,129497,2025-08-13,llegó_dañado,209160
1942,129498,2025-08-02,producto_defectuoso,1721500
1943,129508,2025-08-11,otro,849600
1944,129529,2025-08-12,llegó_dañado,164100
1945,129540,2025-07-30,no_cumple_expectativas,51400
1946,129547,2025-08-10,no_cumple_expectativas,67100
1947,129554,2025-08-12,talla_incorrecta,50800
1948,129559,2025-08-11,talla_incorrecta,212040
1949,129564,2025-08-15,producto_defectuoso,976055
1950,129573,2025-08-06,llegó_dañado,61465
1951,129601,2025-07-30,otro,97300
1952,129611,2025-08-04,no_cumple_expectativas,199215
1953,129628,2025-08-16,producto_defectuoso,167680
1954,129635,2025-08-06,no_cumple_expectativas,592700
1955,129662,2025-08-02,llegó_dañado,113430
1956,129664,2025-08-18,talla_incorrecta,407700
1957,129702,2025-08-15,no_cumple_expectativas,57800
1958,129710,2025-08-04,producto_defectuoso,2098170
1959,129718,2025-08-13,llegó_dañado,269325
1960,129723,2025-08-11,otro,430600
1961,129736,2025-08-09,producto_defectuoso,64700
1962,129764,2025-08-04,no_cumple_expectativas,3320600
1963,129766,2025-08-08,otro,296100
1964,129768,2025-08-13,no_cumple_expectativas,83840
1965,129797,2025-07-29,talla_incorrecta,108450
1966,129810,2025-08-05,no_cumple_expectativas,95950
1967,129837,2025-08-16,no_cumple_expectativas,192700
1968,129854,2025-08-18,talla_incorrecta,240700
1969,129865,2025-08-10,llegó_dañado,1046340
1970,129869,2025-08-08,talla_incorrecta,358200
1971,129876,2025-08-16,talla_incorrecta,90000
1972,129885,2025-08-08,no_cumple_expectativas,353360
1973,129904,2025-08-17,talla_incorrecta,186320
1974,129924,2025-08-10,talla_incorrecta,188100
1975,129929,2025-08-07,no_cumple_expectativas,1269810
1976,129995,2025-08-18,talla_incorrecta,784800
1977,130017,2025-08-06,no_cumple_expectativas,211140
1978,130072,2025-08-23,no_cumple_expectativas,796290
1979,130089,2025-08-08,talla_incorrecta,57150
1980,130110,2025-08-19,no_cumple_expectativas,200200
1981,130122,2025-08-06,otro,52500
1982,130133,2025-08-04,talla_incorrecta,132640
1983,130136,2025-08-17,no_cumple_expectativas,47430
1984,130173,2025-08-16,producto_defectuoso,466900
1985,130176,2025-08-24,producto_defectuoso,3780200
1986,130205,2025-08-08,llegó_dañado,817200
1987,130230,2025-08-14,llegó_dañado,1470885
1988,130245,2025-08-25,otro,124400
1989,130282,2025-08-10,otro,238500
1990,130297,2025-08-16,talla_incorrecta,52100
1991,130320,2025-08-15,talla_incorrecta,136116
1992,130365,2025-08-15,otro,108800
1993,130373,2025-08-12,talla_incorrecta,141436
1994,130384,2025-08-14,producto_defectuoso,985120
1995,130404,2025-08-05,producto_defectuoso,161840
1996,130416,2025-08-23,otro,511560
1997,130432,2025-08-14,llegó_dañado,1014900
1998,130460,2025-08-16,no_cumple_expectativas,126200
1999,130469,2025-08-23,talla_incorrecta,342600
2000,130472,2025-08-20,talla_incorrecta,51700
2001,130480,2025-08-19,talla_incorrecta,195000
2002,130493,2025-08-11,no_cumple_expectativas,491000
2003,130494,2025-08-12,no_cumple_expectativas,169800
2004,130503,2025-08-20,producto_defectuoso,25280
2005,130511,2025-08-16,llegó_dañado,312600
2006,130541,2025-08-26,llegó_dañado,73600
2007,130543,2025-08-27,no_cumple_expectativas,1523790
2008,130573,2025-08-10,llegó_dañado,78000
2009,130574,2025-08-08,no_cumple_expectativas,611830
2010,130593,2025-08-30,no_cumple_expectativas,105200
2011,130621,2025-08-22,talla_incorrecta,171720
2012,130636,2025-08-14,talla_incorrecta,72000
2013,130709,2025-08-11,no_cumple_expectativas,191100
2014,130713,2025-08-18,no_cumple_expectativas,41905
2015,130718,2025-08-27,no_cumple_expectativas,1928900
2016,130768,2025-08-21,producto_defectuoso,1906110
2017,130773,2025-08-20,producto_defectuoso,2085535
2018,130783,2025-08-14,llegó_dañado,118900
2019,130784,2025-08-17,producto_defectuoso,1013625
2020,130794,2025-08-31,no_cumple_expectativas,441792
2021,130807,2025-08-20,llegó_dañado,469600
2022,130827,2025-08-18,no_cumple_expectativas,53928
2023,130841,2025-09-02,no_cumple_expectativas,227300
2024,130842,2025-08-20,llegó_dañado,3691890
2025,130865,2025-08-12,no_cumple_expectativas,62985
2026,130874,2025-08-31,otro,103400
2027,130912,2025-08-26,llegó_dañado,61600
2028,130925,2025-08-28,talla_incorrecta,211440
2029,130931,2025-08-12,llegó_dañado,205650
2030,130933,2025-09-03,producto_defectuoso,1323616
2031,130957,2025-08-28,llegó_dañado,1090170
2032,130958,2025-08-18,otro,554400
2033,130961,2025-09-01,otro,72500
2034,130998,2025-09-02,talla_incorrecta,122490
2035,131023,2025-08-22,otro,473300
2036,131045,2025-08-28,producto_defectuoso,1802910
2037,131048,2025-08-22,llegó_dañado,64300
2038,131070,2025-09-03,producto_defectuoso,2095500
2039,131090,2025-08-16,producto_defectuoso,1048860
2040,131137,2025-08-28,llegó_dañado,60480
2041,131139,2025-09-03,no_cumple_expectativas,661800
2042,131152,2025-09-03,no_cumple_expectativas,224295
2043,131157,2025-09-01,producto_defectuoso,1205300
2044,131168,2025-08-16,talla_incorrecta,161300
2045,131185,2025-08-17,llegó_dañado,899600
2046,131197,2025-09-01,llegó_dañado,8098560
2047,131213,2025-08-24,producto_defectuoso,1005480
2048,131226,2025-08-24,llegó_dañado,3955000
2049,131235,2025-08-28,no_cumple_expectativas,75164
2050,131245,2025-08-30,no_cumple_expectativas,230280
2051,131264,2025-08-18,llegó_dañado,2063520
2052,131289,2025-09-05,no_cumple_expectativas,1575765
2053,131306,2025-08-20,no_cumple_expectativas,55760
2054,131313,2025-09-07,otro,1340550
2055,131327,2025-08-30,no_cumple_expectativas,134300
2056,131329,2025-09-02,talla_incorrecta,68932
2057,131341,2025-09-03,talla_incorrecta,248900
2058,131357,2025-09-06,talla_incorrecta,119700
2059,131375,2025-08-25,no_cumple_expectativas,800500
2060,131381,2025-08-31,producto_defectuoso,666800
2061,131389,2025-08-28,no_cumple_expectativas,170500
2062,131399,2025-09-04,talla_incorrecta,247100
2063,131445,2025-09-03,no_cumple_expectativas,27265
2064,131467,2025-09-10,llegó_dañado,23840
2065,131519,2025-08-21,no_cumple_expectativas,353970
2066,131521,2025-08-31,talla_incorrecta,50500
2067,131549,2025-08-25,talla_incorrecta,206820
2068,131557,2025-08-28,talla_incorrecta,194400
2069,131561,2025-08-24,producto_defectuoso,1054400
2070,131571,2025-08-27,producto_defectuoso,2084400
2071,131574,2025-08-28,no_cumple_expectativas,1597500
2072,131589,2025-08-21,talla_incorrecta,196560
2073,131591,2025-09-09,talla_incorrecta,327400
2074,131603,2025-09-11,producto_defectuoso,1532400
2075,131607,2025-09-04,no_cumple_expectativas,97056
2076,131609,2025-09-06,no_cumple_expectativas,48070
2077,131610,2025-08-29,llegó_dañado,218600
2078,131666,2025-08-26,talla_incorrecta,180200
2079,131668,2025-09-12,otro,122000
2080,131671,2025-09-12,llegó_dañado,66200
2081,131705,2025-09-05,producto_defectuoso,459700
2082,131741,2025-08-29,no_cumple_expectativas,536655
2083,131748,2025-09-02,no_cumple_expectativas,967840
2084,131755,2025-08-31,talla_incorrecta,152830
2085,131756,2025-09-01,no_cumple_expectativas,998545
2086,131759,2025-08-30,llegó_dañado,397080
2087,131784,2025-09-02,producto_defectuoso,1941030
2088,131797,2025-08-31,llegó_dañado,775800
2089,131801,2025-08-25,otro,230565
2090,131804,2025-08-24,talla_incorrecta,164900
2091,131805,2025-09-09,otro,228095
2092,131808,2025-09-08,llegó_dañado,1848420
2093,131820,2025-09-06,talla_incorrecta,179200
2094,131837,2025-09-12,producto_defectuoso,1469365
2095,131838,2025-09-07,no_cumple_expectativas,517140
2096,131845,2025-08-28,no_cumple_expectativas,151300
2097,131848,2025-09-12,talla_incorrecta,225720
2098,131859,2025-08-26,otro,198800
2099,131865,2025-09-08,no_cumple_expectativas,434100
2100,131900,2025-08-28,no_cumple_expectativas,406800
2101,131901,2025-09-02,talla_incorrecta,50800
2102,131924,2025-09-08,no_cumple_expectativas,501300
2103,131949,2025-08-27,talla_incorrecta,107120
2104,131963,2025-08-31,no_cumple_expectativas,115000
2105,131977,2025-08-29,producto_defectuoso,71100
2106,131993,2025-09-11,no_cumple_expectativas,50800
2107,131995,2025-09-10,no_cumple_expectativas,418540
2108,132029,2025-09-16,producto_defectuoso,1038400
2109,132043,2025-09-13,llegó_dañado,396916
2110,132049,2025-09-05,otro,186800
2111,132052,2025-09-09,no_cumple_expectativas,48400
2112,132059,2025-09-08,producto_defectuoso,793120
2113,132068,2025-09-02,llegó_dañado,53010
2114,132076,2025-09-08,llegó_dañado,38790
2115,132089,2025-08-26,otro,225270
2116,132122,2025-09-15,otro,134800
2117,132161,2025-09-03,no_cumple_expectativas,59760
2118,132186,2025-08-31,no_cumple_expectativas,240900
2119,132191,2025-09-03,no_cumple_expectativas,150048
2120,132207,2025-08-28,talla_incorrecta,104128
2121,132214,2025-09-05,no_cumple_expectativas,172425
2122,132257,2025-09-16,producto_defectuoso,1623700
2123,132258,2025-09-17,talla_incorrecta,87890
2124,132259,2025-09-14,otro,172710
2125,132273,2025-09-18,llegó_dañado,540288
2126,132275,2025-09-10,no_cumple_expectativas,449280
2127,132277,2025-09-17,producto_defectuoso,443840
2128,132282,2025-08-29,no_cumple_expectativas,128720
2129,132295,2025-09-02,no_cumple_expectativas,237975
2130,132298,2025-08-29,talla_incorrecta,109900
2131,132308,2025-09-02,producto_defectuoso,39995
2132,132328,2025-09-06,producto_defectuoso,605100
2133,132330,2025-09-15,talla_incorrecta,150670
2134,132335,2025-08-31,no_cumple_expectativas,740012
2135,132354,2025-09-02,talla_incorrecta,857400
2136,132367,2025-09-18,talla_incorrecta,297600
2137,132396,2025-09-01,otro,41800
2138,132426,2025-09-11,talla_incorrecta,93480
2139,132459,2025-09-15,producto_defectuoso,401490
2140,132461,2025-09-18,no_cumple_expectativas,3190050
2141,132465,2025-09-10,producto_defectuoso,155800
2142,132468,2025-09-15,producto_defectuoso,164692
2143,132474,2025-08-31,llegó_dañado,176715
2144,132478,2025-09-19,no_cumple_expectativas,1846800
2145,132494,2025-09-11,no_cumple_expectativas,487800
2146,132501,2025-09-22,producto_defectuoso,398500
2147,132514,2025-09-10,talla_incorrecta,52516
2148,132519,2025-09-20,no_cumple_expectativas,444448
2149,132568,2025-09-14,otro,111910
2150,132575,2025-09-23,no_cumple_expectativas,117600
2151,132577,2025-09-13,producto_defectuoso,96500
2152,132581,2025-09-19,producto_defectuoso,63600
2153,132585,2025-09-12,llegó_dañado,130220
2154,132632,2025-09-19,talla_incorrecta,234840
2155,132666,2025-09-05,llegó_dañado,1568925
2156,132691,2025-09-20,producto_defectuoso,1312000
2157,132699,2025-09-07,llegó_dañado,186900
2158,132774,2025-09-17,talla_incorrecta,55200
2159,132780,2025-09-16,producto_defectuoso,96624
2160,132787,2025-09-09,no_cumple_expectativas,334960
2161,132800,2025-09-08,otro,135915
2162,132802,2025-09-17,producto_defectuoso,547295
2163,132812,2025-09-21,no_cumple_expectativas,53000
2164,132869,2025-09-14,no_cumple_expectativas,236500
2165,132877,2025-09-15,no_cumple_expectativas,103700
2166,132886,2025-09-22,otro,215700
2167,132921,2025-09-25,llegó_dañado,162100
2168,132928,2025-09-20,talla_incorrecta,268565
2169,132930,2025-09-15,otro,163300
2170,132934,2025-09-26,no_cumple_expectativas,39920
2171,132951,2025-09-12,no_cumple_expectativas,113400
2172,132953,2025-09-16,talla_incorrecta,252890
2173,132962,2025-09-13,producto_defectuoso,1449360
2174,132978,2025-09-23,producto_defectuoso,2067300
2175,132980,2025-09-27,no_cumple_expectativas,439128
2176,133078,2025-09-11,llegó_dañado,297810
2177,133085,2025-09-19,producto_defectuoso,630400
2178,133113,2025-09-16,producto_defectuoso,1800630
2179,133114,2025-09-07,producto_defectuoso,491490
2180,133116,2025-09-24,talla_incorrecta,132335
2181,133138,2025-09-26,talla_incorrecta,52800
2182,133140,2025-09-16,otro,235695
2183,133146,2025-09-08,no_cumple_expectativas,38570
2184,133177,2025-09-21,no_cumple_expectativas,364990
2185,133193,2025-09-08,no_cumple_expectativas,182700
2186,133201,2025-09-13,talla_incorrecta,128345
2187,133219,2025-09-27,producto_defectuoso,1121475
2188,133229,2025-09-15,talla_incorrecta,45900
2189,133246,2025-09-18,producto_defectuoso,110720
2190,133247,2025-09-25,talla_incorrecta,88400
2191,133253,2025-09-25,llegó_dañado,141660
2192,133267,2025-09-20,talla_incorrecta,374510
2193,133287,2025-09-10,no_cumple_expectativas,882360
2194,133300,2025-09-28,no_cumple_expectativas,786200
2195,133326,2025-09-15,llegó_dañado,61760
2196,133343,2025-09-18,no_cumple_expectativas,238300
2197,133353,2025-09-14,otro,69900
2198,133359,2025-09-15,producto_defectuoso,992000
2199,133370,2025-09-14,no_cumple_expectativas,1075780
2200,133394,2025-09-30,talla_incorrecta,75050
2201,133396,2025-09-30,no_cumple_expectativas,387068
2202,133403,2025-10-02,no_cumple_expectativas,66785
2203,133414,2025-09-25,no_cumple_expectativas,212990
2204,133421,2025-09-19,otro,236600
2205,133455,2025-09-30,no_cumple_expectativas,3721530
2206,133484,2025-09-17,no_cumple_expectativas,298680
2207,133514,2025-09-12,no_cumple_expectativas,787440
2208,133522,2025-09-28,no_cumple_expectativas,69750
2209,133530,2025-09-30,llegó_dañado,43272
2210,133550,2025-09-27,producto_defectuoso,1161400
2211,133551,2025-09-18,no_cumple_expectativas,187800
2212,133596,2025-09-25,otro,87550
2213,133605,2025-09-20,no_cumple_expectativas,840180
2214,133611,2025-09-15,producto_defectuoso,1223400
2215,133616,2025-09-24,otro,989825
2216,133632,2025-09-26,talla_incorrecta,126100
2217,133639,2025-09-27,llegó_dañado,1636640
2218,133642,2025-09-14,no_cumple_expectativas,99920
2219,133677,2025-10-03,otro,51200
2220,133709,2025-09-25,otro,234800
2221,133710,2025-09-19,producto_defectuoso,424365
2222,133718,2025-09-26,no_cumple_expectativas,326960
2223,133728,2025-09-15,no_cumple_expectativas,86560
2224,133736,2025-09-25,no_cumple_expectativas,173910
2225,133738,2025-10-06,no_cumple_expectativas,81520
2226,133744,2025-10-04,otro,776300
2227,133748,2025-09-21,talla_incorrecta,288800
2228,133760,2025-10-04,talla_incorrecta,184032
2229,133761,2025-09-21,talla_incorrecta,185136
2230,133799,2025-09-23,producto_defectuoso,119900
2231,133812,2025-09-26,talla_incorrecta,229680
2232,133847,2025-09-17,no_cumple_expectativas,187510
2233,133860,2025-09-23,talla_incorrecta,362710
2234,133865,2025-10-04,talla_incorrecta,197000
2235,133866,2025-10-06,llegó_dañado,704235
2236,133867,2025-09-24,otro,118500
2237,133874,2025-09-19,llegó_dañado,619305
2238,133878,2025-09-25,talla_incorrecta,110865
2239,133895,2025-10-04,producto_defectuoso,415100
2240,133922,2025-09-30,no_cumple_expectativas,100800
2241,133938,2025-10-03,no_cumple_expectativas,16560
2242,133951,2025-10-05,no_cumple_expectativas,517100
2243,133960,2025-09-26,talla_incorrecta,39240
2244,133971,2025-10-07,talla_incorrecta,588330
2245,133978,2025-10-02,llegó_dañado,64000
2246,133981,2025-09-24,talla_incorrecta,318060
2247,133988,2025-10-06,llegó_dañado,925400
2248,133994,2025-09-18,producto_defectuoso,1916000
2249,134008,2025-09-22,otro,72000
2250,134070,2025-09-20,no_cumple_expectativas,183445
2251,134078,2025-10-01,no_cumple_expectativas,1688100
2252,134084,2025-10-02,otro,191400
2253,134101,2025-09-23,llegó_dañado,172900
2254,134109,2025-09-30,talla_incorrecta,259920
2255,134138,2025-09-26,producto_defectuoso,1274490
2256,134143,2025-09-25,no_cumple_expectativas,73300
2257,134145,2025-10-11,talla_incorrecta,286600
2258,134150,2025-10-06,llegó_dañado,685100
2259,134158,2025-10-07,llegó_dañado,2152400
2260,134166,2025-10-04,producto_defectuoso,1174800
2261,134175,2025-10-03,no_cumple_expectativas,72320
2262,134185,2025-10-11,talla_incorrecta,157400
2263,134186,2025-09-27,producto_defectuoso,150670
2264,134208,2025-10-10,talla_incorrecta,178560
2265,134223,2025-09-24,no_cumple_expectativas,64790
2266,134230,2025-10-05,talla_incorrecta,44880
2267,134239,2025-10-08,producto_defectuoso,1293045
2268,134319,2025-10-13,no_cumple_expectativas,176130
2269,134329,2025-10-12,talla_incorrecta,162700
2270,134362,2025-09-27,talla_incorrecta,51600
2271,134390,2025-10-05,producto_defectuoso,471240
2272,134394,2025-10-03,producto_defectuoso,3052080
2273,134403,2025-09-24,talla_incorrecta,72100
2274,134406,2025-10-08,producto_defectuoso,931500
2275,134443,2025-10-15,no_cumple_expectativas,133560
2276,134483,2025-10-15,producto_defectuoso,1677890
2277,134488,2025-10-03,no_cumple_expectativas,22200
2278,134497,2025-10-16,otro,182700
2279,134498,2025-09-25,producto_defectuoso,185820
2280,134525,2025-09-28,talla_incorrecta,213840
2281,134582,2025-09-28,producto_defectuoso,1798416
2282,134596,2025-10-17,producto_defectuoso,1836800
2283,134609,2025-10-05,no_cumple_expectativas,85196
2284,134636,2025-10-10,no_cumple_expectativas,517750
2285,134659,2025-10-11,llegó_dañado,106500
2286,134666,2025-10-15,talla_incorrecta,59280
2287,134668,2025-10-04,talla_incorrecta,161640
2288,134670,2025-10-15,no_cumple_expectativas,1159000
2289,134697,2025-10-01,producto_defectuoso,1178400
2290,134715,2025-10-15,talla_incorrecta,413568
2291,134717,2025-10-01,producto_defectuoso,1012200
2292,134720,2025-09-26,talla_incorrecta,84240
2293,134732,2025-09-29,llegó_dañado,325380
2294,134740,2025-10-11,producto_defectuoso,172890
2295,134756,2025-10-11,producto_defectuoso,1685100
2296,134762,2025-09-28,llegó_dañado,73100
2297,134766,2025-10-17,no_cumple_expectativas,132000
2298,134767,2025-09-27,no_cumple_expectativas,70965
2299,134768,2025-10-04,otro,1329050
2300,134769,2025-10-01,otro,522700
2301,134802,2025-10-19,no_cumple_expectativas,347600
2302,134867,2025-10-06,llegó_dañado,2086900
2303,134914,2025-09-29,no_cumple_expectativas,268565
2304,134922,2025-10-16,producto_defectuoso,2138400
2305,134935,2025-10-20,talla_incorrecta,51952
2306,134940,2025-10-15,no_cumple_expectativas,68400
2307,134945,2025-10-03,talla_incorrecta,974800
2308,134953,2025-10-07,no_cumple_expectativas,31790
2309,134955,2025-10-07,producto_defectuoso,50350
2310,134958,2025-10-03,llegó_dañado,1828860
2311,134981,2025-10-12,producto_defectuoso,75300
2312,134993,2025-10-05,otro,231600
2313,135034,2025-10-16,no_cumple_expectativas,647600
2314,135037,2025-10-13,llegó_dañado,502455
2315,135064,2025-10-07,talla_incorrecta,161640
2316,135069,2025-10-03,no_cumple_expectativas,88290
2317,135085,2025-10-21,otro,1667700
2318,135089,2025-10-04,llegó_dañado,1034400
2319,135095,2025-10-18,llegó_dañado,139100
2320,135101,2025-10-12,producto_defectuoso,283100
2321,135102,2025-10-17,talla_incorrecta,95760
2322,135108,2025-10-17,talla_incorrecta,266760
2323,135112,2025-10-09,producto_defectuoso,1514300
2324,135144,2025-10-04,talla_incorrecta,252605
2325,135195,2025-10-18,llegó_dañado,315970
2326,135206,2025-10-18,talla_incorrecta,283300
2327,135211,2025-10-09,no_cumple_expectativas,368030
2328,135224,2025-10-21,llegó_dañado,1461955
2329,135227,2025-10-11,otro,734800
2330,135231,2025-10-09,producto_defectuoso,3490560
2331,135233,2025-10-14,no_cumple_expectativas,117100
2332,135253,2025-10-21,no_cumple_expectativas,247700
2333,135272,2025-10-08,no_cumple_expectativas,37600
2334,135277,2025-10-03,talla_incorrecta,154755
2335,135303,2025-10-20,producto_defectuoso,99000
2336,135319,2025-10-15,no_cumple_expectativas,138600
2337,135375,2025-10-26,otro,3590910
2338,135381,2025-10-18,otro,221120
2339,135401,2025-10-19,producto_defectuoso,1660800
2340,135403,2025-10-25,talla_incorrecta,157795
2341,135408,2025-10-11,otro,198600
2342,135409,2025-10-21,talla_incorrecta,172000
2343,135446,2025-10-19,talla_incorrecta,230700
2344,135475,2025-10-23,producto_defectuoso,509700
2345,135485,2025-10-27,producto_defectuoso,5213760
2346,135500,2025-10-19,otro,57420
2347,135525,2025-10-10,otro,220080
2348,135531,2025-10-12,otro,748300
2349,135536,2025-10-10,talla_incorrecta,716040
2350,135539,2025-10-16,llegó_dañado,96292
2351,135549,2025-10-26,no_cumple_expectativas,101900
2352,135579,2025-10-15,no_cumple_expectativas,243840
2353,135601,2025-10-28,talla_incorrecta,64885
2354,135607,2025-10-18,no_cumple_expectativas,73000
2355,135622,2025-10-22,no_cumple_expectativas,397575
2356,135627,2025-10-14,producto_defectuoso,453100
2357,135642,2025-10-10,llegó_dañado,103950
2358,135674,2025-10-11,llegó_dañado,67392
2359,135683,2025-10-14,talla_incorrecta,51490
2360,135687,2025-10-26,no_cumple_expectativas,163440
2361,135706,2025-10-22,no_cumple_expectativas,154160
2362,135719,2025-10-10,talla_incorrecta,79000
2363,135732,2025-10-08,producto_defectuoso,623390
2364,135744,2025-10-13,otro,986600
2365,135757,2025-10-19,no_cumple_expectativas,109120
2366,135765,2025-10-15,talla_incorrecta,215840
2367,135786,2025-10-22,no_cumple_expectativas,750100
2368,135788,2025-10-24,otro,69635
2369,135802,2025-10-17,talla_incorrecta,52700
2370,135819,2025-10-22,no_cumple_expectativas,25800
2371,135849,2025-10-21,talla_incorrecta,503820
2372,135858,2025-10-30,llegó_dañado,51000
2373,135866,2025-10-18,otro,191800
2374,135868,2025-10-22,no_cumple_expectativas,1025400
2375,135916,2025-10-15,llegó_dañado,738720
2376,135929,2025-10-13,llegó_dañado,198500
2377,135946,2025-10-29,otro,1580240
2378,135966,2025-10-22,producto_defectuoso,1323990
2379,135977,2025-10-29,llegó_dañado,3087040
2380,135993,2025-11-02,talla_incorrecta,42940
2381,136002,2025-10-30,no_cumple_expectativas,100080
2382,136003,2025-10-15,talla_incorrecta,321000
2383,136013,2025-10-27,llegó_dañado,109400
2384,136030,2025-10-28,producto_defectuoso,3774600
2385,136064,2025-10-12,producto_defectuoso,1959600
2386,136070,2025-10-17,no_cumple_expectativas,267100
2387,136072,2025-10-24,talla_incorrecta,73900
2388,136075,2025-10-16,talla_incorrecta,272800
2389,136076,2025-10-16,producto_defectuoso,443000
2390,136097,2025-11-03,no_cumple_expectativas,2245420
2391,136166,2025-10-17,talla_incorrecta,102400
2392,136177,2025-10-13,otro,1262700
2393,136203,2025-10-29,no_cumple_expectativas,421800
2394,136213,2025-10-22,no_cumple_expectativas,121950
2395,136235,2025-10-15,producto_defectuoso,499900
2396,136236,2025-11-02,otro,221255
2397,136279,2025-10-19,otro,302400
2398,136306,2025-10-16,talla_incorrecta,259500
2399,136315,2025-10-24,producto_defectuoso,924500
2400,136326,2025-10-20,otro,111000
2401,136327,2025-11-01,talla_incorrecta,173755
2402,136330,2025-10-17,producto_defectuoso,5009160
2403,136342,2025-10-20,talla_incorrecta,52600
2404,136345,2025-10-22,llegó_dañado,2008260
2405,136349,2025-10-21,talla_incorrecta,501904
2406,136384,2025-10-26,no_cumple_expectativas,282264
2407,136395,2025-11-04,no_cumple_expectativas,47175
2408,136406,2025-10-26,talla_incorrecta,152570
2409,136420,2025-11-05,producto_defectuoso,322800
2410,136464,2025-10-23,no_cumple_expectativas,168000
2411,136467,2025-10-18,no_cumple_expectativas,49130
2412,136492,2025-10-21,talla_incorrecta,308800
2413,136530,2025-10-17,llegó_dañado,190500
2414,136531,2025-10-18,producto_defectuoso,837250
2415,136550,2025-10-20,otro,2088200
2416,136560,2025-11-04,talla_incorrecta,72500
2417,136562,2025-10-23,no_cumple_expectativas,54000
2418,136615,2025-10-24,llegó_dañado,200100
2419,136617,2025-10-22,talla_incorrecta,47310
2420,136643,2025-10-24,no_cumple_expectativas,153710
2421,136667,2025-11-06,producto_defectuoso,437832
2422,136670,2025-11-09,no_cumple_expectativas,178200
2423,136687,2025-10-24,producto_defectuoso,164400
2424,136688,2025-10-21,talla_incorrecta,128800
2425,136689,2025-10-19,producto_defectuoso,66900
2426,136690,2025-10-29,talla_incorrecta,45100
2427,136695,2025-10-30,talla_incorrecta,45180
2428,136716,2025-10-24,otro,327600
2429,136722,2025-11-10,llegó_dañado,2279400
2430,136737,2025-10-25,producto_defectuoso,482400
2431,136740,2025-10-22,producto_defectuoso,1164160
2432,136760,2025-11-03,producto_defectuoso,785520
2433,136763,2025-11-04,producto_defectuoso,5236110
2434,136786,2025-11-11,talla_incorrecta,196600
2435,136802,2025-10-22,talla_incorrecta,185630
2436,136816,2025-10-23,otro,121860
2437,136832,2025-11-03,no_cumple_expectativas,564570
2438,136843,2025-11-03,talla_incorrecta,80200
2439,136844,2025-10-21,llegó_dañado,96500
2440,136875,2025-10-29,talla_incorrecta,50600
2441,136912,2025-11-04,producto_defectuoso,1157195
2442,136921,2025-10-28,talla_incorrecta,112896
2443,136928,2025-10-25,llegó_dañado,516700
2444,136931,2025-11-09,otro,888250
2445,136951,2025-11-10,producto_defectuoso,4726800
2446,136964,2025-11-12,no_cumple_expectativas,588600
2447,136971,2025-11-14,otro,392480
2448,136974,2025-11-05,talla_incorrecta,684000
2449,136975,2025-10-29,llegó_dañado,60900
2450,137001,2025-10-30,llegó_dañado,211464
2451,137003,2025-11-06,talla_incorrecta,416925
2452,137006,2025-11-05,producto_defectuoso,83400
2453,137019,2025-10-28,talla_incorrecta,461320
2454,137030,2025-11-05,llegó_dañado,508045
2455,137075,2025-10-26,otro,468100
2456,137095,2025-11-13,producto_defectuoso,30800
2457,137105,2025-10-31,producto_defectuoso,1968780
2458,137109,2025-11-03,otro,2274000
2459,137125,2025-11-14,no_cumple_expectativas,350400
2460,137129,2025-11-11,no_cumple_expectativas,52900
2461,137146,2025-11-14,talla_incorrecta,120200
2462,137159,2025-10-27,no_cumple_expectativas,78720
2463,137162,2025-11-02,otro,359400
2464,137169,2025-10-25,producto_defectuoso,1853730
2465,137174,2025-11-10,llegó_dañado,361200
2466,137176,2025-10-26,llegó_dañado,391544
2467,137184,2025-11-03,producto_defectuoso,434300
2468,137199,2025-11-09,llegó_dañado,375750
2469,137208,2025-11-07,no_cumple_expectativas,245000
2470,137278,2025-11-13,otro,61560
2471,137286,2025-11-06,llegó_dañado,1126800
2472,137324,2025-11-16,llegó_dañado,234000
2473,137327,2025-11-02,no_cumple_expectativas,257200
2474,137335,2025-11-12,no_cumple_expectativas,1583640
2475,137341,2025-11-14,talla_incorrecta,180540
2476,137345,2025-11-17,producto_defectuoso,1010600
2477,137347,2025-10-28,producto_defectuoso,132840
2478,137354,2025-11-13,llegó_dañado,54300
2479,137376,2025-11-18,no_cumple_expectativas,653990
2480,137416,2025-11-02,no_cumple_expectativas,1954900
2481,137427,2025-11-05,talla_incorrecta,511000
2482,137435,2025-10-30,talla_incorrecta,241280
2483,137439,2025-11-14,otro,50320
2484,137440,2025-11-09,talla_incorrecta,179640
2485,137450,2025-11-05,producto_defectuoso,1176670
2486,137472,2025-11-11,producto_defectuoso,90900
2487,137480,2025-11-04,producto_defectuoso,4796800
2488,137484,2025-11-04,no_cumple_expectativas,456100
2489,137507,2025-11-11,no_cumple_expectativas,137560
2490,137520,2025-11-04,producto_defectuoso,805600
2491,137539,2025-11-02,otro,154660
2492,137545,2025-11-14,no_cumple_expectativas,282948
2493,137552,2025-11-09,talla_incorrecta,588240
2494,137556,2025-11-08,otro,110200
2495,137566,2025-11-03,no_cumple_expectativas,534755
2496,137602,2025-11-21,talla_incorrecta,102400
2497,137620,2025-11-15,llegó_dañado,2159000
2498,137644,2025-11-03,llegó_dañado,254000
2499,137667,2025-11-11,producto_defectuoso,1023000
2500,137728,2025-11-07,no_cumple_expectativas,59680
2501,137744,2025-11-14,producto_defectuoso,60420
2502,137756,2025-11-07,talla_incorrecta,302670
2503,137798,2025-11-13,otro,253260
2504,137802,2025-11-02,llegó_dañado,502700
2505,137817,2025-11-10,talla_incorrecta,151000
2506,137832,2025-11-13,no_cumple_expectativas,2267600
2507,137840,2025-11-04,otro,1043480
2508,137845,2025-11-03,llegó_dañado,217760
2509,137879,2025-11-15,talla_incorrecta,52400
2510,137880,2025-11-05,llegó_dañado,119520
2511,137887,2025-11-06,talla_incorrecta,74400
2512,137906,2025-11-09,no_cumple_expectativas,329700
2513,137911,2025-11-12,llegó_dañado,1387500
2514,137913,2025-11-14,llegó_dañado,40460
2515,137923,2025-11-18,talla_incorrecta,252900
2516,137949,2025-11-04,talla_incorrecta,249900
2517,137973,2025-11-17,talla_incorrecta,169290
2518,137979,2025-11-13,talla_incorrecta,84915
2519,138003,2025-11-05,llegó_dañado,43265
2520,138007,2025-11-10,no_cumple_expectativas,116480
2521,138010,2025-11-11,no_cumple_expectativas,430100
2522,138026,2025-11-23,no_cumple_expectativas,85400
2523,138028,2025-11-07,otro,17480
2524,138034,2025-11-15,llegó_dañado,597600
2525,138055,2025-11-21,producto_defectuoso,1031800
2526,138080,2025-11-20,producto_defectuoso,142880
2527,138092,2025-11-05,otro,4651200
2528,138109,2025-11-21,llegó_dañado,531760
2529,138114,2025-11-08,producto_defectuoso,3454390
2530,138117,2025-11-05,otro,137275
2531,138141,2025-11-25,no_cumple_expectativas,1867195
2532,138148,2025-11-18,producto_defectuoso,441400
2533,138168,2025-11-19,llegó_dañado,1325200
2534,138177,2025-11-08,llegó_dañado,541120
2535,138183,2025-11-13,talla_incorrecta,120400
2536,138185,2025-11-20,no_cumple_expectativas,18700
2537,138203,2025-11-17,producto_defectuoso,1691360
2538,138207,2025-11-26,talla_incorrecta,331800
2539,138221,2025-11-13,talla_incorrecta,166400
2540,138226,2025-11-18,producto_defectuoso,2451000
2541,138237,2025-11-25,talla_incorrecta,274300
2542,138265,2025-11-20,otro,1224200
2543,138288,2025-11-08,no_cumple_expectativas,275200
2544,138289,2025-11-29,producto_defectuoso,3898080
2545,138303,2025-11-13,otro,353210
2546,138307,2025-11-27,talla_incorrecta,524600
2547,138333,2025-11-13,no_cumple_expectativas,121680
2548,138383,2025-11-16,no_cumple_expectativas,79100
2549,138392,2025-11-20,otro,818080
2550,138396,2025-11-20,talla_incorrecta,252720
2551,138402,2025-11-18,llegó_dañado,330000
2552,138405,2025-11-11,talla_incorrecta,50320
2553,138415,2025-11-14,producto_defectuoso,1212100
2554,138422,2025-11-11,producto_defectuoso,198200
2555,138424,2025-11-14,llegó_dañado,1667400
2556,138450,2025-11-13,llegó_dañado,57700
2557,138453,2025-11-30,llegó_dañado,80960
2558,138469,2025-11-17,talla_incorrecta,520220
2559,138483,2025-11-25,talla_incorrecta,357960
2560,138501,2025-11-27,no_cumple_expectativas,49200
2561,138505,2025-12-01,otro,232640
2562,138516,2025-11-21,no_cumple_expectativas,99200
2563,138520,2025-11-13,llegó_dañado,205500
2564,138524,2025-11-10,llegó_dañado,1185400
2565,138535,2025-11-30,producto_defectuoso,1804620
2566,138537,2025-11-22,llegó_dañado,59200
2567,138564,2025-11-10,talla_incorrecta,80800
2568,138566,2025-11-15,talla_incorrecta,184110
2569,138601,2025-11-25,otro,194670
2570,138611,2025-11-26,talla_incorrecta,251100
2571,138635,2025-11-28,no_cumple_expectativas,36465
2572,138706,2025-11-21,talla_incorrecta,52400
2573,138724,2025-11-23,otro,92500
2574,138759,2025-12-03,no_cumple_expectativas,295560
2575,138767,2025-11-14,llegó_dañado,176800
2576,138785,2025-12-02,llegó_dañado,1176200
2577,138808,2025-11-12,talla_incorrecta,173700
2578,138809,2025-11-24,talla_incorrecta,239200
2579,138831,2025-11-21,talla_incorrecta,307800
2580,138885,2025-12-02,llegó_dañado,49640
2581,138888,2025-11-28,no_cumple_expectativas,575100
2582,138892,2025-11-18,llegó_dañado,96900
2583,138920,2025-11-21,no_cumple_expectativas,59565
2584,138945,2025-11-26,talla_incorrecta,103200
2585,138958,2025-11-29,talla_incorrecta,600900
2586,138966,2025-11-15,no_cumple_expectativas,168750
2587,138971,2025-11-22,talla_incorrecta,267520
2588,138991,2025-11-15,otro,21300
2589,139024,2025-11-30,talla_incorrecta,234800
2590,139025,2025-11-14,producto_defectuoso,883840
2591,139032,2025-12-01,no_cumple_expectativas,1211630
2592,139045,2025-11-21,otro,218100
2593,139066,2025-11-14,no_cumple_expectativas,373824
2594,139067,2025-11-19,talla_incorrecta,73000
2595,139075,2025-11-14,otro,28220
2596,139082,2025-12-04,no_cumple_expectativas,102880
2597,139151,2025-11-24,otro,62190
2598,139159,2025-12-04,talla_incorrecta,325600
2599,139180,2025-11-26,llegó_dañado,263340
2600,139181,2025-12-04,producto_defectuoso,1525536
2601,139220,2025-11-17,no_cumple_expectativas,875340
2602,139243,2025-12-04,talla_incorrecta,49980
2603,139249,2025-11-24,no_cumple_expectativas,68500
2604,139311,2025-12-08,otro,99600
2605,139335,2025-11-22,no_cumple_expectativas,768000
2606,139356,2025-12-01,no_cumple_expectativas,195440
2607,139361,2025-12-02,talla_incorrecta,672960
2608,139363,2025-11-25,no_cumple_expectativas,634980
2609,139368,2025-12-07,llegó_dañado,454700
2610,139385,2025-11-26,llegó_dañado,40885
2611,139416,2025-12-05,llegó_dañado,1402075
2612,139419,2025-12-01,talla_incorrecta,89820
2613,139425,2025-12-08,otro,126540
2614,139432,2025-12-06,no_cumple_expectativas,123800
2615,139434,2025-12-05,no_cumple_expectativas,165040
2616,139440,2025-12-01,otro,529000
2617,139445,2025-11-23,llegó_dañado,338400
2618,139457,2025-11-21,talla_incorrecta,113800
2619,139460,2025-11-22,no_cumple_expectativas,1021000
2620,139468,2025-12-02,otro,113800
2621,139515,2025-12-10,talla_incorrecta,240480
2622,139518,2025-11-21,llegó_dañado,431640
2623,139565,2025-11-22,producto_defectuoso,190570
2624,139572,2025-11-29,otro,127300
2625,139579,2025-11-20,talla_incorrecta,247265
2626,139582,2025-12-03,talla_incorrecta,172000
2627,139583,2025-11-23,no_cumple_expectativas,211200
2628,139624,2025-12-11,producto_defectuoso,303484
2629,139662,2025-11-19,otro,295830
2630,139663,2025-11-27,llegó_dañado,3739800
2631,139668,2025-11-20,llegó_dañado,1804040
2632,139679,2025-12-04,talla_incorrecta,221580
2633,139690,2025-11-20,llegó_dañado,1116060
2634,139711,2025-12-02,talla_incorrecta,45090
2635,139769,2025-12-09,no_cumple_expectativas,518500
2636,139772,2025-12-06,otro,125715
2637,139779,2025-11-23,llegó_dañado,46436
2638,139822,2025-12-03,no_cumple_expectativas,349200
2639,139846,2025-12-02,no_cumple_expectativas,1505040
2640,139853,2025-12-07,no_cumple_expectativas,89400
2641,139866,2025-12-12,producto_defectuoso,1436245
2642,139918,2025-11-30,producto_defectuoso,969040
2643,139934,2025-12-06,talla_incorrecta,137000
2644,139947,2025-12-02,llegó_dañado,48600
2645,139959,2025-12-12,no_cumple_expectativas,120528
2646,139982,2025-12-12,llegó_dañado,461805
2647,140000,2025-12-03,no_cumple_expectativas,638590
2648,140010,2025-12-05,otro,40375
2649,140014,2025-12-04,llegó_dañado,255040
2650,140018,2025-11-29,talla_incorrecta,137000
2651,140026,2025-11-23,otro,265200
2652,140045,2025-11-26,no_cumple_expectativas,452700
2653,140050,2025-11-29,otro,94605
2654,140053,2025-11-28,talla_incorrecta,195200
2655,140055,2025-12-12,talla_incorrecta,117215
2656,140070,2025-11-27,talla_incorrecta,188670
2657,140077,2025-12-04,no_cumple_expectativas,553700
2658,140088,2025-12-13,no_cumple_expectativas,191808
2659,140099,2025-12-14,llegó_dañado,238595
2660,140108,2025-12-03,llegó_dañado,200560
2661,140109,2025-11-27,llegó_dañado,244970
2662,140122,2025-12-05,otro,38560
2663,140152,2025-12-02,talla_incorrecta,224100
2664,140156,2025-12-09,talla_incorrecta,118864
2665,140159,2025-11-24,no_cumple_expectativas,380800
2666,140165,2025-12-05,llegó_dañado,198400
2667,140170,2025-11-28,no_cumple_expectativas,1003340
2668,140198,2025-12-06,llegó_dañado,38152
2669,140205,2025-12-09,otro,121600
2670,140216,2025-12-05,no_cumple_expectativas,651510
2671,140238,2025-12-12,talla_incorrecta,422790
2672,140240,2025-12-06,no_cumple_expectativas,459700
2673,140262,2025-12-08,no_cumple_expectativas,195700
2674,140269,2025-12-02,otro,138040
2675,140290,2025-12-11,otro,567900
2676,140309,2025-12-02,producto_defectuoso,190200
2677,140311,2025-11-29,no_cumple_expectativas,2209200
2678,140321,2025-12-09,producto_defectuoso,552600
2679,140332,2025-12-14,talla_incorrecta,48830
2680,140359,2025-12-13,llegó_dañado,2263660
2681,140360,2025-12-07,no_cumple_expectativas,243700
2682,140388,2025-11-30,llegó_dañado,632510
2683,140393,2025-12-07,no_cumple_expectativas,21400
2684,140424,2025-11-29,llegó_dañado,297100
2685,140432,2025-12-04,no_cumple_expectativas,464360
2686,140468,2025-12-05,talla_incorrecta,196960
2687,140491,2025-12-02,llegó_dañado,40885
2688,140496,2025-12-15,otro,237660
2689,140517,2025-12-03,no_cumple_expectativas,591400
2690,140520,2025-12-19,no_cumple_expectativas,88255
2691,140548,2025-11-28,otro,64505
2692,140560,2025-11-28,llegó_dañado,24264
2693,140562,2025-12-12,llegó_dañado,185700
2694,140576,2025-12-19,otro,483200
2695,140580,2025-12-19,llegó_dañado,76608
2696,140599,2025-12-19,llegó_dañado,61520
2697,140601,2025-12-06,otro,118300
2698,140645,2025-12-09,talla_incorrecta,237690
2699,140654,2025-12-05,no_cumple_expectativas,4382700
2700,140668,2025-12-06,talla_incorrecta,162900
2701,140672,2025-12-16,llegó_dañado,53975
2702,140680,2025-12-11,talla_incorrecta,345230
2703,140705,2025-12-17,no_cumple_expectativas,439185
2704,140762,2025-12-14,talla_incorrecta,158200
2705,140773,2025-12-04,producto_defectuoso,104670
2706,140778,2025-11-30,no_cumple_expectativas,117800
2707,140799,2025-12-03,no_cumple_expectativas,261100
2708,140828,2025-12-05,no_cumple_expectativas,277280
2709,140852,2025-12-05,no_cumple_expectativas,322400
2710,140864,2025-12-15,otro,274000
2711,140880,2025-12-16,talla_incorrecta,200800
2712,140898,2025-12-17,no_cumple_expectativas,130900
2713,140941,2025-12-20,no_cumple_expectativas,191160
2714,140946,2025-12-03,llegó_dañado,325800
2715,140956,2025-12-09,producto_defectuoso,489060
2716,140968,2025-12-09,otro,89224
2717,141009,2025-12-01,talla_incorrecta,51500
2718,141019,2025-12-17,llegó_dañado,109890
2719,141068,2025-12-02,producto_defectuoso,1449100
2720,141073,2025-12-13,talla_incorrecta,1083200
2721,141098,2025-12-09,no_cumple_expectativas,1665300
2722,141166,2025-12-16,talla_incorrecta,58140
2723,141181,2025-12-07,producto_defectuoso,78400
2724,141200,2025-12-19,llegó_dañado,1205800
2725,141225,2025-12-11,no_cumple_expectativas,268800
2726,141240,2025-12-25,no_cumple_expectativas,365200
2727,141256,2025-12-10,producto_defectuoso,1715120
2728,141267,2025-12-12,talla_incorrecta,422960
2729,141271,2025-12-08,talla_incorrecta,223630
2730,141294,2025-12-12,llegó_dañado,1014030
2731,141297,2025-12-13,llegó_dañado,996880
2732,141307,2025-12-04,llegó_dañado,105840
2733,141360,2025-12-26,no_cumple_expectativas,51912
2734,141361,2025-12-18,no_cumple_expectativas,783360
2735,141373,2025-12-15,no_cumple_expectativas,281000
2736,141449,2025-12-26,llegó_dañado,209185
2737,141478,2025-12-06,talla_incorrecta,93500
2738,141487,2025-12-09,producto_defectuoso,586800
2739,141503,2025-12-25,talla_incorrecta,42960
2740,141505,2025-12-26,otro,404225
2741,141518,2025-12-26,no_cumple_expectativas,91600
2742,141539,2025-12-17,llegó_dañado,91000
2743,141542,2025-12-26,talla_incorrecta,502380
2744,141548,2025-12-24,talla_incorrecta,51440
2745,141568,2025-12-18,talla_incorrecta,97280
2746,141580,2025-12-12,talla_incorrecta,606600
2747,141582,2025-12-24,no_cumple_expectativas,78750
2748,141591,2025-12-08,talla_incorrecta,384400
2749,141605,2025-12-11,no_cumple_expectativas,60945
2750,141608,2025-12-18,no_cumple_expectativas,4646800
2751,141614,2025-12-14,talla_incorrecta,249390
2752,141615,2025-12-06,no_cumple_expectativas,126360
2753,141640,2025-12-24,no_cumple_expectativas,140000
2754,141648,2025-12-16,talla_incorrecta,45200
2755,141649,2025-12-16,no_cumple_expectativas,2227700
2756,141654,2025-12-18,producto_defectuoso,2390000
2757,141674,2025-12-07,talla_incorrecta,76200
2758,141680,2025-12-22,no_cumple_expectativas,855500
2759,141698,2025-12-17,otro,1945800
2760,141725,2025-12-26,otro,98000
2761,141756,2025-12-18,producto_defectuoso,804600
2762,141757,2025-12-18,no_cumple_expectativas,1018800
2763,141787,2025-12-07,llegó_dañado,1568352
2764,141791,2025-12-21,no_cumple_expectativas,67400
2765,141865,2025-12-22,talla_incorrecta,177500
2766,141897,2025-12-15,talla_incorrecta,90540
2767,141908,2025-12-27,no_cumple_expectativas,206720
2768,141928,2025-12-24,talla_incorrecta,139050
2769,141940,2025-12-22,producto_defectuoso,622260
2770,141954,2025-12-30,producto_defectuoso,492600
2771,141962,2025-12-29,no_cumple_expectativas,549185
2772,142007,2025-12-26,llegó_dañado,106290
2773,142025,2025-12-25,no_cumple_expectativas,1206800
2774,142037,2025-12-13,no_cumple_expectativas,222700
2775,142057,2025-12-11,talla_incorrecta,93040
2776,142070,2025-12-29,producto_defectuoso,535000
2777,142073,2025-12-15,producto_defectuoso,440400
2778,142104,2025-12-16,llegó_dañado,47700
2779,142120,2025-12-17,llegó_dañado,443190
2780,142130,2025-12-14,talla_incorrecta,265500
2781,142138,2025-12-10,producto_defectuoso,194370
2782,142141,2026-01-01,llegó_dañado,1036830
2783,142152,2025-12-18,producto_defectuoso,467730
2784,142157,2025-12-22,no_cumple_expectativas,224400
2785,142192,2025-12-16,no_cumple_expectativas,398700
2786,142194,2025-12-24,talla_incorrecta,131005
2787,142217,2025-12-19,otro,103455
2788,142244,2025-12-22,llegó_dañado,122145
2789,142261,2025-12-15,talla_incorrecta,189040
2790,142262,2025-12-18,talla_incorrecta,304470
2791,142266,2025-12-21,otro,1151020
2792,142268,2025-12-24,llegó_dañado,460200
2793,142277,2025-12-26,no_cumple_expectativas,270500
2794,142281,2025-12-13,no_cumple_expectativas,611040
2795,142288,2025-12-15,no_cumple_expectativas,476100
2796,142295,2025-12-20,llegó_dañado,281360
2797,142327,2025-12-30,producto_defectuoso,453700
2798,142333,2025-12-23,no_cumple_expectativas,5907480
2799,142348,2025-12-12,talla_incorrecta,262500
2800,142354,2025-12-14,no_cumple_expectativas,134400
2801,142385,2025-12-27,llegó_dañado,198810
2802,142464,2025-12-16,otro,206700
2803,142481,2026-01-02,producto_defectuoso,576270
2804,142484,2025-12-28,llegó_dañado,771500
2805,142487,2025-12-14,producto_defectuoso,2020800
2806,142488,2026-01-04,talla_incorrecta,131005
2807,142498,2025-12-29,talla_incorrecta,225000
2808,142502,2025-12-24,no_cumple_expectativas,822392
2809,142504,2025-12-29,no_cumple_expectativas,116500
2810,142514,2025-12-21,no_cumple_expectativas,86530
2811,142516,2025-12-28,talla_incorrecta,398304
2812,142521,2025-12-29,talla_incorrecta,193440
2813,142527,2025-12-30,llegó_dañado,128345
2814,142535,2026-01-01,talla_incorrecta,192800
2815,142542,2025-12-20,no_cumple_expectativas,430020
2816,142557,2025-12-19,talla_incorrecta,92520
2817,142588,2025-12-15,producto_defectuoso,4400685
2818,142597,2025-12-18,talla_incorrecta,43400
2819,142606,2025-12-20,llegó_dañado,2042310
2820,142612,2025-12-14,talla_incorrecta,42000
2821,142622,2025-12-17,talla_incorrecta,272650
2822,142638,2025-12-27,otro,2780730
2823,142665,2025-12-18,no_cumple_expectativas,566295
2824,142685,2025-12-16,no_cumple_expectativas,1371510
2825,142697,2025-12-20,otro,66500
2826,142707,2025-12-30,talla_incorrecta,50065
2827,142717,2026-01-04,producto_defectuoso,3530400
2828,142718,2026-01-05,no_cumple_expectativas,550145
2829,142737,2025-12-18,llegó_dañado,2111900
2830,142739,2026-01-01,otro,3673400
2831,142748,2025-12-31,llegó_dañado,331280
2832,142756,2025-12-24,llegó_dañado,160100
2833,142757,2025-12-18,no_cumple_expectativas,174705
2834,142765,2025-12-30,talla_incorrecta,538840
2835,142789,2025-12-15,producto_defectuoso,841320
2836,142790,2025-12-15,llegó_dañado,258970
2837,142805,2026-01-03,otro,1015580
2838,142817,2026-01-07,llegó_dañado,1035310
2839,142822,2025-12-23,producto_defectuoso,6337200
2840,142827,2025-12-24,talla_incorrecta,255645
2841,142861,2025-12-17,producto_defectuoso,1437792
2842,142878,2026-01-04,otro,1177335
2843,142887,2025-12-27,no_cumple_expectativas,161280
2844,142893,2025-12-20,talla_incorrecta,174700
2845,142897,2026-01-03,otro,123880
2846,142909,2026-01-07,talla_incorrecta,227035
2847,142917,2025-12-19,llegó_dañado,55632
2848,142931,2025-12-28,llegó_dañado,33600
2849,142966,2025-12-24,otro,912800
2850,142977,2025-12-23,otro,126180
2851,142987,2026-01-07,producto_defectuoso,410100
2852,142989,2025-12-24,llegó_dañado,450400
2853,142992,2025-12-19,producto_defectuoso,1583460
2854,142997,2025-12-20,no_cumple_expectativas,47520
2855,143006,2025-12-31,no_cumple_expectativas,457520
2856,143033,2025-12-19,no_cumple_expectativas,497800
2857,143043,2025-12-27,talla_incorrecta,157230
2858,143070,2025-12-25,producto_defectuoso,933000
2859,143082,2025-12-19,no_cumple_expectativas,94010
2860,143085,2026-01-05,talla_incorrecta,162545
2861,143093,2025-12-22,talla_incorrecta,161700
2862,143097,2026-01-06,no_cumple_expectativas,2169420
2863,143104,2026-01-01,otro,126600
2864,143109,2025-12-26,otro,3534720
2865,143110,2026-01-03,producto_defectuoso,455000
2866,143138,2025-12-19,no_cumple_expectativas,45630
2867,143155,2026-01-05,no_cumple_expectativas,2352000
2868,143161,2025-12-22,llegó_dañado,2232600
2869,143187,2026-01-08,no_cumple_expectativas,87360
2870,143195,2026-01-03,talla_incorrecta,228400
2871,143210,2026-01-02,no_cumple_expectativas,831100
2872,143224,2025-12-26,producto_defectuoso,46930
2873,143247,2026-01-09,llegó_dañado,124700
2874,143256,2026-01-10,llegó_dañado,1123600
2875,143272,2025-12-22,no_cumple_expectativas,519316
2876,143279,2025-12-21,producto_defectuoso,478440
2877,143283,2026-01-06,producto_defectuoso,504700
2878,143304,2025-12-31,llegó_dañado,110700
2879,143322,2025-12-30,talla_incorrecta,203065
2880,143329,2026-01-04,no_cumple_expectativas,33520
2881,143339,2025-12-20,producto_defectuoso,1353900
2882,143357,2025-12-29,producto_defectuoso,1895580
2883,143368,2026-01-08,llegó_dañado,326040
2884,143373,2026-01-11,no_cumple_expectativas,377760
2885,143378,2025-12-23,no_cumple_expectativas,116200
2886,143424,2026-01-11,producto_defectuoso,894000
2887,143456,2026-01-06,llegó_dañado,353900
2888,143460,2026-01-03,no_cumple_expectativas,1046200
2889,143532,2025-12-22,producto_defectuoso,122910
2890,143537,2025-12-28,llegó_dañado,190710
2891,143542,2026-01-01,llegó_dañado,1059750
2892,143600,2026-01-10,producto_defectuoso,1578280
2893,143608,2026-01-10,no_cumple_expectativas,219385
2894,143627,2026-01-07,talla_incorrecta,230945
2895,143633,2025-12-30,no_cumple_expectativas,588600
2896,143648,2026-01-05,no_cumple_expectativas,393800
2897,143653,2026-01-03,producto_defectuoso,2216160
2898,143672,2026-01-05,talla_incorrecta,133100
2899,143690,2025-12-25,llegó_dañado,1416525
2900,143710,2026-01-02,no_cumple_expectativas,153595
2901,143711,2026-01-05,no_cumple_expectativas,754500
2902,143726,2026-01-14,no_cumple_expectativas,757644
2903,143743,2025-12-25,talla_incorrecta,283500
2904,143746,2025-12-30,no_cumple_expectativas,515185
2905,143753,2026-01-02,producto_defectuoso,1260600
2906,143773,2026-01-07,llegó_dañado,148880
2907,143779,2025-12-27,otro,335400
2908,143791,2026-01-04,no_cumple_expectativas,992400
2909,143805,2025-12-29,no_cumple_expectativas,67260
2910,143810,2025-12-27,otro,88388
2911,143817,2025-12-24,llegó_dañado,57040
2912,143824,2026-01-06,producto_defectuoso,2121500
2913,143833,2026-01-13,talla_incorrecta,228650
2914,143838,2025-12-30,producto_defectuoso,480240
2915,143867,2025-12-26,producto_defectuoso,90600
2916,143881,2025-12-26,no_cumple_expectativas,470985
2917,143907,2026-01-10,producto_defectuoso,1298100
2918,143911,2026-01-04,otro,2311500
2919,143958,2026-01-14,talla_incorrecta,147060
2920,143961,2025-12-28,llegó_dañado,473400
2921,143979,2026-01-13,no_cumple_expectativas,156800
2922,143992,2025-12-28,no_cumple_expectativas,243000
2923,144000,2026-01-04,talla_incorrecta,180200
2924,144012,2026-01-12,talla_incorrecta,41940
2925,144044,2025-12-27,producto_defectuoso,69530
2926,144045,2026-01-14,no_cumple_expectativas,405090
2927,144066,2025-12-27,no_cumple_expectativas,275655
2928,144082,2025-12-31,no_cumple_expectativas,536180
2929,144110,2026-01-03,llegó_dañado,506350
2930,144146,2026-01-18,producto_defectuoso,556110
2931,144174,2025-12-27,otro,252400
2932,144196,2026-01-18,otro,35856
2933,144225,2025-12-29,no_cumple_expectativas,100000
2934,144232,2026-01-06,talla_incorrecta,111900
2935,144236,2026-01-10,no_cumple_expectativas,743700
2936,144272,2026-01-09,llegó_dañado,4282400
2937,144273,2026-01-04,llegó_dañado,391020
2938,144277,2026-01-09,no_cumple_expectativas,369360
2939,144287,2026-01-13,talla_incorrecta,1081600
2940,144298,2026-01-11,producto_defectuoso,1201700
2941,144302,2026-01-05,no_cumple_expectativas,66420
2942,144319,2026-01-15,producto_defectuoso,1684400
2943,144324,2025-12-30,llegó_dañado,66700
2944,144339,2026-01-04,talla_incorrecta,193268
2945,144344,2026-01-08,otro,240400
2946,144358,2025-12-30,producto_defectuoso,164610
2947,144399,2026-01-17,llegó_dañado,132500
2948,144411,2025-12-31,talla_incorrecta,189700
2949,144454,2026-01-05,no_cumple_expectativas,69000
2950,144471,2026-01-11,talla_incorrecta,80560
2951,144482,2026-01-16,llegó_dañado,58560
2952,144539,2025-12-31,no_cumple_expectativas,1018400
2953,144545,2026-01-05,producto_defectuoso,1027200
2954,144554,2026-01-06,no_cumple_expectativas,70400
2955,144571,2026-01-13,no_cumple_expectativas,1098900
2956,144574,2026-01-19,no_cumple_expectativas,132400
2957,144602,2026-01-13,producto_defectuoso,702400
2958,144617,2026-01-22,talla_incorrecta,136000
2959,144618,2026-01-16,talla_incorrecta,234612
2960,144636,2026-01-22,no_cumple_expectativas,202320
2961,144649,2026-01-20,otro,84000
2962,144673,2026-01-09,talla_incorrecta,52400
2963,144692,2026-01-12,no_cumple_expectativas,135360
2964,144702,2026-01-20,talla_incorrecta,274700
2965,144705,2026-01-06,talla_incorrecta,51200
2966,144710,2026-01-22,producto_defectuoso,705840
2967,144728,2026-01-08,otro,4076880
2968,144741,2026-01-13,producto_defectuoso,1791280
2969,144797,2026-01-19,no_cumple_expectativas,230565
2970,144805,2026-01-21,talla_incorrecta,65960
2971,144831,2026-01-15,producto_defectuoso,1153500
2972,144857,2026-01-06,llegó_dañado,1013100
2973,144881,2026-01-21,otro,342640
2974,144883,2026-01-04,talla_incorrecta,44115
2975,144917,2026-01-07,no_cumple_expectativas,471700
2976,144935,2026-01-08,no_cumple_expectativas,215136
2977,144950,2026-01-17,otro,98175
2978,144970,2026-01-08,talla_incorrecta,215280
